2026-07-04 19:23:33.982 +03:00 [DBG] An 'IServiceProvider' was created for internal use by Entity Framework.
2026-07-04 19:23:34.701 +03:00 [DBG] The index {'UserId'} was not created on entity type 'AuditLog' as the properties are already covered by the index {'UserId', 'CreatedAtUtc'}.
2026-07-04 19:23:34.707 +03:00 [DBG] The index {'RoleId'} was not created on entity type 'RolePermission' as the properties are already covered by the index {'RoleId', 'PermissionId'}.
2026-07-04 19:23:34.710 +03:00 [DBG] The index {'UserId'} was not created on entity type 'UserPermissionOverride' as the properties are already covered by the index {'UserId', 'PermissionId'}.
2026-07-04 19:23:34.714 +03:00 [DBG] The index {'UserId'} was not created on entity type 'UserRole' as the properties are already covered by the index {'UserId', 'RoleId'}.
2026-07-04 19:23:35.082 +03:00 [DBG] Entity Framework Core 8.0.8 initialized 'ApplicationDbContext' using provider 'Microsoft.EntityFrameworkCore.SqlServer:8.0.8' with options: MigrationsAssembly=SmartHorse.Infrastructure, Version=1.0.0.0, Culture=neutral, PublicKeyToken=null 
2026-07-04 19:23:35.095 +03:00 [DBG] Creating DbConnection.
2026-07-04 19:23:35.141 +03:00 [DBG] Created DbConnection. (43ms).
2026-07-04 19:23:35.147 +03:00 [DBG] Migrating using database 'SmartHorseDb' on server 'localhost\SQLEXPRESS01'.
2026-07-04 19:23:35.163 +03:00 [DBG] Opening connection to database 'SmartHorseDb' on server 'localhost\SQLEXPRESS01'.
2026-07-04 19:23:35.601 +03:00 [DBG] Opened connection to database 'SmartHorseDb' on server 'localhost\SQLEXPRESS01'.
2026-07-04 19:23:35.610 +03:00 [DBG] Creating DbCommand for 'ExecuteNonQuery'.
2026-07-04 19:23:35.619 +03:00 [DBG] Created DbCommand for 'ExecuteNonQuery' (7ms).
2026-07-04 19:23:35.623 +03:00 [DBG] Initialized DbCommand for 'ExecuteNonQuery' (14ms).
2026-07-04 19:23:35.636 +03:00 [DBG] Executing DbCommand [Parameters=[], CommandType='"Text"', CommandTimeout='30']
SELECT 1
2026-07-04 19:23:35.690 +03:00 [INF] Executed DbCommand (51ms) [Parameters=[], CommandType='"Text"', CommandTimeout='30']
SELECT 1
2026-07-04 19:23:35.699 +03:00 [DBG] Closing connection to database 'SmartHorseDb' on server 'localhost\SQLEXPRESS01'.
2026-07-04 19:23:35.709 +03:00 [DBG] Closed connection to database 'SmartHorseDb' on server 'localhost\SQLEXPRESS01' (8ms).
2026-07-04 19:23:35.718 +03:00 [DBG] Creating DbCommand for 'ExecuteScalar'.
2026-07-04 19:23:35.720 +03:00 [DBG] Created DbCommand for 'ExecuteScalar' (1ms).
2026-07-04 19:23:35.722 +03:00 [DBG] Initialized DbCommand for 'ExecuteScalar' (4ms).
2026-07-04 19:23:35.724 +03:00 [DBG] Opening connection to database 'SmartHorseDb' on server 'localhost\SQLEXPRESS01'.
2026-07-04 19:23:35.727 +03:00 [DBG] Opened connection to database 'SmartHorseDb' on server 'localhost\SQLEXPRESS01'.
2026-07-04 19:23:35.730 +03:00 [DBG] Executing DbCommand [Parameters=[], CommandType='"Text"', CommandTimeout='30']
SELECT OBJECT_ID(N'[__EFMigrationsHistory]');
2026-07-04 19:23:35.766 +03:00 [INF] Executed DbCommand (36ms) [Parameters=[], CommandType='"Text"', CommandTimeout='30']
SELECT OBJECT_ID(N'[__EFMigrationsHistory]');
2026-07-04 19:23:35.769 +03:00 [DBG] Closing connection to database 'SmartHorseDb' on server 'localhost\SQLEXPRESS01'.
2026-07-04 19:23:35.772 +03:00 [DBG] Closed connection to database 'SmartHorseDb' on server 'localhost\SQLEXPRESS01' (2ms).
2026-07-04 19:23:35.777 +03:00 [DBG] Opening connection to database 'SmartHorseDb' on server 'localhost\SQLEXPRESS01'.
2026-07-04 19:23:35.780 +03:00 [DBG] Opened connection to database 'SmartHorseDb' on server 'localhost\SQLEXPRESS01'.
2026-07-04 19:23:35.782 +03:00 [DBG] Creating DbCommand for 'ExecuteNonQuery'.
2026-07-04 19:23:35.784 +03:00 [DBG] Created DbCommand for 'ExecuteNonQuery' (2ms).
2026-07-04 19:23:35.787 +03:00 [DBG] Initialized DbCommand for 'ExecuteNonQuery' (4ms).
2026-07-04 19:23:35.789 +03:00 [DBG] Executing DbCommand [Parameters=[], CommandType='"Text"', CommandTimeout='30']
SELECT 1
2026-07-04 19:23:35.793 +03:00 [INF] Executed DbCommand (4ms) [Parameters=[], CommandType='"Text"', CommandTimeout='30']
SELECT 1
2026-07-04 19:23:35.797 +03:00 [DBG] Closing connection to database 'SmartHorseDb' on server 'localhost\SQLEXPRESS01'.
2026-07-04 19:23:35.800 +03:00 [DBG] Closed connection to database 'SmartHorseDb' on server 'localhost\SQLEXPRESS01' (2ms).
2026-07-04 19:23:35.803 +03:00 [DBG] Creating DbCommand for 'ExecuteScalar'.
2026-07-04 19:23:35.805 +03:00 [DBG] Created DbCommand for 'ExecuteScalar' (1ms).
2026-07-04 19:23:35.807 +03:00 [DBG] Initialized DbCommand for 'ExecuteScalar' (4ms).
2026-07-04 19:23:35.810 +03:00 [DBG] Opening connection to database 'SmartHorseDb' on server 'localhost\SQLEXPRESS01'.
2026-07-04 19:23:35.813 +03:00 [DBG] Opened connection to database 'SmartHorseDb' on server 'localhost\SQLEXPRESS01'.
2026-07-04 19:23:35.815 +03:00 [DBG] Executing DbCommand [Parameters=[], CommandType='"Text"', CommandTimeout='30']
SELECT OBJECT_ID(N'[__EFMigrationsHistory]');
2026-07-04 19:23:35.820 +03:00 [INF] Executed DbCommand (5ms) [Parameters=[], CommandType='"Text"', CommandTimeout='30']
SELECT OBJECT_ID(N'[__EFMigrationsHistory]');
2026-07-04 19:23:35.824 +03:00 [DBG] Closing connection to database 'SmartHorseDb' on server 'localhost\SQLEXPRESS01'.
2026-07-04 19:23:35.826 +03:00 [DBG] Closed connection to database 'SmartHorseDb' on server 'localhost\SQLEXPRESS01' (2ms).
2026-07-04 19:23:35.853 +03:00 [DBG] Opening connection to database 'SmartHorseDb' on server 'localhost\SQLEXPRESS01'.
2026-07-04 19:23:35.855 +03:00 [DBG] Opened connection to database 'SmartHorseDb' on server 'localhost\SQLEXPRESS01'.
2026-07-04 19:23:35.858 +03:00 [DBG] Creating DbCommand for 'ExecuteReader'.
2026-07-04 19:23:35.860 +03:00 [DBG] Created DbCommand for 'ExecuteReader' (2ms).
2026-07-04 19:23:35.863 +03:00 [DBG] Initialized DbCommand for 'ExecuteReader' (5ms).
2026-07-04 19:23:35.867 +03:00 [DBG] Executing DbCommand [Parameters=[], CommandType='"Text"', CommandTimeout='30']
SELECT [MigrationId], [ProductVersion]
FROM [__EFMigrationsHistory]
ORDER BY [MigrationId];
2026-07-04 19:23:35.914 +03:00 [INF] Executed DbCommand (47ms) [Parameters=[], CommandType='"Text"', CommandTimeout='30']
SELECT [MigrationId], [ProductVersion]
FROM [__EFMigrationsHistory]
ORDER BY [MigrationId];
2026-07-04 19:23:35.929 +03:00 [DBG] Closing data reader to 'SmartHorseDb' on server 'localhost\SQLEXPRESS01'.
2026-07-04 19:23:35.934 +03:00 [DBG] A data reader for 'SmartHorseDb' on server 'localhost\SQLEXPRESS01' is being disposed after spending 14ms reading results.
2026-07-04 19:23:35.938 +03:00 [DBG] Closing connection to database 'SmartHorseDb' on server 'localhost\SQLEXPRESS01'.
2026-07-04 19:23:35.941 +03:00 [DBG] Closed connection to database 'SmartHorseDb' on server 'localhost\SQLEXPRESS01' (3ms).
2026-07-04 19:23:35.972 +03:00 [INF] No migrations were applied. The database is already up to date.
2026-07-04 19:23:36.051 +03:00 [DBG] Compiling query expression: 
'DbSet<Role>()'
2026-07-04 19:23:36.407 +03:00 [DBG] Generated query execution expression: 
'queryContext => new SingleQueryingEnumerable<Role>(
    (RelationalQueryContext)queryContext, 
    RelationalCommandCache.QueryExpression(
        Projection Mapping:
            EmptyProjectionMember -> Dictionary<IProperty, int> { [Property: Role.Id (int) Required PK AfterSave:Throw ValueGenerated.OnAdd, 0], [Property: Role.Name (string) Required Index MaxLength(50), 1] }
        SELECT r.Id, r.Name
        FROM Roles AS r), 
    null, 
    Func<QueryContext, DbDataReader, ResultContext, SingleQueryResultCoordinator, Role>, 
    SmartHorse.Infrastructure.Persistence.ApplicationDbContext, 
    False, 
    False, 
    True
)'
2026-07-04 19:23:36.473 +03:00 [DBG] Opening connection to database 'SmartHorseDb' on server 'localhost\SQLEXPRESS01'.
2026-07-04 19:23:36.478 +03:00 [DBG] Opened connection to database 'SmartHorseDb' on server 'localhost\SQLEXPRESS01'.
2026-07-04 19:23:36.483 +03:00 [DBG] Creating DbCommand for 'ExecuteReader'.
2026-07-04 19:23:36.487 +03:00 [DBG] Created DbCommand for 'ExecuteReader' (3ms).
2026-07-04 19:23:36.491 +03:00 [DBG] Initialized DbCommand for 'ExecuteReader' (8ms).
2026-07-04 19:23:36.497 +03:00 [DBG] Executing DbCommand [Parameters=[], CommandType='"Text"', CommandTimeout='30']
SELECT [r].[Id], [r].[Name]
FROM [Roles] AS [r]
2026-07-04 19:23:36.526 +03:00 [INF] Executed DbCommand (29ms) [Parameters=[], CommandType='"Text"', CommandTimeout='30']
SELECT [r].[Id], [r].[Name]
FROM [Roles] AS [r]
2026-07-04 19:23:36.606 +03:00 [DBG] Context 'ApplicationDbContext' started tracking 'Role' entity. Consider using 'DbContextOptionsBuilder.EnableSensitiveDataLogging' to see key values.
2026-07-04 19:23:36.647 +03:00 [DBG] Context 'ApplicationDbContext' started tracking 'Role' entity. Consider using 'DbContextOptionsBuilder.EnableSensitiveDataLogging' to see key values.
2026-07-04 19:23:36.652 +03:00 [DBG] Context 'ApplicationDbContext' started tracking 'Role' entity. Consider using 'DbContextOptionsBuilder.EnableSensitiveDataLogging' to see key values.
2026-07-04 19:23:36.657 +03:00 [DBG] Context 'ApplicationDbContext' started tracking 'Role' entity. Consider using 'DbContextOptionsBuilder.EnableSensitiveDataLogging' to see key values.
2026-07-04 19:23:36.662 +03:00 [DBG] Context 'ApplicationDbContext' started tracking 'Role' entity. Consider using 'DbContextOptionsBuilder.EnableSensitiveDataLogging' to see key values.
2026-07-04 19:23:36.667 +03:00 [DBG] Context 'ApplicationDbContext' started tracking 'Role' entity. Consider using 'DbContextOptionsBuilder.EnableSensitiveDataLogging' to see key values.
2026-07-04 19:23:36.672 +03:00 [DBG] Closing data reader to 'SmartHorseDb' on server 'localhost\SQLEXPRESS01'.
2026-07-04 19:23:36.676 +03:00 [DBG] A data reader for 'SmartHorseDb' on server 'localhost\SQLEXPRESS01' is being disposed after spending 144ms reading results.
2026-07-04 19:23:36.682 +03:00 [DBG] Closing connection to database 'SmartHorseDb' on server 'localhost\SQLEXPRESS01'.
2026-07-04 19:23:36.687 +03:00 [DBG] Closed connection to database 'SmartHorseDb' on server 'localhost\SQLEXPRESS01' (4ms).
2026-07-04 19:23:36.697 +03:00 [DBG] DetectChanges starting for 'ApplicationDbContext'.
2026-07-04 19:23:36.731 +03:00 [DBG] DetectChanges completed for 'ApplicationDbContext'.
2026-07-04 19:23:36.741 +03:00 [DBG] SaveChanges starting for 'ApplicationDbContext'.
2026-07-04 19:23:36.744 +03:00 [DBG] DetectChanges starting for 'ApplicationDbContext'.
2026-07-04 19:23:36.748 +03:00 [DBG] DetectChanges completed for 'ApplicationDbContext'.
2026-07-04 19:23:36.763 +03:00 [DBG] SaveChanges completed for 'ApplicationDbContext' with 0 entities written to the database.
2026-07-04 19:23:36.776 +03:00 [DBG] Compiling query expression: 
'DbSet<Permission>()'
2026-07-04 19:23:36.793 +03:00 [DBG] Generated query execution expression: 
'queryContext => new SingleQueryingEnumerable<Permission>(
    (RelationalQueryContext)queryContext, 
    RelationalCommandCache.QueryExpression(
        Projection Mapping:
            EmptyProjectionMember -> Dictionary<IProperty, int> { [Property: Permission.Id (int) Required PK AfterSave:Throw ValueGenerated.OnAdd, 0], [Property: Permission.Description (string) Required MaxLength(500), 1], [Property: Permission.Key (string) Required Index MaxLength(100), 2] }
        SELECT p.Id, p.Description, p.Key
        FROM Permissions AS p), 
    null, 
    Func<QueryContext, DbDataReader, ResultContext, SingleQueryResultCoordinator, Permission>, 
    SmartHorse.Infrastructure.Persistence.ApplicationDbContext, 
    False, 
    False, 
    True
)'
2026-07-04 19:23:36.800 +03:00 [DBG] Opening connection to database 'SmartHorseDb' on server 'localhost\SQLEXPRESS01'.
2026-07-04 19:23:36.805 +03:00 [DBG] Opened connection to database 'SmartHorseDb' on server 'localhost\SQLEXPRESS01'.
2026-07-04 19:23:36.809 +03:00 [DBG] Creating DbCommand for 'ExecuteReader'.
2026-07-04 19:23:36.812 +03:00 [DBG] Created DbCommand for 'ExecuteReader' (3ms).
2026-07-04 19:23:36.817 +03:00 [DBG] Initialized DbCommand for 'ExecuteReader' (7ms).
2026-07-04 19:23:36.821 +03:00 [DBG] Executing DbCommand [Parameters=[], CommandType='"Text"', CommandTimeout='30']
SELECT [p].[Id], [p].[Description], [p].[Key]
FROM [Permissions] AS [p]
2026-07-04 19:23:36.836 +03:00 [INF] Executed DbCommand (15ms) [Parameters=[], CommandType='"Text"', CommandTimeout='30']
SELECT [p].[Id], [p].[Description], [p].[Key]
FROM [Permissions] AS [p]
2026-07-04 19:23:36.861 +03:00 [DBG] Context 'ApplicationDbContext' started tracking 'Permission' entity. Consider using 'DbContextOptionsBuilder.EnableSensitiveDataLogging' to see key values.
2026-07-04 19:23:36.881 +03:00 [DBG] Context 'ApplicationDbContext' started tracking 'Permission' entity. Consider using 'DbContextOptionsBuilder.EnableSensitiveDataLogging' to see key values.
2026-07-04 19:23:36.886 +03:00 [DBG] Context 'ApplicationDbContext' started tracking 'Permission' entity. Consider using 'DbContextOptionsBuilder.EnableSensitiveDataLogging' to see key values.
2026-07-04 19:23:36.890 +03:00 [DBG] Context 'ApplicationDbContext' started tracking 'Permission' entity. Consider using 'DbContextOptionsBuilder.EnableSensitiveDataLogging' to see key values.
2026-07-04 19:23:36.895 +03:00 [DBG] Context 'ApplicationDbContext' started tracking 'Permission' entity. Consider using 'DbContextOptionsBuilder.EnableSensitiveDataLogging' to see key values.
2026-07-04 19:23:36.902 +03:00 [DBG] Context 'ApplicationDbContext' started tracking 'Permission' entity. Consider using 'DbContextOptionsBuilder.EnableSensitiveDataLogging' to see key values.
2026-07-04 19:23:36.906 +03:00 [DBG] Closing data reader to 'SmartHorseDb' on server 'localhost\SQLEXPRESS01'.
2026-07-04 19:23:36.912 +03:00 [DBG] A data reader for 'SmartHorseDb' on server 'localhost\SQLEXPRESS01' is being disposed after spending 69ms reading results.
2026-07-04 19:23:36.919 +03:00 [DBG] Closing connection to database 'SmartHorseDb' on server 'localhost\SQLEXPRESS01'.
2026-07-04 19:23:36.924 +03:00 [DBG] Closed connection to database 'SmartHorseDb' on server 'localhost\SQLEXPRESS01' (4ms).
2026-07-04 19:23:36.931 +03:00 [DBG] DetectChanges starting for 'ApplicationDbContext'.
2026-07-04 19:23:36.946 +03:00 [DBG] DetectChanges completed for 'ApplicationDbContext'.
2026-07-04 19:23:36.951 +03:00 [DBG] SaveChanges starting for 'ApplicationDbContext'.
2026-07-04 19:23:36.954 +03:00 [DBG] DetectChanges starting for 'ApplicationDbContext'.
2026-07-04 19:23:36.957 +03:00 [DBG] DetectChanges completed for 'ApplicationDbContext'.
2026-07-04 19:23:36.960 +03:00 [DBG] SaveChanges completed for 'ApplicationDbContext' with 0 entities written to the database.
2026-07-04 19:23:36.989 +03:00 [DBG] Compiling query expression: 
'DbSet<RolePermission>()
    .Where(rp => rp.RoleId == __adminRole_Id_0)
    .Select(rp => rp.PermissionId)'
2026-07-04 19:23:37.166 +03:00 [DBG] Generated query execution expression: 
'queryContext => new SingleQueryingEnumerable<int>(
    (RelationalQueryContext)queryContext, 
    RelationalCommandCache.QueryExpression(
        Projection Mapping:
            EmptyProjectionMember -> 0
        SELECT r.PermissionId
        FROM RolePermissions AS r
        WHERE r.RoleId == @__adminRole_Id_0), 
    null, 
    Func<QueryContext, DbDataReader, ResultContext, SingleQueryResultCoordinator, int>, 
    SmartHorse.Infrastructure.Persistence.ApplicationDbContext, 
    False, 
    False, 
    True
)'
2026-07-04 19:23:37.187 +03:00 [DBG] Opening connection to database 'SmartHorseDb' on server 'localhost\SQLEXPRESS01'.
2026-07-04 19:23:37.190 +03:00 [DBG] Opened connection to database 'SmartHorseDb' on server 'localhost\SQLEXPRESS01'.
2026-07-04 19:23:37.193 +03:00 [DBG] Creating DbCommand for 'ExecuteReader'.
2026-07-04 19:23:37.194 +03:00 [DBG] Created DbCommand for 'ExecuteReader' (1ms).
2026-07-04 19:23:37.200 +03:00 [DBG] Initialized DbCommand for 'ExecuteReader' (7ms).
2026-07-04 19:23:37.207 +03:00 [DBG] Executing DbCommand [Parameters=[@__adminRole_Id_0='?' (DbType = Int32)], CommandType='"Text"', CommandTimeout='30']
SELECT [r].[PermissionId]
FROM [RolePermissions] AS [r]
WHERE [r].[RoleId] = @__adminRole_Id_0
2026-07-04 19:23:37.241 +03:00 [INF] Executed DbCommand (37ms) [Parameters=[@__adminRole_Id_0='?' (DbType = Int32)], CommandType='"Text"', CommandTimeout='30']
SELECT [r].[PermissionId]
FROM [RolePermissions] AS [r]
WHERE [r].[RoleId] = @__adminRole_Id_0
2026-07-04 19:23:37.251 +03:00 [DBG] Closing data reader to 'SmartHorseDb' on server 'localhost\SQLEXPRESS01'.
2026-07-04 19:23:37.257 +03:00 [DBG] A data reader for 'SmartHorseDb' on server 'localhost\SQLEXPRESS01' is being disposed after spending 9ms reading results.
2026-07-04 19:23:37.262 +03:00 [DBG] Closing connection to database 'SmartHorseDb' on server 'localhost\SQLEXPRESS01'.
2026-07-04 19:23:37.267 +03:00 [DBG] Closed connection to database 'SmartHorseDb' on server 'localhost\SQLEXPRESS01' (5ms).
2026-07-04 19:23:37.272 +03:00 [DBG] DetectChanges starting for 'ApplicationDbContext'.
2026-07-04 19:23:37.276 +03:00 [DBG] DetectChanges completed for 'ApplicationDbContext'.
2026-07-04 19:23:37.280 +03:00 [DBG] SaveChanges starting for 'ApplicationDbContext'.
2026-07-04 19:23:37.284 +03:00 [DBG] DetectChanges starting for 'ApplicationDbContext'.
2026-07-04 19:23:37.288 +03:00 [DBG] DetectChanges completed for 'ApplicationDbContext'.
2026-07-04 19:23:37.291 +03:00 [DBG] SaveChanges completed for 'ApplicationDbContext' with 0 entities written to the database.
2026-07-04 19:23:37.304 +03:00 [WRN] Seed:AdminEmail / Seed:AdminPassword not configured — skipping Administrator seed. Set these via environment variables or user secrets before first run.
2026-07-04 19:23:37.308 +03:00 [DBG] DetectChanges starting for 'ApplicationDbContext'.
2026-07-04 19:23:37.311 +03:00 [DBG] DetectChanges completed for 'ApplicationDbContext'.
2026-07-04 19:23:37.315 +03:00 [DBG] SaveChanges starting for 'ApplicationDbContext'.
2026-07-04 19:23:37.318 +03:00 [DBG] DetectChanges starting for 'ApplicationDbContext'.
2026-07-04 19:23:37.323 +03:00 [DBG] DetectChanges completed for 'ApplicationDbContext'.
2026-07-04 19:23:37.326 +03:00 [DBG] SaveChanges completed for 'ApplicationDbContext' with 0 entities written to the database.
2026-07-04 19:23:37.331 +03:00 [DBG] 'ApplicationDbContext' disposed.
2026-07-04 19:23:37.336 +03:00 [DBG] Disposing connection to database 'SmartHorseDb' on server 'localhost\SQLEXPRESS01'.
2026-07-04 19:23:37.340 +03:00 [DBG] Disposed connection to database '' on server '' (3ms).
2026-07-04 19:23:37.425 +03:00 [DBG] Registered model binder providers, in the following order: ["Asp.Versioning.ApiVersionModelBinderProvider","Microsoft.AspNetCore.Mvc.ModelBinding.Binders.BinderTypeModelBinderProvider","Microsoft.AspNetCore.Mvc.ModelBinding.Binders.ServicesModelBinderProvider","Microsoft.AspNetCore.Mvc.ModelBinding.Binders.BodyModelBinderProvider","Microsoft.AspNetCore.Mvc.ModelBinding.Binders.HeaderModelBinderProvider","Microsoft.AspNetCore.Mvc.ModelBinding.Binders.FloatingPointTypeModelBinderProvider","Microsoft.AspNetCore.Mvc.ModelBinding.Binders.EnumTypeModelBinderProvider","Microsoft.AspNetCore.Mvc.ModelBinding.Binders.DateTimeModelBinderProvider","Microsoft.AspNetCore.Mvc.ModelBinding.Binders.SimpleTypeModelBinderProvider","Microsoft.AspNetCore.Mvc.ModelBinding.Binders.TryParseModelBinderProvider","Microsoft.AspNetCore.Mvc.ModelBinding.Binders.CancellationTokenModelBinderProvider","Microsoft.AspNetCore.Mvc.ModelBinding.Binders.ByteArrayModelBinderProvider","Microsoft.AspNetCore.Mvc.ModelBinding.Binders.FormFileModelBinderProvider","Microsoft.AspNetCore.Mvc.ModelBinding.Binders.FormCollectionModelBinderProvider","Microsoft.AspNetCore.Mvc.ModelBinding.Binders.KeyValuePairModelBinderProvider","Microsoft.AspNetCore.Mvc.ModelBinding.Binders.DictionaryModelBinderProvider","Microsoft.AspNetCore.Mvc.ModelBinding.Binders.ArrayModelBinderProvider","Microsoft.AspNetCore.Mvc.ModelBinding.Binders.CollectionModelBinderProvider","Microsoft.AspNetCore.Mvc.ModelBinding.Binders.ComplexObjectModelBinderProvider"]
2026-07-04 19:23:37.586 +03:00 [DBG] Hosting starting
2026-07-04 19:23:37.607 +03:00 [INF] User profile is available. Using 'C:\Users\hp\AppData\Local\ASP.NET\DataProtection-Keys' as key repository and Windows DPAPI to encrypt keys at rest.
2026-07-04 19:23:37.621 +03:00 [DBG] Reading data from file 'C:\Users\hp\AppData\Local\ASP.NET\DataProtection-Keys\key-a5154c86-3fed-4f46-bc83-c0f5d1c7ea14.xml'.
2026-07-04 19:23:37.641 +03:00 [DBG] Found key {a5154c86-3fed-4f46-bc83-c0f5d1c7ea14}.
2026-07-04 19:23:37.662 +03:00 [DBG] Considering key {a5154c86-3fed-4f46-bc83-c0f5d1c7ea14} with expiration date 2026-10-01 14:32:09Z as default key.
2026-07-04 19:23:37.668 +03:00 [DBG] Forwarded activator type request from Microsoft.AspNetCore.DataProtection.XmlEncryption.DpapiXmlDecryptor, Microsoft.AspNetCore.DataProtection, Version=8.0.0.0, Culture=neutral, PublicKeyToken=adb9793829ddae60 to Microsoft.AspNetCore.DataProtection.XmlEncryption.DpapiXmlDecryptor, Microsoft.AspNetCore.DataProtection, Culture=neutral, PublicKeyToken=adb9793829ddae60
2026-07-04 19:23:37.671 +03:00 [DBG] Decrypting secret element using Windows DPAPI.
2026-07-04 19:23:37.675 +03:00 [DBG] Forwarded activator type request from Microsoft.AspNetCore.DataProtection.AuthenticatedEncryption.ConfigurationModel.AuthenticatedEncryptorDescriptorDeserializer, Microsoft.AspNetCore.DataProtection, Version=8.0.0.0, Culture=neutral, PublicKeyToken=adb9793829ddae60 to Microsoft.AspNetCore.DataProtection.AuthenticatedEncryption.ConfigurationModel.AuthenticatedEncryptorDescriptorDeserializer, Microsoft.AspNetCore.DataProtection, Culture=neutral, PublicKeyToken=adb9793829ddae60
2026-07-04 19:23:37.678 +03:00 [DBG] Opening CNG algorithm 'AES' from provider 'null' with chaining mode CBC.
2026-07-04 19:23:37.682 +03:00 [DBG] Opening CNG algorithm 'SHA256' from provider 'null' with HMAC.
2026-07-04 19:23:37.686 +03:00 [DBG] Using key {a5154c86-3fed-4f46-bc83-c0f5d1c7ea14} as the default key.
2026-07-04 19:23:37.689 +03:00 [DBG] Key ring with default key {a5154c86-3fed-4f46-bc83-c0f5d1c7ea14} was loaded during application startup.
2026-07-04 19:23:37.733 +03:00 [WRN] The WebRootPath was not found: D:\Graduation Project\SmartHorse.Backend\src\SmartHorse.API\wwwroot. Static files may be unavailable.
2026-07-04 19:23:37.942 +03:00 [INF] Now listening on: https://localhost:7080
2026-07-04 19:23:37.944 +03:00 [INF] Now listening on: http://localhost:5080
2026-07-04 19:23:37.945 +03:00 [DBG] Loaded hosting startup assembly SmartHorse.API
2026-07-04 19:23:37.947 +03:00 [INF] Application started. Press Ctrl+C to shut down.
2026-07-04 19:23:37.948 +03:00 [INF] Hosting environment: Development
2026-07-04 19:23:37.949 +03:00 [INF] Content root path: D:\Graduation Project\SmartHorse.Backend\src\SmartHorse.API
2026-07-04 19:23:37.951 +03:00 [DBG] Hosting started
2026-07-04 19:24:02.801 +03:00 [DBG] Connection id "0HNMPT2KJKVS6" accepted.
2026-07-04 19:24:02.805 +03:00 [DBG] Connection id "0HNMPT2KJKVS6" started.
2026-07-04 19:24:02.806 +03:00 [DBG] Connection id "0HNMPT2KJKVS7" accepted.
2026-07-04 19:24:02.810 +03:00 [DBG] Connection id "0HNMPT2KJKVS7" started.
2026-07-04 19:24:02.869 +03:00 [DBG] Connection id "0HNMPT2KJKVS7" received FIN.
2026-07-04 19:24:02.882 +03:00 [DBG] Connection 0HNMPT2KJKVS6 established using the following protocol: "Tls13"
2026-07-04 19:24:02.882 +03:00 [DBG] Connection 0HNMPT2KJKVS7 established using the following protocol: "Tls13"
2026-07-04 19:24:02.919 +03:00 [DBG] Connection id "0HNMPT2KJKVS7" is closed. The last processed stream ID was 0.
2026-07-04 19:24:02.922 +03:00 [DBG] Connection id "0HNMPT2KJKVS7" sending FIN because: "The Socket transport's send loop completed gracefully."
2026-07-04 19:24:02.930 +03:00 [DBG] The connection queue processing loop for 0HNMPT2KJKVS7 completed.
2026-07-04 19:24:02.938 +03:00 [DBG] Connection id "0HNMPT2KJKVS7" stopped.
2026-07-04 19:24:02.996 +03:00 [INF] Request starting HTTP/2 GET https://localhost:7080/ - null null
2026-07-04 19:24:03.008 +03:00 [DBG] Wildcard detected, all requests with hosts will be allowed.
2026-07-04 19:24:03.103 +03:00 [DBG] No candidates found for the request path '/'
2026-07-04 19:24:03.107 +03:00 [DBG] Request did not match any endpoints
2026-07-04 19:24:03.178 +03:00 [DBG] The request path  does not match the path filter
2026-07-04 19:24:03.208 +03:00 [DBG] The request path / does not match a supported file type
2026-07-04 19:24:03.265 +03:00 [DBG] AuthenticationScheme: Bearer was not authenticated.
2026-07-04 19:24:03.273 +03:00 [INF] HTTP GET / responded 404 in 151.5587 ms
2026-07-04 19:24:03.280 +03:00 [INF] Request finished HTTP/2 GET https://localhost:7080/ - 404 0 null 286.1639ms
2026-07-04 19:24:03.289 +03:00 [INF] Request reached the end of the middleware pipeline without being handled by application code. Request path: GET https://localhost:7080/, Response status code: 404
2026-07-04 19:24:46.586 +03:00 [DBG] Connection id "0HNMPT2KJKVS8" accepted.
2026-07-04 19:24:46.588 +03:00 [DBG] Connection id "0HNMPT2KJKVS8" started.
2026-07-04 19:24:46.602 +03:00 [DBG] Connection 0HNMPT2KJKVS8 established using the following protocol: "Tls13"
2026-07-04 19:24:46.606 +03:00 [INF] Request starting HTTP/2 GET https://localhost:7080/swagger/index.html - null null
2026-07-04 19:24:46.613 +03:00 [DBG] No candidates found for the request path '/swagger/index.html'
2026-07-04 19:24:46.615 +03:00 [DBG] Request did not match any endpoints
2026-07-04 19:24:46.753 +03:00 [INF] HTTP GET /swagger/index.html responded 200 in 135.6884 ms
2026-07-04 19:24:46.757 +03:00 [INF] Request finished HTTP/2 GET https://localhost:7080/swagger/index.html - 200 null text/html;charset=utf-8 150.4ms
2026-07-04 19:24:46.772 +03:00 [INF] Request starting HTTP/2 GET https://localhost:7080/swagger/index.js - null null
2026-07-04 19:24:46.779 +03:00 [DBG] No candidates found for the request path '/swagger/index.js'
2026-07-04 19:24:46.781 +03:00 [DBG] Request did not match any endpoints
2026-07-04 19:24:46.786 +03:00 [INF] HTTP GET /swagger/index.js responded 200 in 2.4194 ms
2026-07-04 19:24:46.789 +03:00 [INF] Request finished HTTP/2 GET https://localhost:7080/swagger/index.js - 200 null application/javascript;charset=utf-8 16.4888ms
2026-07-04 19:24:47.052 +03:00 [INF] Request starting HTTP/2 GET https://localhost:7080/swagger/v1/swagger.json - null null
2026-07-04 19:24:47.056 +03:00 [DBG] No candidates found for the request path '/swagger/v1/swagger.json'
2026-07-04 19:24:47.058 +03:00 [DBG] Request did not match any endpoints
2026-07-04 19:24:47.421 +03:00 [INF] HTTP GET /swagger/v1/swagger.json responded 200 in 361.8885 ms
2026-07-04 19:24:47.427 +03:00 [INF] Request finished HTTP/2 GET https://localhost:7080/swagger/v1/swagger.json - 200 null application/json;charset=utf-8 375.5292ms
2026-07-04 19:26:14.874 +03:00 [DBG] Connection id "0HNMPT2KJKVS6" is closing.
2026-07-04 19:26:14.880 +03:00 [DBG] Connection id "0HNMPT2KJKVS6" is closed. The last processed stream ID was 1.
2026-07-04 19:26:14.888 +03:00 [DBG] Connection id "0HNMPT2KJKVS6" received FIN.
2026-07-04 19:26:14.894 +03:00 [DBG] Connection id "0HNMPT2KJKVS6" sending FIN because: "The Socket transport's send loop completed gracefully."
2026-07-04 19:26:14.902 +03:00 [DBG] The connection queue processing loop for 0HNMPT2KJKVS6 completed.
2026-07-04 19:26:14.907 +03:00 [DBG] Connection id "0HNMPT2KJKVS6" stopped.
2026-07-04 19:26:58.896 +03:00 [DBG] Connection id "0HNMPT2KJKVS8" is closing.
2026-07-04 19:26:58.899 +03:00 [DBG] Connection id "0HNMPT2KJKVS8" is closed. The last processed stream ID was 5.
2026-07-04 19:26:58.905 +03:00 [DBG] Connection id "0HNMPT2KJKVS8" received FIN.
2026-07-04 19:26:58.905 +03:00 [DBG] The connection queue processing loop for 0HNMPT2KJKVS8 completed.
2026-07-04 19:26:58.908 +03:00 [DBG] Connection id "0HNMPT2KJKVS8" sending FIN because: "The Socket transport's send loop completed gracefully."
2026-07-04 19:26:58.916 +03:00 [DBG] Connection id "0HNMPT2KJKVS8" stopped.
2026-07-04 19:27:29.827 +03:00 [DBG] Connection id "0HNMPT2KJKVS9" accepted.
2026-07-04 19:27:29.829 +03:00 [DBG] Connection id "0HNMPT2KJKVS9" started.
2026-07-04 19:27:29.835 +03:00 [DBG] Connection 0HNMPT2KJKVS9 established using the following protocol: "Tls13"
2026-07-04 19:27:29.839 +03:00 [INF] Request starting HTTP/2 POST https://localhost:7080/api/v1/auth/register?api-version=1.0 - application/json 350
2026-07-04 19:27:29.873 +03:00 [DBG] 1 candidate(s) found for the request path '/api/v1/auth/register'
2026-07-04 19:27:29.877 +03:00 [DBG] Endpoint 'SmartHorse.API.Controllers.AuthController.Register (SmartHorse.API)' with route pattern 'api/v1/auth/register' is valid for the request path '/api/v1/auth/register'
2026-07-04 19:27:29.892 +03:00 [DBG] Request matched endpoint 'SmartHorse.API.Controllers.AuthController.Register (SmartHorse.API)'
2026-07-04 19:27:29.896 +03:00 [DBG] Static files was skipped as the request already matched an endpoint.
2026-07-04 19:27:29.898 +03:00 [DBG] The request has an origin header: 'https://localhost:7080'.
2026-07-04 19:27:29.902 +03:00 [INF] CORS policy execution failed.
2026-07-04 19:27:29.904 +03:00 [INF] Request origin https://localhost:7080 does not have permission to access the resource.
2026-07-04 19:27:29.910 +03:00 [DBG] Static files was skipped as the request already matched an endpoint.
2026-07-04 19:27:29.915 +03:00 [DBG] AuthenticationScheme: Bearer was not authenticated.
2026-07-04 19:27:29.920 +03:00 [INF] Executing endpoint 'SmartHorse.API.Controllers.AuthController.Register (SmartHorse.API)'
2026-07-04 19:27:29.963 +03:00 [INF] Route matched with {action = "Register", controller = "Auth"}. Executing controller action with signature System.Threading.Tasks.Task`1[Microsoft.AspNetCore.Mvc.ActionResult`1[SmartHorse.Application.Auth.DTOs.AuthResponseDto]] Register(SmartHorse.Application.Auth.Commands.Register.RegisterCommand, System.Threading.CancellationToken) on controller SmartHorse.API.Controllers.AuthController (SmartHorse.API).
2026-07-04 19:27:29.972 +03:00 [DBG] Execution plan of authorization filters (in the following order): ["None"]
2026-07-04 19:27:29.976 +03:00 [DBG] Execution plan of resource filters (in the following order): ["None"]
2026-07-04 19:27:29.980 +03:00 [DBG] Execution plan of action filters (in the following order): ["Microsoft.AspNetCore.Mvc.ModelBinding.UnsupportedContentTypeFilter (Order: -3000)","Microsoft.AspNetCore.Mvc.Infrastructure.ModelStateInvalidFilter (Order: -2000)","Asp.Versioning.ReportApiVersionsAttribute (Order: 0)"]
2026-07-04 19:27:29.984 +03:00 [DBG] Execution plan of exception filters (in the following order): ["None"]
2026-07-04 19:27:29.988 +03:00 [DBG] Execution plan of result filters (in the following order): ["Microsoft.AspNetCore.Mvc.Infrastructure.ClientErrorResultFilter (Order: -2000)","SmartHorse.API.Common.ApiResponseWrapperFilter","Asp.Versioning.ReportApiVersionsAttribute (Order: 0)","Microsoft.AspNetCore.Mvc.ProducesAttribute (Order: 0)"]
2026-07-04 19:27:29.998 +03:00 [DBG] Executing controller factory for controller SmartHorse.API.Controllers.AuthController (SmartHorse.API)
2026-07-04 19:27:30.003 +03:00 [DBG] Executed controller factory for controller SmartHorse.API.Controllers.AuthController (SmartHorse.API)
2026-07-04 19:27:30.016 +03:00 [DBG] Attempting to bind parameter 'command' of type 'SmartHorse.Application.Auth.Commands.Register.RegisterCommand' ...
2026-07-04 19:27:30.024 +03:00 [DBG] Attempting to bind parameter 'command' of type 'SmartHorse.Application.Auth.Commands.Register.RegisterCommand' using the name '' in request data ...
2026-07-04 19:27:30.029 +03:00 [DBG] Selected input formatter 'Microsoft.AspNetCore.Mvc.Formatters.SystemTextJsonInputFormatter' for content type 'application/json'.
2026-07-04 19:27:30.050 +03:00 [DBG] Connection id "0HNMPT2KJKVS9", Request id "0HNMPT2KJKVS9:00000001": started reading request body.
2026-07-04 19:27:30.054 +03:00 [DBG] Connection id "0HNMPT2KJKVS9", Request id "0HNMPT2KJKVS9:00000001": done reading request body.
2026-07-04 19:27:30.072 +03:00 [DBG] JSON input formatter threw an exception: '{' is invalid after a single JSON value. Expected end of data. Path: $ | LineNumber: 8 | BytePositionInLine: 0.
2026-07-04 19:27:30.075 +03:00 [DBG] Done attempting to bind parameter 'command' of type 'SmartHorse.Application.Auth.Commands.Register.RegisterCommand'.
2026-07-04 19:27:30.078 +03:00 [DBG] Done attempting to bind parameter 'command' of type 'SmartHorse.Application.Auth.Commands.Register.RegisterCommand'.
2026-07-04 19:27:30.080 +03:00 [DBG] Attempting to validate the bound parameter 'command' of type 'SmartHorse.Application.Auth.Commands.Register.RegisterCommand' ...
2026-07-04 19:27:30.093 +03:00 [DBG] Done attempting to validate the bound parameter 'command' of type 'SmartHorse.Application.Auth.Commands.Register.RegisterCommand'.
2026-07-04 19:27:30.099 +03:00 [DBG] Attempting to bind parameter 'cancellationToken' of type 'System.Threading.CancellationToken' ...
2026-07-04 19:27:30.103 +03:00 [DBG] Done attempting to bind parameter 'cancellationToken' of type 'System.Threading.CancellationToken'.
2026-07-04 19:27:30.106 +03:00 [DBG] Attempting to validate the bound parameter 'cancellationToken' of type 'System.Threading.CancellationToken' ...
2026-07-04 19:27:30.111 +03:00 [DBG] Done attempting to validate the bound parameter 'cancellationToken' of type 'System.Threading.CancellationToken'.
2026-07-04 19:27:30.115 +03:00 [DBG] The request has model state errors, returning an error response.
2026-07-04 19:27:30.119 +03:00 [DBG] Request was short circuited at action filter 'Microsoft.AspNetCore.Mvc.Infrastructure.ModelStateInvalidFilter'.
2026-07-04 19:27:30.130 +03:00 [DBG] List of registered output formatters, in the following order: ["Microsoft.AspNetCore.Mvc.Formatters.HttpNoContentOutputFormatter","Microsoft.AspNetCore.Mvc.Formatters.StringOutputFormatter","Microsoft.AspNetCore.Mvc.Formatters.StreamOutputFormatter","Microsoft.AspNetCore.Mvc.Formatters.SystemTextJsonOutputFormatter"]
2026-07-04 19:27:30.139 +03:00 [DBG] Attempting to select an output formatter based on Accept header '["application/json"]' and explicitly specified content types '["application/json","application/problem+json","application/problem+xml"]'. The content types in the accept header must be a subset of the explicitly set content types.
2026-07-04 19:27:30.148 +03:00 [DBG] Selected output formatter 'Microsoft.AspNetCore.Mvc.Formatters.SystemTextJsonOutputFormatter' and content type 'application/json' to write the response.
2026-07-04 19:27:30.152 +03:00 [INF] Executing BadRequestObjectResult, writing value of type 'Microsoft.AspNetCore.Mvc.ValidationProblemDetails'.
2026-07-04 19:27:30.207 +03:00 [INF] Executed action SmartHorse.API.Controllers.AuthController.Register (SmartHorse.API) in 207.6689ms
2026-07-04 19:27:30.211 +03:00 [INF] Executed endpoint 'SmartHorse.API.Controllers.AuthController.Register (SmartHorse.API)'
2026-07-04 19:27:30.214 +03:00 [INF] HTTP POST /api/v1/auth/register responded 400 in 318.0344 ms
2026-07-04 19:27:30.217 +03:00 [INF] Request finished HTTP/2 POST https://localhost:7080/api/v1/auth/register?api-version=1.0 - 400 null application/json; charset=utf-8 378.3064ms
2026-07-04 19:27:33.281 +03:00 [INF] Request starting HTTP/2 POST https://localhost:7080/api/v1/auth/register?api-version=1.0 - application/json 350
2026-07-04 19:27:33.289 +03:00 [DBG] 1 candidate(s) found for the request path '/api/v1/auth/register'
2026-07-04 19:27:33.291 +03:00 [DBG] Endpoint 'SmartHorse.API.Controllers.AuthController.Register (SmartHorse.API)' with route pattern 'api/v1/auth/register' is valid for the request path '/api/v1/auth/register'
2026-07-04 19:27:33.294 +03:00 [DBG] Request matched endpoint 'SmartHorse.API.Controllers.AuthController.Register (SmartHorse.API)'
2026-07-04 19:27:33.297 +03:00 [DBG] Static files was skipped as the request already matched an endpoint.
2026-07-04 19:27:33.300 +03:00 [DBG] The request has an origin header: 'https://localhost:7080'.
2026-07-04 19:27:33.303 +03:00 [INF] CORS policy execution failed.
2026-07-04 19:27:33.305 +03:00 [INF] Request origin https://localhost:7080 does not have permission to access the resource.
2026-07-04 19:27:33.308 +03:00 [DBG] Static files was skipped as the request already matched an endpoint.
2026-07-04 19:27:33.315 +03:00 [DBG] AuthenticationScheme: Bearer was not authenticated.
2026-07-04 19:27:33.318 +03:00 [INF] Executing endpoint 'SmartHorse.API.Controllers.AuthController.Register (SmartHorse.API)'
2026-07-04 19:27:33.320 +03:00 [INF] Route matched with {action = "Register", controller = "Auth"}. Executing controller action with signature System.Threading.Tasks.Task`1[Microsoft.AspNetCore.Mvc.ActionResult`1[SmartHorse.Application.Auth.DTOs.AuthResponseDto]] Register(SmartHorse.Application.Auth.Commands.Register.RegisterCommand, System.Threading.CancellationToken) on controller SmartHorse.API.Controllers.AuthController (SmartHorse.API).
2026-07-04 19:27:33.325 +03:00 [DBG] Execution plan of authorization filters (in the following order): ["None"]
2026-07-04 19:27:33.328 +03:00 [DBG] Execution plan of resource filters (in the following order): ["None"]
2026-07-04 19:27:33.332 +03:00 [DBG] Execution plan of action filters (in the following order): ["Microsoft.AspNetCore.Mvc.ModelBinding.UnsupportedContentTypeFilter (Order: -3000)","Microsoft.AspNetCore.Mvc.Infrastructure.ModelStateInvalidFilter (Order: -2000)","Asp.Versioning.ReportApiVersionsAttribute (Order: 0)"]
2026-07-04 19:27:33.336 +03:00 [DBG] Execution plan of exception filters (in the following order): ["None"]
2026-07-04 19:27:33.339 +03:00 [DBG] Execution plan of result filters (in the following order): ["Microsoft.AspNetCore.Mvc.Infrastructure.ClientErrorResultFilter (Order: -2000)","SmartHorse.API.Common.ApiResponseWrapperFilter","Asp.Versioning.ReportApiVersionsAttribute (Order: 0)","Microsoft.AspNetCore.Mvc.ProducesAttribute (Order: 0)"]
2026-07-04 19:27:33.343 +03:00 [DBG] Executing controller factory for controller SmartHorse.API.Controllers.AuthController (SmartHorse.API)
2026-07-04 19:27:33.347 +03:00 [DBG] Executed controller factory for controller SmartHorse.API.Controllers.AuthController (SmartHorse.API)
2026-07-04 19:27:33.350 +03:00 [DBG] Attempting to bind parameter 'command' of type 'SmartHorse.Application.Auth.Commands.Register.RegisterCommand' ...
2026-07-04 19:27:33.354 +03:00 [DBG] Attempting to bind parameter 'command' of type 'SmartHorse.Application.Auth.Commands.Register.RegisterCommand' using the name '' in request data ...
2026-07-04 19:27:33.359 +03:00 [DBG] Selected input formatter 'Microsoft.AspNetCore.Mvc.Formatters.SystemTextJsonInputFormatter' for content type 'application/json'.
2026-07-04 19:27:33.363 +03:00 [DBG] Connection id "0HNMPT2KJKVS9", Request id "0HNMPT2KJKVS9:00000003": started reading request body.
2026-07-04 19:27:33.367 +03:00 [DBG] Connection id "0HNMPT2KJKVS9", Request id "0HNMPT2KJKVS9:00000003": done reading request body.
2026-07-04 19:27:33.370 +03:00 [DBG] JSON input formatter threw an exception: '{' is invalid after a single JSON value. Expected end of data. Path: $ | LineNumber: 8 | BytePositionInLine: 0.
2026-07-04 19:27:33.373 +03:00 [DBG] Done attempting to bind parameter 'command' of type 'SmartHorse.Application.Auth.Commands.Register.RegisterCommand'.
2026-07-04 19:27:33.376 +03:00 [DBG] Done attempting to bind parameter 'command' of type 'SmartHorse.Application.Auth.Commands.Register.RegisterCommand'.
2026-07-04 19:27:33.379 +03:00 [DBG] Attempting to validate the bound parameter 'command' of type 'SmartHorse.Application.Auth.Commands.Register.RegisterCommand' ...
2026-07-04 19:27:33.383 +03:00 [DBG] Done attempting to validate the bound parameter 'command' of type 'SmartHorse.Application.Auth.Commands.Register.RegisterCommand'.
2026-07-04 19:27:33.387 +03:00 [DBG] Attempting to bind parameter 'cancellationToken' of type 'System.Threading.CancellationToken' ...
2026-07-04 19:27:33.390 +03:00 [DBG] Done attempting to bind parameter 'cancellationToken' of type 'System.Threading.CancellationToken'.
2026-07-04 19:27:33.394 +03:00 [DBG] Attempting to validate the bound parameter 'cancellationToken' of type 'System.Threading.CancellationToken' ...
2026-07-04 19:27:33.397 +03:00 [DBG] Done attempting to validate the bound parameter 'cancellationToken' of type 'System.Threading.CancellationToken'.
2026-07-04 19:27:33.401 +03:00 [DBG] The request has model state errors, returning an error response.
2026-07-04 19:27:33.403 +03:00 [DBG] Request was short circuited at action filter 'Microsoft.AspNetCore.Mvc.Infrastructure.ModelStateInvalidFilter'.
2026-07-04 19:27:33.406 +03:00 [DBG] List of registered output formatters, in the following order: ["Microsoft.AspNetCore.Mvc.Formatters.HttpNoContentOutputFormatter","Microsoft.AspNetCore.Mvc.Formatters.StringOutputFormatter","Microsoft.AspNetCore.Mvc.Formatters.StreamOutputFormatter","Microsoft.AspNetCore.Mvc.Formatters.SystemTextJsonOutputFormatter"]
2026-07-04 19:27:33.411 +03:00 [DBG] Attempting to select an output formatter based on Accept header '["application/json"]' and explicitly specified content types '["application/json","application/problem+json","application/problem+xml"]'. The content types in the accept header must be a subset of the explicitly set content types.
2026-07-04 19:27:33.415 +03:00 [DBG] Selected output formatter 'Microsoft.AspNetCore.Mvc.Formatters.SystemTextJsonOutputFormatter' and content type 'application/json' to write the response.
2026-07-04 19:27:33.418 +03:00 [INF] Executing BadRequestObjectResult, writing value of type 'Microsoft.AspNetCore.Mvc.ValidationProblemDetails'.
2026-07-04 19:27:33.422 +03:00 [INF] Executed action SmartHorse.API.Controllers.AuthController.Register (SmartHorse.API) in 79.1498ms
2026-07-04 19:27:33.426 +03:00 [INF] Executed endpoint 'SmartHorse.API.Controllers.AuthController.Register (SmartHorse.API)'
2026-07-04 19:27:33.429 +03:00 [INF] HTTP POST /api/v1/auth/register responded 400 in 131.5596 ms
2026-07-04 19:27:33.433 +03:00 [INF] Request finished HTTP/2 POST https://localhost:7080/api/v1/auth/register?api-version=1.0 - 400 null application/json; charset=utf-8 151.9543ms
2026-07-04 19:27:38.448 +03:00 [INF] Request starting HTTP/2 GET https://localhost:7080/ - null null
2026-07-04 19:27:38.452 +03:00 [DBG] No candidates found for the request path '/'
2026-07-04 19:27:38.454 +03:00 [DBG] Request did not match any endpoints
2026-07-04 19:27:38.455 +03:00 [DBG] The request path  does not match the path filter
2026-07-04 19:27:38.458 +03:00 [DBG] The request path / does not match a supported file type
2026-07-04 19:27:38.459 +03:00 [DBG] AuthenticationScheme: Bearer was not authenticated.
2026-07-04 19:27:38.461 +03:00 [INF] HTTP GET / responded 404 in 6.1878 ms
2026-07-04 19:27:38.465 +03:00 [INF] Request finished HTTP/2 GET https://localhost:7080/ - 404 0 null 17.4408ms
2026-07-04 19:27:38.470 +03:00 [INF] Request reached the end of the middleware pipeline without being handled by application code. Request path: GET https://localhost:7080/, Response status code: 404
2026-07-04 19:27:39.401 +03:00 [INF] Request starting HTTP/2 GET https://localhost:7080/ - null null
2026-07-04 19:27:39.408 +03:00 [DBG] No candidates found for the request path '/'
2026-07-04 19:27:39.410 +03:00 [DBG] Request did not match any endpoints
2026-07-04 19:27:39.412 +03:00 [DBG] The request path  does not match the path filter
2026-07-04 19:27:39.414 +03:00 [DBG] The request path / does not match a supported file type
2026-07-04 19:27:39.416 +03:00 [DBG] AuthenticationScheme: Bearer was not authenticated.
2026-07-04 19:27:39.418 +03:00 [INF] HTTP GET / responded 404 in 5.7420 ms
2026-07-04 19:27:39.421 +03:00 [INF] Request finished HTTP/2 GET https://localhost:7080/ - 404 0 null 19.9047ms
2026-07-04 19:27:39.426 +03:00 [INF] Request reached the end of the middleware pipeline without being handled by application code. Request path: GET https://localhost:7080/, Response status code: 404
2026-07-04 19:27:39.571 +03:00 [INF] Request starting HTTP/2 GET https://localhost:7080/ - null null
2026-07-04 19:27:39.579 +03:00 [DBG] No candidates found for the request path '/'
2026-07-04 19:27:39.582 +03:00 [DBG] Request did not match any endpoints
2026-07-04 19:27:39.584 +03:00 [DBG] The request path  does not match the path filter
2026-07-04 19:27:39.587 +03:00 [DBG] The request path / does not match a supported file type
2026-07-04 19:27:39.591 +03:00 [DBG] AuthenticationScheme: Bearer was not authenticated.
2026-07-04 19:27:39.594 +03:00 [INF] HTTP GET / responded 404 in 9.9967 ms
2026-07-04 19:27:39.600 +03:00 [INF] Request finished HTTP/2 GET https://localhost:7080/ - 404 0 null 29.063ms
2026-07-04 19:27:39.609 +03:00 [INF] Request reached the end of the middleware pipeline without being handled by application code. Request path: GET https://localhost:7080/, Response status code: 404
2026-07-04 19:27:39.788 +03:00 [INF] Request starting HTTP/2 GET https://localhost:7080/ - null null
2026-07-04 19:27:39.797 +03:00 [DBG] No candidates found for the request path '/'
2026-07-04 19:27:39.800 +03:00 [DBG] Request did not match any endpoints
2026-07-04 19:27:39.803 +03:00 [DBG] The request path  does not match the path filter
2026-07-04 19:27:39.806 +03:00 [DBG] The request path / does not match a supported file type
2026-07-04 19:27:39.809 +03:00 [DBG] AuthenticationScheme: Bearer was not authenticated.
2026-07-04 19:27:39.813 +03:00 [INF] HTTP GET / responded 404 in 9.9521 ms
2026-07-04 19:27:39.819 +03:00 [INF] Request finished HTTP/2 GET https://localhost:7080/ - 404 0 null 30.6619ms
2026-07-04 19:27:39.828 +03:00 [INF] Request reached the end of the middleware pipeline without being handled by application code. Request path: GET https://localhost:7080/, Response status code: 404
2026-07-04 19:29:03.262 +03:00 [INF] Request starting HTTP/2 POST https://localhost:7080/api/v1/auth/register?api-version=1.0 - application/json 159
2026-07-04 19:29:03.265 +03:00 [DBG] 1 candidate(s) found for the request path '/api/v1/auth/register'
2026-07-04 19:29:03.267 +03:00 [DBG] Endpoint 'SmartHorse.API.Controllers.AuthController.Register (SmartHorse.API)' with route pattern 'api/v1/auth/register' is valid for the request path '/api/v1/auth/register'
2026-07-04 19:29:03.269 +03:00 [DBG] Request matched endpoint 'SmartHorse.API.Controllers.AuthController.Register (SmartHorse.API)'
2026-07-04 19:29:03.271 +03:00 [DBG] Static files was skipped as the request already matched an endpoint.
2026-07-04 19:29:03.272 +03:00 [DBG] The request has an origin header: 'https://localhost:7080'.
2026-07-04 19:29:03.273 +03:00 [INF] CORS policy execution failed.
2026-07-04 19:29:03.275 +03:00 [INF] Request origin https://localhost:7080 does not have permission to access the resource.
2026-07-04 19:29:03.278 +03:00 [DBG] Static files was skipped as the request already matched an endpoint.
2026-07-04 19:29:03.281 +03:00 [DBG] AuthenticationScheme: Bearer was not authenticated.
2026-07-04 19:29:03.283 +03:00 [INF] Executing endpoint 'SmartHorse.API.Controllers.AuthController.Register (SmartHorse.API)'
2026-07-04 19:29:03.286 +03:00 [INF] Route matched with {action = "Register", controller = "Auth"}. Executing controller action with signature System.Threading.Tasks.Task`1[Microsoft.AspNetCore.Mvc.ActionResult`1[SmartHorse.Application.Auth.DTOs.AuthResponseDto]] Register(SmartHorse.Application.Auth.Commands.Register.RegisterCommand, System.Threading.CancellationToken) on controller SmartHorse.API.Controllers.AuthController (SmartHorse.API).
2026-07-04 19:29:03.290 +03:00 [DBG] Execution plan of authorization filters (in the following order): ["None"]
2026-07-04 19:29:03.293 +03:00 [DBG] Execution plan of resource filters (in the following order): ["None"]
2026-07-04 19:29:03.296 +03:00 [DBG] Execution plan of action filters (in the following order): ["Microsoft.AspNetCore.Mvc.ModelBinding.UnsupportedContentTypeFilter (Order: -3000)","Microsoft.AspNetCore.Mvc.Infrastructure.ModelStateInvalidFilter (Order: -2000)","Asp.Versioning.ReportApiVersionsAttribute (Order: 0)"]
2026-07-04 19:29:03.300 +03:00 [DBG] Execution plan of exception filters (in the following order): ["None"]
2026-07-04 19:29:03.304 +03:00 [DBG] Execution plan of result filters (in the following order): ["Microsoft.AspNetCore.Mvc.Infrastructure.ClientErrorResultFilter (Order: -2000)","SmartHorse.API.Common.ApiResponseWrapperFilter","Asp.Versioning.ReportApiVersionsAttribute (Order: 0)","Microsoft.AspNetCore.Mvc.ProducesAttribute (Order: 0)"]
2026-07-04 19:29:03.308 +03:00 [DBG] Executing controller factory for controller SmartHorse.API.Controllers.AuthController (SmartHorse.API)
2026-07-04 19:29:03.312 +03:00 [DBG] Executed controller factory for controller SmartHorse.API.Controllers.AuthController (SmartHorse.API)
2026-07-04 19:29:03.314 +03:00 [DBG] Attempting to bind parameter 'command' of type 'SmartHorse.Application.Auth.Commands.Register.RegisterCommand' ...
2026-07-04 19:29:03.317 +03:00 [DBG] Attempting to bind parameter 'command' of type 'SmartHorse.Application.Auth.Commands.Register.RegisterCommand' using the name '' in request data ...
2026-07-04 19:29:03.321 +03:00 [DBG] Selected input formatter 'Microsoft.AspNetCore.Mvc.Formatters.SystemTextJsonInputFormatter' for content type 'application/json'.
2026-07-04 19:29:03.325 +03:00 [DBG] Connection id "0HNMPT2KJKVS9", Request id "0HNMPT2KJKVS9:0000000D": started reading request body.
2026-07-04 19:29:03.329 +03:00 [DBG] Connection id "0HNMPT2KJKVS9", Request id "0HNMPT2KJKVS9:0000000D": done reading request body.
2026-07-04 19:29:03.332 +03:00 [DBG] JSON input formatter succeeded, deserializing to type 'SmartHorse.Application.Auth.Commands.Register.RegisterCommand'
2026-07-04 19:29:03.336 +03:00 [DBG] Done attempting to bind parameter 'command' of type 'SmartHorse.Application.Auth.Commands.Register.RegisterCommand'.
2026-07-04 19:29:03.339 +03:00 [DBG] Done attempting to bind parameter 'command' of type 'SmartHorse.Application.Auth.Commands.Register.RegisterCommand'.
2026-07-04 19:29:03.342 +03:00 [DBG] Attempting to validate the bound parameter 'command' of type 'SmartHorse.Application.Auth.Commands.Register.RegisterCommand' ...
2026-07-04 19:29:03.352 +03:00 [DBG] Done attempting to validate the bound parameter 'command' of type 'SmartHorse.Application.Auth.Commands.Register.RegisterCommand'.
2026-07-04 19:29:03.355 +03:00 [DBG] Attempting to bind parameter 'cancellationToken' of type 'System.Threading.CancellationToken' ...
2026-07-04 19:29:03.359 +03:00 [DBG] Done attempting to bind parameter 'cancellationToken' of type 'System.Threading.CancellationToken'.
2026-07-04 19:29:03.362 +03:00 [DBG] Attempting to validate the bound parameter 'cancellationToken' of type 'System.Threading.CancellationToken' ...
2026-07-04 19:29:03.365 +03:00 [DBG] Done attempting to validate the bound parameter 'cancellationToken' of type 'System.Threading.CancellationToken'.
2026-07-04 19:29:03.471 +03:00 [INF] Executed action SmartHorse.API.Controllers.AuthController.Register (SmartHorse.API) in 162.7333ms
2026-07-04 19:29:03.476 +03:00 [INF] Executed endpoint 'SmartHorse.API.Controllers.AuthController.Register (SmartHorse.API)'
2026-07-04 19:29:03.480 +03:00 [ERR] HTTP POST /api/v1/auth/register responded 500 in 209.4199 ms
SmartHorse.Domain.Exceptions.ValidationException: One or more validation errors occurred.
   at SmartHorse.Application.Common.Behaviors.ValidationBehavior`2.Handle(TRequest request, RequestHandlerDelegate`1 next, CancellationToken cancellationToken) in D:\Graduation Project\SmartHorse.Backend\src\SmartHorse.Application\Common\Behaviors\ValidationBehavior.cs:line 51
   at SmartHorse.API.Controllers.AuthController.Register(RegisterCommand command, CancellationToken cancellationToken) in D:\Graduation Project\SmartHorse.Backend\src\SmartHorse.API\Controllers\AuthController.cs:line 53
   at lambda_method109(Closure, Object)
   at Microsoft.AspNetCore.Mvc.Infrastructure.ActionMethodExecutor.AwaitableObjectResultExecutor.Execute(ActionContext actionContext, IActionResultTypeMapper mapper, ObjectMethodExecutor executor, Object controller, Object[] arguments)
   at Microsoft.AspNetCore.Mvc.Infrastructure.ControllerActionInvoker.<InvokeActionMethodAsync>g__Awaited|12_0(ControllerActionInvoker invoker, ValueTask`1 actionResultValueTask)
   at Microsoft.AspNetCore.Mvc.Infrastructure.ControllerActionInvoker.<InvokeNextActionFilterAsync>g__Awaited|10_0(ControllerActionInvoker invoker, Task lastTask, State next, Scope scope, Object state, Boolean isCompleted)
   at Microsoft.AspNetCore.Mvc.Infrastructure.ControllerActionInvoker.Rethrow(ActionExecutedContextSealed context)
   at Microsoft.AspNetCore.Mvc.Infrastructure.ControllerActionInvoker.Next(State& next, Scope& scope, Object& state, Boolean& isCompleted)
   at Microsoft.AspNetCore.Mvc.Infrastructure.ControllerActionInvoker.InvokeInnerFilterAsync()
--- End of stack trace from previous location ---
   at Microsoft.AspNetCore.Mvc.Infrastructure.ResourceInvoker.<InvokeFilterPipelineAsync>g__Awaited|20_0(ResourceInvoker invoker, Task lastTask, State next, Scope scope, Object state, Boolean isCompleted)
   at Microsoft.AspNetCore.Mvc.Infrastructure.ResourceInvoker.<InvokeAsync>g__Logged|17_1(ResourceInvoker invoker)
   at Microsoft.AspNetCore.Mvc.Infrastructure.ResourceInvoker.<InvokeAsync>g__Logged|17_1(ResourceInvoker invoker)
   at Microsoft.AspNetCore.Routing.EndpointMiddleware.<Invoke>g__AwaitRequestTask|7_0(Endpoint endpoint, Task requestTask, ILogger logger)
   at Microsoft.AspNetCore.Authorization.AuthorizationMiddleware.Invoke(HttpContext context)
   at Microsoft.AspNetCore.Authentication.AuthenticationMiddleware.Invoke(HttpContext context)
   at Microsoft.AspNetCore.RateLimiting.RateLimitingMiddleware.InvokeInternal(HttpContext context, EnableRateLimitingAttribute enableRateLimitingAttribute)
   at Swashbuckle.AspNetCore.SwaggerUI.SwaggerUIMiddleware.Invoke(HttpContext httpContext)
   at Swashbuckle.AspNetCore.Swagger.SwaggerMiddleware.Invoke(HttpContext httpContext, ISwaggerProvider swaggerProvider)
   at Serilog.AspNetCore.RequestLoggingMiddleware.Invoke(HttpContext httpContext)
2026-07-04 19:29:03.522 +03:00 [WRN] ValidationException handled for POST /api/v1/auth/register: One or more validation errors occurred.
2026-07-04 19:29:03.547 +03:00 [INF] Request finished HTTP/2 POST https://localhost:7080/api/v1/auth/register?api-version=1.0 - 400 null application/problem+json 285.2637ms
2026-07-04 19:29:10.458 +03:00 [INF] Request starting HTTP/2 POST https://localhost:7080/api/v1/auth/register?api-version=1.0 - application/json 159
2026-07-04 19:29:10.463 +03:00 [DBG] 1 candidate(s) found for the request path '/api/v1/auth/register'
2026-07-04 19:29:10.465 +03:00 [DBG] Endpoint 'SmartHorse.API.Controllers.AuthController.Register (SmartHorse.API)' with route pattern 'api/v1/auth/register' is valid for the request path '/api/v1/auth/register'
2026-07-04 19:29:10.469 +03:00 [DBG] Request matched endpoint 'SmartHorse.API.Controllers.AuthController.Register (SmartHorse.API)'
2026-07-04 19:29:10.470 +03:00 [DBG] Static files was skipped as the request already matched an endpoint.
2026-07-04 19:29:10.473 +03:00 [DBG] The request has an origin header: 'https://localhost:7080'.
2026-07-04 19:29:10.475 +03:00 [INF] CORS policy execution failed.
2026-07-04 19:29:10.477 +03:00 [INF] Request origin https://localhost:7080 does not have permission to access the resource.
2026-07-04 19:29:10.480 +03:00 [DBG] Static files was skipped as the request already matched an endpoint.
2026-07-04 19:29:10.481 +03:00 [DBG] AuthenticationScheme: Bearer was not authenticated.
2026-07-04 19:29:10.484 +03:00 [INF] Executing endpoint 'SmartHorse.API.Controllers.AuthController.Register (SmartHorse.API)'
2026-07-04 19:29:10.486 +03:00 [INF] Route matched with {action = "Register", controller = "Auth"}. Executing controller action with signature System.Threading.Tasks.Task`1[Microsoft.AspNetCore.Mvc.ActionResult`1[SmartHorse.Application.Auth.DTOs.AuthResponseDto]] Register(SmartHorse.Application.Auth.Commands.Register.RegisterCommand, System.Threading.CancellationToken) on controller SmartHorse.API.Controllers.AuthController (SmartHorse.API).
2026-07-04 19:29:10.490 +03:00 [DBG] Execution plan of authorization filters (in the following order): ["None"]
2026-07-04 19:29:10.493 +03:00 [DBG] Execution plan of resource filters (in the following order): ["None"]
2026-07-04 19:29:10.495 +03:00 [DBG] Execution plan of action filters (in the following order): ["Microsoft.AspNetCore.Mvc.ModelBinding.UnsupportedContentTypeFilter (Order: -3000)","Microsoft.AspNetCore.Mvc.Infrastructure.ModelStateInvalidFilter (Order: -2000)","Asp.Versioning.ReportApiVersionsAttribute (Order: 0)"]
2026-07-04 19:29:10.501 +03:00 [DBG] Execution plan of exception filters (in the following order): ["None"]
2026-07-04 19:29:10.505 +03:00 [DBG] Execution plan of result filters (in the following order): ["Microsoft.AspNetCore.Mvc.Infrastructure.ClientErrorResultFilter (Order: -2000)","SmartHorse.API.Common.ApiResponseWrapperFilter","Asp.Versioning.ReportApiVersionsAttribute (Order: 0)","Microsoft.AspNetCore.Mvc.ProducesAttribute (Order: 0)"]
2026-07-04 19:29:10.510 +03:00 [DBG] Executing controller factory for controller SmartHorse.API.Controllers.AuthController (SmartHorse.API)
2026-07-04 19:29:10.513 +03:00 [DBG] Executed controller factory for controller SmartHorse.API.Controllers.AuthController (SmartHorse.API)
2026-07-04 19:29:10.515 +03:00 [DBG] Attempting to bind parameter 'command' of type 'SmartHorse.Application.Auth.Commands.Register.RegisterCommand' ...
2026-07-04 19:29:10.517 +03:00 [DBG] Attempting to bind parameter 'command' of type 'SmartHorse.Application.Auth.Commands.Register.RegisterCommand' using the name '' in request data ...
2026-07-04 19:29:10.520 +03:00 [DBG] Selected input formatter 'Microsoft.AspNetCore.Mvc.Formatters.SystemTextJsonInputFormatter' for content type 'application/json'.
2026-07-04 19:29:10.522 +03:00 [DBG] Connection id "0HNMPT2KJKVS9", Request id "0HNMPT2KJKVS9:0000000F": started reading request body.
2026-07-04 19:29:10.526 +03:00 [DBG] Connection id "0HNMPT2KJKVS9", Request id "0HNMPT2KJKVS9:0000000F": done reading request body.
2026-07-04 19:29:10.529 +03:00 [DBG] JSON input formatter succeeded, deserializing to type 'SmartHorse.Application.Auth.Commands.Register.RegisterCommand'
2026-07-04 19:29:10.532 +03:00 [DBG] Done attempting to bind parameter 'command' of type 'SmartHorse.Application.Auth.Commands.Register.RegisterCommand'.
2026-07-04 19:29:10.535 +03:00 [DBG] Done attempting to bind parameter 'command' of type 'SmartHorse.Application.Auth.Commands.Register.RegisterCommand'.
2026-07-04 19:29:10.538 +03:00 [DBG] Attempting to validate the bound parameter 'command' of type 'SmartHorse.Application.Auth.Commands.Register.RegisterCommand' ...
2026-07-04 19:29:10.543 +03:00 [DBG] Done attempting to validate the bound parameter 'command' of type 'SmartHorse.Application.Auth.Commands.Register.RegisterCommand'.
2026-07-04 19:29:10.547 +03:00 [DBG] Attempting to bind parameter 'cancellationToken' of type 'System.Threading.CancellationToken' ...
2026-07-04 19:29:10.551 +03:00 [DBG] Done attempting to bind parameter 'cancellationToken' of type 'System.Threading.CancellationToken'.
2026-07-04 19:29:10.556 +03:00 [DBG] Attempting to validate the bound parameter 'cancellationToken' of type 'System.Threading.CancellationToken' ...
2026-07-04 19:29:10.560 +03:00 [DBG] Done attempting to validate the bound parameter 'cancellationToken' of type 'System.Threading.CancellationToken'.
2026-07-04 19:29:10.568 +03:00 [INF] Executed action SmartHorse.API.Controllers.AuthController.Register (SmartHorse.API) in 57.8161ms
2026-07-04 19:29:10.573 +03:00 [INF] Executed endpoint 'SmartHorse.API.Controllers.AuthController.Register (SmartHorse.API)'
2026-07-04 19:29:10.576 +03:00 [ERR] HTTP POST /api/v1/auth/register responded 500 in 105.9903 ms
SmartHorse.Domain.Exceptions.ValidationException: One or more validation errors occurred.
   at SmartHorse.Application.Common.Behaviors.ValidationBehavior`2.Handle(TRequest request, RequestHandlerDelegate`1 next, CancellationToken cancellationToken) in D:\Graduation Project\SmartHorse.Backend\src\SmartHorse.Application\Common\Behaviors\ValidationBehavior.cs:line 51
   at SmartHorse.API.Controllers.AuthController.Register(RegisterCommand command, CancellationToken cancellationToken) in D:\Graduation Project\SmartHorse.Backend\src\SmartHorse.API\Controllers\AuthController.cs:line 53
   at lambda_method109(Closure, Object)
   at Microsoft.AspNetCore.Mvc.Infrastructure.ActionMethodExecutor.AwaitableObjectResultExecutor.Execute(ActionContext actionContext, IActionResultTypeMapper mapper, ObjectMethodExecutor executor, Object controller, Object[] arguments)
   at Microsoft.AspNetCore.Mvc.Infrastructure.ControllerActionInvoker.<InvokeActionMethodAsync>g__Awaited|12_0(ControllerActionInvoker invoker, ValueTask`1 actionResultValueTask)
   at Microsoft.AspNetCore.Mvc.Infrastructure.ControllerActionInvoker.<InvokeNextActionFilterAsync>g__Awaited|10_0(ControllerActionInvoker invoker, Task lastTask, State next, Scope scope, Object state, Boolean isCompleted)
   at Microsoft.AspNetCore.Mvc.Infrastructure.ControllerActionInvoker.Rethrow(ActionExecutedContextSealed context)
   at Microsoft.AspNetCore.Mvc.Infrastructure.ControllerActionInvoker.Next(State& next, Scope& scope, Object& state, Boolean& isCompleted)
   at Microsoft.AspNetCore.Mvc.Infrastructure.ControllerActionInvoker.InvokeInnerFilterAsync()
--- End of stack trace from previous location ---
   at Microsoft.AspNetCore.Mvc.Infrastructure.ResourceInvoker.<InvokeFilterPipelineAsync>g__Awaited|20_0(ResourceInvoker invoker, Task lastTask, State next, Scope scope, Object state, Boolean isCompleted)
   at Microsoft.AspNetCore.Mvc.Infrastructure.ResourceInvoker.<InvokeAsync>g__Logged|17_1(ResourceInvoker invoker)
   at Microsoft.AspNetCore.Mvc.Infrastructure.ResourceInvoker.<InvokeAsync>g__Logged|17_1(ResourceInvoker invoker)
   at Microsoft.AspNetCore.Routing.EndpointMiddleware.<Invoke>g__AwaitRequestTask|7_0(Endpoint endpoint, Task requestTask, ILogger logger)
   at Microsoft.AspNetCore.Authorization.AuthorizationMiddleware.Invoke(HttpContext context)
   at Microsoft.AspNetCore.Authentication.AuthenticationMiddleware.Invoke(HttpContext context)
   at Microsoft.AspNetCore.RateLimiting.RateLimitingMiddleware.InvokeInternal(HttpContext context, EnableRateLimitingAttribute enableRateLimitingAttribute)
   at Swashbuckle.AspNetCore.SwaggerUI.SwaggerUIMiddleware.Invoke(HttpContext httpContext)
   at Swashbuckle.AspNetCore.Swagger.SwaggerMiddleware.Invoke(HttpContext httpContext, ISwaggerProvider swaggerProvider)
   at Serilog.AspNetCore.RequestLoggingMiddleware.Invoke(HttpContext httpContext)
2026-07-04 19:29:10.599 +03:00 [WRN] ValidationException handled for POST /api/v1/auth/register: One or more validation errors occurred.
2026-07-04 19:29:10.605 +03:00 [INF] Request finished HTTP/2 POST https://localhost:7080/api/v1/auth/register?api-version=1.0 - 400 null application/problem+json 147.1458ms
2026-07-04 19:29:48.275 +03:00 [INF] Request starting HTTP/2 GET https://localhost:7080/ - null null
2026-07-04 19:29:48.281 +03:00 [DBG] No candidates found for the request path '/'
2026-07-04 19:29:48.283 +03:00 [DBG] Request did not match any endpoints
2026-07-04 19:29:48.285 +03:00 [DBG] The request path  does not match the path filter
2026-07-04 19:29:48.287 +03:00 [DBG] The request path / does not match a supported file type
2026-07-04 19:29:48.289 +03:00 [DBG] AuthenticationScheme: Bearer was not authenticated.
2026-07-04 19:29:48.291 +03:00 [INF] HTTP GET / responded 404 in 5.7666 ms
2026-07-04 19:29:48.294 +03:00 [INF] Request finished HTTP/2 GET https://localhost:7080/ - 404 0 null 19.0175ms
2026-07-04 19:29:48.298 +03:00 [INF] Request reached the end of the middleware pipeline without being handled by application code. Request path: GET https://localhost:7080/, Response status code: 404
2026-07-04 19:29:50.632 +03:00 [INF] Request starting HTTP/2 GET https://localhost:7080/ - null null
2026-07-04 19:29:50.640 +03:00 [DBG] No candidates found for the request path '/'
2026-07-04 19:29:50.643 +03:00 [DBG] Request did not match any endpoints
2026-07-04 19:29:50.645 +03:00 [DBG] The request path  does not match the path filter
2026-07-04 19:29:50.648 +03:00 [DBG] The request path / does not match a supported file type
2026-07-04 19:29:50.652 +03:00 [DBG] AuthenticationScheme: Bearer was not authenticated.
2026-07-04 19:29:50.654 +03:00 [INF] HTTP GET / responded 404 in 8.9155 ms
2026-07-04 19:29:50.658 +03:00 [INF] Request finished HTTP/2 GET https://localhost:7080/ - 404 0 null 25.33ms
2026-07-04 19:29:50.664 +03:00 [INF] Request reached the end of the middleware pipeline without being handled by application code. Request path: GET https://localhost:7080/, Response status code: 404
2026-07-04 19:29:57.363 +03:00 [DBG] Connection id "0HNMPT2KJKVSA" accepted.
2026-07-04 19:29:57.369 +03:00 [DBG] Connection id "0HNMPT2KJKVSA" started.
2026-07-04 19:29:57.378 +03:00 [DBG] Connection 0HNMPT2KJKVSA established using the following protocol: "Tls13"
2026-07-04 19:29:57.382 +03:00 [INF] Request starting HTTP/2 GET https://localhost:7080/ - null null
2026-07-04 19:29:57.388 +03:00 [DBG] No candidates found for the request path '/'
2026-07-04 19:29:57.390 +03:00 [DBG] Request did not match any endpoints
2026-07-04 19:29:57.391 +03:00 [DBG] The request path  does not match the path filter
2026-07-04 19:29:57.393 +03:00 [DBG] The request path / does not match a supported file type
2026-07-04 19:29:57.395 +03:00 [DBG] AuthenticationScheme: Bearer was not authenticated.
2026-07-04 19:29:57.396 +03:00 [INF] HTTP GET / responded 404 in 4.9952 ms
2026-07-04 19:29:57.399 +03:00 [INF] Request finished HTTP/2 GET https://localhost:7080/ - 404 0 null 16.8531ms
2026-07-04 19:29:57.404 +03:00 [INF] Request reached the end of the middleware pipeline without being handled by application code. Request path: GET https://localhost:7080/, Response status code: 404
2026-07-04 19:29:58.015 +03:00 [INF] Request starting HTTP/2 GET https://localhost:7080/ - null null
2026-07-04 19:29:58.023 +03:00 [DBG] No candidates found for the request path '/'
2026-07-04 19:29:58.026 +03:00 [DBG] Request did not match any endpoints
2026-07-04 19:29:58.028 +03:00 [DBG] The request path  does not match the path filter
2026-07-04 19:29:58.030 +03:00 [DBG] The request path / does not match a supported file type
2026-07-04 19:29:58.033 +03:00 [DBG] AuthenticationScheme: Bearer was not authenticated.
2026-07-04 19:29:58.035 +03:00 [INF] HTTP GET / responded 404 in 6.6060 ms
2026-07-04 19:29:58.038 +03:00 [INF] Request finished HTTP/2 GET https://localhost:7080/ - 404 0 null 23.0343ms
2026-07-04 19:29:58.044 +03:00 [INF] Request reached the end of the middleware pipeline without being handled by application code. Request path: GET https://localhost:7080/, Response status code: 404
2026-07-04 19:29:58.159 +03:00 [INF] Request starting HTTP/2 GET https://localhost:7080/ - null null
2026-07-04 19:29:58.166 +03:00 [DBG] No candidates found for the request path '/'
2026-07-04 19:29:58.170 +03:00 [DBG] Request did not match any endpoints
2026-07-04 19:29:58.173 +03:00 [DBG] The request path  does not match the path filter
2026-07-04 19:29:58.176 +03:00 [DBG] The request path / does not match a supported file type
2026-07-04 19:29:58.179 +03:00 [DBG] AuthenticationScheme: Bearer was not authenticated.
2026-07-04 19:29:58.181 +03:00 [INF] HTTP GET / responded 404 in 8.0650 ms
2026-07-04 19:29:58.187 +03:00 [INF] Request finished HTTP/2 GET https://localhost:7080/ - 404 0 null 27.7811ms
2026-07-04 19:29:58.196 +03:00 [INF] Request reached the end of the middleware pipeline without being handled by application code. Request path: GET https://localhost:7080/, Response status code: 404
2026-07-04 19:29:58.320 +03:00 [INF] Request starting HTTP/2 GET https://localhost:7080/ - null null
2026-07-04 19:29:58.328 +03:00 [DBG] No candidates found for the request path '/'
2026-07-04 19:29:58.331 +03:00 [DBG] Request did not match any endpoints
2026-07-04 19:29:58.333 +03:00 [DBG] The request path  does not match the path filter
2026-07-04 19:29:58.337 +03:00 [DBG] The request path / does not match a supported file type
2026-07-04 19:29:58.340 +03:00 [DBG] AuthenticationScheme: Bearer was not authenticated.
2026-07-04 19:29:58.343 +03:00 [INF] HTTP GET / responded 404 in 10.1610 ms
2026-07-04 19:29:58.348 +03:00 [INF] Request finished HTTP/2 GET https://localhost:7080/ - 404 0 null 28.133ms
2026-07-04 19:29:58.358 +03:00 [INF] Request reached the end of the middleware pipeline without being handled by application code. Request path: GET https://localhost:7080/, Response status code: 404
2026-07-04 19:29:58.456 +03:00 [INF] Request starting HTTP/2 GET https://localhost:7080/ - null null
2026-07-04 19:29:58.464 +03:00 [DBG] No candidates found for the request path '/'
2026-07-04 19:29:58.467 +03:00 [DBG] Request did not match any endpoints
2026-07-04 19:29:58.470 +03:00 [DBG] The request path  does not match the path filter
2026-07-04 19:29:58.474 +03:00 [DBG] The request path / does not match a supported file type
2026-07-04 19:29:58.477 +03:00 [DBG] AuthenticationScheme: Bearer was not authenticated.
2026-07-04 19:29:58.480 +03:00 [INF] HTTP GET / responded 404 in 10.1523 ms
2026-07-04 19:29:58.486 +03:00 [INF] Request finished HTTP/2 GET https://localhost:7080/ - 404 0 null 29.8405ms
2026-07-04 19:29:58.495 +03:00 [INF] Request reached the end of the middleware pipeline without being handled by application code. Request path: GET https://localhost:7080/, Response status code: 404
2026-07-04 19:29:58.616 +03:00 [INF] Request starting HTTP/2 GET https://localhost:7080/ - null null
2026-07-04 19:29:58.623 +03:00 [DBG] No candidates found for the request path '/'
2026-07-04 19:29:58.627 +03:00 [DBG] Request did not match any endpoints
2026-07-04 19:29:58.629 +03:00 [DBG] The request path  does not match the path filter
2026-07-04 19:29:58.633 +03:00 [DBG] The request path / does not match a supported file type
2026-07-04 19:29:58.636 +03:00 [DBG] AuthenticationScheme: Bearer was not authenticated.
2026-07-04 19:29:58.640 +03:00 [INF] HTTP GET / responded 404 in 10.7937 ms
2026-07-04 19:29:58.645 +03:00 [INF] Request finished HTTP/2 GET https://localhost:7080/ - 404 0 null 29.4307ms
2026-07-04 19:29:58.654 +03:00 [INF] Request reached the end of the middleware pipeline without being handled by application code. Request path: GET https://localhost:7080/, Response status code: 404
2026-07-04 19:29:58.832 +03:00 [INF] Request starting HTTP/2 GET https://localhost:7080/ - null null
2026-07-04 19:29:58.841 +03:00 [DBG] No candidates found for the request path '/'
2026-07-04 19:29:58.844 +03:00 [DBG] Request did not match any endpoints
2026-07-04 19:29:58.846 +03:00 [DBG] The request path  does not match the path filter
2026-07-04 19:29:58.850 +03:00 [DBG] The request path / does not match a supported file type
2026-07-04 19:29:58.853 +03:00 [DBG] AuthenticationScheme: Bearer was not authenticated.
2026-07-04 19:29:58.857 +03:00 [INF] HTTP GET / responded 404 in 10.2793 ms
2026-07-04 19:29:58.861 +03:00 [INF] Request finished HTTP/2 GET https://localhost:7080/ - 404 0 null 28.9967ms
2026-07-04 19:29:58.871 +03:00 [INF] Request reached the end of the middleware pipeline without being handled by application code. Request path: GET https://localhost:7080/, Response status code: 404
2026-07-04 19:30:01.979 +03:00 [INF] Request starting HTTP/2 GET https://localhost:7080/ - null null
2026-07-04 19:30:01.984 +03:00 [DBG] No candidates found for the request path '/'
2026-07-04 19:30:01.986 +03:00 [DBG] Request did not match any endpoints
2026-07-04 19:30:01.988 +03:00 [DBG] The request path  does not match the path filter
2026-07-04 19:30:01.990 +03:00 [DBG] The request path / does not match a supported file type
2026-07-04 19:30:01.992 +03:00 [DBG] AuthenticationScheme: Bearer was not authenticated.
2026-07-04 19:30:01.993 +03:00 [INF] HTTP GET / responded 404 in 5.2448 ms
2026-07-04 19:30:01.996 +03:00 [INF] Request finished HTTP/2 GET https://localhost:7080/ - 404 0 null 17.0469ms
2026-07-04 19:30:02.001 +03:00 [INF] Request reached the end of the middleware pipeline without being handled by application code. Request path: GET https://localhost:7080/, Response status code: 404
2026-07-04 19:30:02.650 +03:00 [INF] Request starting HTTP/2 GET https://localhost:7080/ - null null
2026-07-04 19:30:02.655 +03:00 [DBG] No candidates found for the request path '/'
2026-07-04 19:30:02.657 +03:00 [DBG] Request did not match any endpoints
2026-07-04 19:30:02.659 +03:00 [DBG] The request path  does not match the path filter
2026-07-04 19:30:02.660 +03:00 [DBG] The request path / does not match a supported file type
2026-07-04 19:30:02.662 +03:00 [DBG] AuthenticationScheme: Bearer was not authenticated.
2026-07-04 19:30:02.663 +03:00 [INF] HTTP GET / responded 404 in 4.5782 ms
2026-07-04 19:30:02.666 +03:00 [INF] Request finished HTTP/2 GET https://localhost:7080/ - 404 0 null 15.9353ms
2026-07-04 19:30:02.671 +03:00 [INF] Request reached the end of the middleware pipeline without being handled by application code. Request path: GET https://localhost:7080/, Response status code: 404
2026-07-04 19:30:02.948 +03:00 [INF] Request starting HTTP/2 GET https://localhost:7080/ - null null
2026-07-04 19:30:02.955 +03:00 [DBG] No candidates found for the request path '/'
2026-07-04 19:30:02.958 +03:00 [DBG] Request did not match any endpoints
2026-07-04 19:30:02.959 +03:00 [DBG] The request path  does not match the path filter
2026-07-04 19:30:02.962 +03:00 [DBG] The request path / does not match a supported file type
2026-07-04 19:30:02.964 +03:00 [DBG] AuthenticationScheme: Bearer was not authenticated.
2026-07-04 19:30:02.966 +03:00 [INF] HTTP GET / responded 404 in 7.1142 ms
2026-07-04 19:30:02.970 +03:00 [INF] Request finished HTTP/2 GET https://localhost:7080/ - 404 0 null 22.1566ms
2026-07-04 19:30:02.976 +03:00 [INF] Request reached the end of the middleware pipeline without being handled by application code. Request path: GET https://localhost:7080/, Response status code: 404
2026-07-04 19:30:03.243 +03:00 [INF] Request starting HTTP/2 GET https://localhost:7080/ - null null
2026-07-04 19:30:03.251 +03:00 [DBG] No candidates found for the request path '/'
2026-07-04 19:30:03.255 +03:00 [DBG] Request did not match any endpoints
2026-07-04 19:30:03.258 +03:00 [DBG] The request path  does not match the path filter
2026-07-04 19:30:03.260 +03:00 [DBG] The request path / does not match a supported file type
2026-07-04 19:30:03.263 +03:00 [DBG] AuthenticationScheme: Bearer was not authenticated.
2026-07-04 19:30:03.266 +03:00 [INF] HTTP GET / responded 404 in 8.0157 ms
2026-07-04 19:30:03.271 +03:00 [INF] Request finished HTTP/2 GET https://localhost:7080/ - 404 0 null 27.8881ms
2026-07-04 19:30:03.281 +03:00 [INF] Request reached the end of the middleware pipeline without being handled by application code. Request path: GET https://localhost:7080/, Response status code: 404
2026-07-04 19:30:03.624 +03:00 [INF] Request starting HTTP/2 GET https://localhost:7080/ - null null
2026-07-04 19:30:03.631 +03:00 [DBG] No candidates found for the request path '/'
2026-07-04 19:30:03.633 +03:00 [DBG] Request did not match any endpoints
2026-07-04 19:30:03.635 +03:00 [DBG] The request path  does not match the path filter
2026-07-04 19:30:03.638 +03:00 [DBG] The request path / does not match a supported file type
2026-07-04 19:30:03.640 +03:00 [DBG] AuthenticationScheme: Bearer was not authenticated.
2026-07-04 19:30:03.642 +03:00 [INF] HTTP GET / responded 404 in 6.8966 ms
2026-07-04 19:30:03.645 +03:00 [INF] Request finished HTTP/2 GET https://localhost:7080/ - 404 0 null 21.0656ms
2026-07-04 19:30:03.650 +03:00 [INF] Request reached the end of the middleware pipeline without being handled by application code. Request path: GET https://localhost:7080/, Response status code: 404
2026-07-04 19:31:35.141 +03:00 [INF] Request starting HTTP/2 POST https://localhost:7080/api/v1/auth/register?api-version=1.0 - application/json 192
2026-07-04 19:31:35.145 +03:00 [DBG] 1 candidate(s) found for the request path '/api/v1/auth/register'
2026-07-04 19:31:35.147 +03:00 [DBG] Endpoint 'SmartHorse.API.Controllers.AuthController.Register (SmartHorse.API)' with route pattern 'api/v1/auth/register' is valid for the request path '/api/v1/auth/register'
2026-07-04 19:31:35.150 +03:00 [DBG] Request matched endpoint 'SmartHorse.API.Controllers.AuthController.Register (SmartHorse.API)'
2026-07-04 19:31:35.152 +03:00 [DBG] Static files was skipped as the request already matched an endpoint.
2026-07-04 19:31:35.153 +03:00 [DBG] The request has an origin header: 'https://localhost:7080'.
2026-07-04 19:31:35.156 +03:00 [INF] CORS policy execution failed.
2026-07-04 19:31:35.165 +03:00 [INF] Request origin https://localhost:7080 does not have permission to access the resource.
2026-07-04 19:31:35.168 +03:00 [DBG] Static files was skipped as the request already matched an endpoint.
2026-07-04 19:31:35.171 +03:00 [DBG] AuthenticationScheme: Bearer was not authenticated.
2026-07-04 19:31:35.173 +03:00 [INF] Executing endpoint 'SmartHorse.API.Controllers.AuthController.Register (SmartHorse.API)'
2026-07-04 19:31:35.176 +03:00 [INF] Route matched with {action = "Register", controller = "Auth"}. Executing controller action with signature System.Threading.Tasks.Task`1[Microsoft.AspNetCore.Mvc.ActionResult`1[SmartHorse.Application.Auth.DTOs.AuthResponseDto]] Register(SmartHorse.Application.Auth.Commands.Register.RegisterCommand, System.Threading.CancellationToken) on controller SmartHorse.API.Controllers.AuthController (SmartHorse.API).
2026-07-04 19:31:35.180 +03:00 [DBG] Execution plan of authorization filters (in the following order): ["None"]
2026-07-04 19:31:35.183 +03:00 [DBG] Execution plan of resource filters (in the following order): ["None"]
2026-07-04 19:31:35.187 +03:00 [DBG] Execution plan of action filters (in the following order): ["Microsoft.AspNetCore.Mvc.ModelBinding.UnsupportedContentTypeFilter (Order: -3000)","Microsoft.AspNetCore.Mvc.Infrastructure.ModelStateInvalidFilter (Order: -2000)","Asp.Versioning.ReportApiVersionsAttribute (Order: 0)"]
2026-07-04 19:31:35.191 +03:00 [DBG] Execution plan of exception filters (in the following order): ["None"]
2026-07-04 19:31:35.194 +03:00 [DBG] Execution plan of result filters (in the following order): ["Microsoft.AspNetCore.Mvc.Infrastructure.ClientErrorResultFilter (Order: -2000)","SmartHorse.API.Common.ApiResponseWrapperFilter","Asp.Versioning.ReportApiVersionsAttribute (Order: 0)","Microsoft.AspNetCore.Mvc.ProducesAttribute (Order: 0)"]
2026-07-04 19:31:35.198 +03:00 [DBG] Executing controller factory for controller SmartHorse.API.Controllers.AuthController (SmartHorse.API)
2026-07-04 19:31:35.201 +03:00 [DBG] Executed controller factory for controller SmartHorse.API.Controllers.AuthController (SmartHorse.API)
2026-07-04 19:31:35.204 +03:00 [DBG] Attempting to bind parameter 'command' of type 'SmartHorse.Application.Auth.Commands.Register.RegisterCommand' ...
2026-07-04 19:31:35.208 +03:00 [DBG] Attempting to bind parameter 'command' of type 'SmartHorse.Application.Auth.Commands.Register.RegisterCommand' using the name '' in request data ...
2026-07-04 19:31:35.212 +03:00 [DBG] Selected input formatter 'Microsoft.AspNetCore.Mvc.Formatters.SystemTextJsonInputFormatter' for content type 'application/json'.
2026-07-04 19:31:35.216 +03:00 [DBG] Connection id "0HNMPT2KJKVS9", Request id "0HNMPT2KJKVS9:00000015": started reading request body.
2026-07-04 19:31:35.220 +03:00 [DBG] Connection id "0HNMPT2KJKVS9", Request id "0HNMPT2KJKVS9:00000015": done reading request body.
2026-07-04 19:31:35.222 +03:00 [DBG] JSON input formatter succeeded, deserializing to type 'SmartHorse.Application.Auth.Commands.Register.RegisterCommand'
2026-07-04 19:31:35.225 +03:00 [DBG] Done attempting to bind parameter 'command' of type 'SmartHorse.Application.Auth.Commands.Register.RegisterCommand'.
2026-07-04 19:31:35.228 +03:00 [DBG] Done attempting to bind parameter 'command' of type 'SmartHorse.Application.Auth.Commands.Register.RegisterCommand'.
2026-07-04 19:31:35.231 +03:00 [DBG] Attempting to validate the bound parameter 'command' of type 'SmartHorse.Application.Auth.Commands.Register.RegisterCommand' ...
2026-07-04 19:31:35.233 +03:00 [DBG] Done attempting to validate the bound parameter 'command' of type 'SmartHorse.Application.Auth.Commands.Register.RegisterCommand'.
2026-07-04 19:31:35.235 +03:00 [DBG] Attempting to bind parameter 'cancellationToken' of type 'System.Threading.CancellationToken' ...
2026-07-04 19:31:35.237 +03:00 [DBG] Done attempting to bind parameter 'cancellationToken' of type 'System.Threading.CancellationToken'.
2026-07-04 19:31:35.239 +03:00 [DBG] Attempting to validate the bound parameter 'cancellationToken' of type 'System.Threading.CancellationToken' ...
2026-07-04 19:31:35.241 +03:00 [DBG] Done attempting to validate the bound parameter 'cancellationToken' of type 'System.Threading.CancellationToken'.
2026-07-04 19:31:35.247 +03:00 [INF] Executed action SmartHorse.API.Controllers.AuthController.Register (SmartHorse.API) in 48.2206ms
2026-07-04 19:31:35.250 +03:00 [INF] Executed endpoint 'SmartHorse.API.Controllers.AuthController.Register (SmartHorse.API)'
2026-07-04 19:31:35.253 +03:00 [ERR] HTTP POST /api/v1/auth/register responded 500 in 100.9680 ms
SmartHorse.Domain.Exceptions.ValidationException: One or more validation errors occurred.
   at SmartHorse.Application.Common.Behaviors.ValidationBehavior`2.Handle(TRequest request, RequestHandlerDelegate`1 next, CancellationToken cancellationToken) in D:\Graduation Project\SmartHorse.Backend\src\SmartHorse.Application\Common\Behaviors\ValidationBehavior.cs:line 51
   at SmartHorse.API.Controllers.AuthController.Register(RegisterCommand command, CancellationToken cancellationToken) in D:\Graduation Project\SmartHorse.Backend\src\SmartHorse.API\Controllers\AuthController.cs:line 53
   at lambda_method109(Closure, Object)
   at Microsoft.AspNetCore.Mvc.Infrastructure.ActionMethodExecutor.AwaitableObjectResultExecutor.Execute(ActionContext actionContext, IActionResultTypeMapper mapper, ObjectMethodExecutor executor, Object controller, Object[] arguments)
   at Microsoft.AspNetCore.Mvc.Infrastructure.ControllerActionInvoker.<InvokeActionMethodAsync>g__Awaited|12_0(ControllerActionInvoker invoker, ValueTask`1 actionResultValueTask)
   at Microsoft.AspNetCore.Mvc.Infrastructure.ControllerActionInvoker.<InvokeNextActionFilterAsync>g__Awaited|10_0(ControllerActionInvoker invoker, Task lastTask, State next, Scope scope, Object state, Boolean isCompleted)
   at Microsoft.AspNetCore.Mvc.Infrastructure.ControllerActionInvoker.Rethrow(ActionExecutedContextSealed context)
   at Microsoft.AspNetCore.Mvc.Infrastructure.ControllerActionInvoker.Next(State& next, Scope& scope, Object& state, Boolean& isCompleted)
   at Microsoft.AspNetCore.Mvc.Infrastructure.ControllerActionInvoker.InvokeInnerFilterAsync()
--- End of stack trace from previous location ---
   at Microsoft.AspNetCore.Mvc.Infrastructure.ResourceInvoker.<InvokeFilterPipelineAsync>g__Awaited|20_0(ResourceInvoker invoker, Task lastTask, State next, Scope scope, Object state, Boolean isCompleted)
   at Microsoft.AspNetCore.Mvc.Infrastructure.ResourceInvoker.<InvokeAsync>g__Logged|17_1(ResourceInvoker invoker)
   at Microsoft.AspNetCore.Mvc.Infrastructure.ResourceInvoker.<InvokeAsync>g__Logged|17_1(ResourceInvoker invoker)
   at Microsoft.AspNetCore.Routing.EndpointMiddleware.<Invoke>g__AwaitRequestTask|7_0(Endpoint endpoint, Task requestTask, ILogger logger)
   at Microsoft.AspNetCore.Authorization.AuthorizationMiddleware.Invoke(HttpContext context)
   at Microsoft.AspNetCore.Authentication.AuthenticationMiddleware.Invoke(HttpContext context)
   at Microsoft.AspNetCore.RateLimiting.RateLimitingMiddleware.InvokeInternal(HttpContext context, EnableRateLimitingAttribute enableRateLimitingAttribute)
   at Swashbuckle.AspNetCore.SwaggerUI.SwaggerUIMiddleware.Invoke(HttpContext httpContext)
   at Swashbuckle.AspNetCore.Swagger.SwaggerMiddleware.Invoke(HttpContext httpContext, ISwaggerProvider swaggerProvider)
   at Serilog.AspNetCore.RequestLoggingMiddleware.Invoke(HttpContext httpContext)
2026-07-04 19:31:35.265 +03:00 [WRN] ValidationException handled for POST /api/v1/auth/register: One or more validation errors occurred.
2026-07-04 19:31:35.268 +03:00 [INF] Request finished HTTP/2 POST https://localhost:7080/api/v1/auth/register?api-version=1.0 - 400 null application/problem+json 126.8421ms
2026-07-04 19:32:15.063 +03:00 [DBG] Connection id "0HNMPT2KJKVSA" is closing.
2026-07-04 19:32:15.065 +03:00 [DBG] Connection id "0HNMPT2KJKVSA" is closed. The last processed stream ID was 23.
2026-07-04 19:32:15.067 +03:00 [DBG] Connection id "0HNMPT2KJKVSA" received FIN.
2026-07-04 19:32:15.067 +03:00 [DBG] The connection queue processing loop for 0HNMPT2KJKVSA completed.
2026-07-04 19:32:15.069 +03:00 [DBG] Connection id "0HNMPT2KJKVSA" sending FIN because: "The Socket transport's send loop completed gracefully."
2026-07-04 19:32:15.074 +03:00 [DBG] Connection id "0HNMPT2KJKVSA" stopped.
2026-07-04 19:33:11.856 +03:00 [INF] Request starting HTTP/2 POST https://localhost:7080/api/v1/auth/register?api-version=1.0 - application/json 193
2026-07-04 19:33:11.859 +03:00 [DBG] 1 candidate(s) found for the request path '/api/v1/auth/register'
2026-07-04 19:33:11.861 +03:00 [DBG] Endpoint 'SmartHorse.API.Controllers.AuthController.Register (SmartHorse.API)' with route pattern 'api/v1/auth/register' is valid for the request path '/api/v1/auth/register'
2026-07-04 19:33:11.864 +03:00 [DBG] Request matched endpoint 'SmartHorse.API.Controllers.AuthController.Register (SmartHorse.API)'
2026-07-04 19:33:11.866 +03:00 [DBG] Static files was skipped as the request already matched an endpoint.
2026-07-04 19:33:11.867 +03:00 [DBG] The request has an origin header: 'https://localhost:7080'.
2026-07-04 19:33:11.869 +03:00 [INF] CORS policy execution failed.
2026-07-04 19:33:11.871 +03:00 [INF] Request origin https://localhost:7080 does not have permission to access the resource.
2026-07-04 19:33:11.874 +03:00 [DBG] Static files was skipped as the request already matched an endpoint.
2026-07-04 19:33:11.876 +03:00 [DBG] AuthenticationScheme: Bearer was not authenticated.
2026-07-04 19:33:11.879 +03:00 [INF] Executing endpoint 'SmartHorse.API.Controllers.AuthController.Register (SmartHorse.API)'
2026-07-04 19:33:11.881 +03:00 [INF] Route matched with {action = "Register", controller = "Auth"}. Executing controller action with signature System.Threading.Tasks.Task`1[Microsoft.AspNetCore.Mvc.ActionResult`1[SmartHorse.Application.Auth.DTOs.AuthResponseDto]] Register(SmartHorse.Application.Auth.Commands.Register.RegisterCommand, System.Threading.CancellationToken) on controller SmartHorse.API.Controllers.AuthController (SmartHorse.API).
2026-07-04 19:33:11.886 +03:00 [DBG] Execution plan of authorization filters (in the following order): ["None"]
2026-07-04 19:33:11.889 +03:00 [DBG] Execution plan of resource filters (in the following order): ["None"]
2026-07-04 19:33:11.892 +03:00 [DBG] Execution plan of action filters (in the following order): ["Microsoft.AspNetCore.Mvc.ModelBinding.UnsupportedContentTypeFilter (Order: -3000)","Microsoft.AspNetCore.Mvc.Infrastructure.ModelStateInvalidFilter (Order: -2000)","Asp.Versioning.ReportApiVersionsAttribute (Order: 0)"]
2026-07-04 19:33:11.897 +03:00 [DBG] Execution plan of exception filters (in the following order): ["None"]
2026-07-04 19:33:11.900 +03:00 [DBG] Execution plan of result filters (in the following order): ["Microsoft.AspNetCore.Mvc.Infrastructure.ClientErrorResultFilter (Order: -2000)","SmartHorse.API.Common.ApiResponseWrapperFilter","Asp.Versioning.ReportApiVersionsAttribute (Order: 0)","Microsoft.AspNetCore.Mvc.ProducesAttribute (Order: 0)"]
2026-07-04 19:33:11.904 +03:00 [DBG] Executing controller factory for controller SmartHorse.API.Controllers.AuthController (SmartHorse.API)
2026-07-04 19:33:11.906 +03:00 [DBG] Executed controller factory for controller SmartHorse.API.Controllers.AuthController (SmartHorse.API)
2026-07-04 19:33:11.908 +03:00 [DBG] Attempting to bind parameter 'command' of type 'SmartHorse.Application.Auth.Commands.Register.RegisterCommand' ...
2026-07-04 19:33:11.911 +03:00 [DBG] Attempting to bind parameter 'command' of type 'SmartHorse.Application.Auth.Commands.Register.RegisterCommand' using the name '' in request data ...
2026-07-04 19:33:11.913 +03:00 [DBG] Selected input formatter 'Microsoft.AspNetCore.Mvc.Formatters.SystemTextJsonInputFormatter' for content type 'application/json'.
2026-07-04 19:33:11.916 +03:00 [DBG] Connection id "0HNMPT2KJKVS9", Request id "0HNMPT2KJKVS9:00000017": started reading request body.
2026-07-04 19:33:11.918 +03:00 [DBG] Connection id "0HNMPT2KJKVS9", Request id "0HNMPT2KJKVS9:00000017": done reading request body.
2026-07-04 19:33:11.920 +03:00 [DBG] JSON input formatter succeeded, deserializing to type 'SmartHorse.Application.Auth.Commands.Register.RegisterCommand'
2026-07-04 19:33:11.922 +03:00 [DBG] Done attempting to bind parameter 'command' of type 'SmartHorse.Application.Auth.Commands.Register.RegisterCommand'.
2026-07-04 19:33:11.926 +03:00 [DBG] Done attempting to bind parameter 'command' of type 'SmartHorse.Application.Auth.Commands.Register.RegisterCommand'.
2026-07-04 19:33:11.929 +03:00 [DBG] Attempting to validate the bound parameter 'command' of type 'SmartHorse.Application.Auth.Commands.Register.RegisterCommand' ...
2026-07-04 19:33:11.933 +03:00 [DBG] Done attempting to validate the bound parameter 'command' of type 'SmartHorse.Application.Auth.Commands.Register.RegisterCommand'.
2026-07-04 19:33:11.937 +03:00 [DBG] Attempting to bind parameter 'cancellationToken' of type 'System.Threading.CancellationToken' ...
2026-07-04 19:33:11.940 +03:00 [DBG] Done attempting to bind parameter 'cancellationToken' of type 'System.Threading.CancellationToken'.
2026-07-04 19:33:11.944 +03:00 [DBG] Attempting to validate the bound parameter 'cancellationToken' of type 'System.Threading.CancellationToken' ...
2026-07-04 19:33:11.948 +03:00 [DBG] Done attempting to validate the bound parameter 'cancellationToken' of type 'System.Threading.CancellationToken'.
2026-07-04 19:33:11.953 +03:00 [INF] Executed action SmartHorse.API.Controllers.AuthController.Register (SmartHorse.API) in 49.565ms
2026-07-04 19:33:11.957 +03:00 [INF] Executed endpoint 'SmartHorse.API.Controllers.AuthController.Register (SmartHorse.API)'
2026-07-04 19:33:11.961 +03:00 [ERR] HTTP POST /api/v1/auth/register responded 500 in 94.7830 ms
SmartHorse.Domain.Exceptions.ValidationException: One or more validation errors occurred.
   at SmartHorse.Application.Common.Behaviors.ValidationBehavior`2.Handle(TRequest request, RequestHandlerDelegate`1 next, CancellationToken cancellationToken) in D:\Graduation Project\SmartHorse.Backend\src\SmartHorse.Application\Common\Behaviors\ValidationBehavior.cs:line 51
   at SmartHorse.API.Controllers.AuthController.Register(RegisterCommand command, CancellationToken cancellationToken) in D:\Graduation Project\SmartHorse.Backend\src\SmartHorse.API\Controllers\AuthController.cs:line 53
   at lambda_method109(Closure, Object)
   at Microsoft.AspNetCore.Mvc.Infrastructure.ActionMethodExecutor.AwaitableObjectResultExecutor.Execute(ActionContext actionContext, IActionResultTypeMapper mapper, ObjectMethodExecutor executor, Object controller, Object[] arguments)
   at Microsoft.AspNetCore.Mvc.Infrastructure.ControllerActionInvoker.<InvokeActionMethodAsync>g__Awaited|12_0(ControllerActionInvoker invoker, ValueTask`1 actionResultValueTask)
   at Microsoft.AspNetCore.Mvc.Infrastructure.ControllerActionInvoker.<InvokeNextActionFilterAsync>g__Awaited|10_0(ControllerActionInvoker invoker, Task lastTask, State next, Scope scope, Object state, Boolean isCompleted)
   at Microsoft.AspNetCore.Mvc.Infrastructure.ControllerActionInvoker.Rethrow(ActionExecutedContextSealed context)
   at Microsoft.AspNetCore.Mvc.Infrastructure.ControllerActionInvoker.Next(State& next, Scope& scope, Object& state, Boolean& isCompleted)
   at Microsoft.AspNetCore.Mvc.Infrastructure.ControllerActionInvoker.InvokeInnerFilterAsync()
--- End of stack trace from previous location ---
   at Microsoft.AspNetCore.Mvc.Infrastructure.ResourceInvoker.<InvokeFilterPipelineAsync>g__Awaited|20_0(ResourceInvoker invoker, Task lastTask, State next, Scope scope, Object state, Boolean isCompleted)
   at Microsoft.AspNetCore.Mvc.Infrastructure.ResourceInvoker.<InvokeAsync>g__Logged|17_1(ResourceInvoker invoker)
   at Microsoft.AspNetCore.Mvc.Infrastructure.ResourceInvoker.<InvokeAsync>g__Logged|17_1(ResourceInvoker invoker)
   at Microsoft.AspNetCore.Routing.EndpointMiddleware.<Invoke>g__AwaitRequestTask|7_0(Endpoint endpoint, Task requestTask, ILogger logger)
   at Microsoft.AspNetCore.Authorization.AuthorizationMiddleware.Invoke(HttpContext context)
   at Microsoft.AspNetCore.Authentication.AuthenticationMiddleware.Invoke(HttpContext context)
   at Microsoft.AspNetCore.RateLimiting.RateLimitingMiddleware.InvokeInternal(HttpContext context, EnableRateLimitingAttribute enableRateLimitingAttribute)
   at Swashbuckle.AspNetCore.SwaggerUI.SwaggerUIMiddleware.Invoke(HttpContext httpContext)
   at Swashbuckle.AspNetCore.Swagger.SwaggerMiddleware.Invoke(HttpContext httpContext, ISwaggerProvider swaggerProvider)
   at Serilog.AspNetCore.RequestLoggingMiddleware.Invoke(HttpContext httpContext)
2026-07-04 19:33:11.982 +03:00 [WRN] ValidationException handled for POST /api/v1/auth/register: One or more validation errors occurred.
2026-07-04 19:33:11.987 +03:00 [INF] Request finished HTTP/2 POST https://localhost:7080/api/v1/auth/register?api-version=1.0 - 400 null application/problem+json 130.8248ms
2026-07-04 19:33:14.617 +03:00 [INF] Request starting HTTP/2 POST https://localhost:7080/api/v1/auth/register?api-version=1.0 - application/json 193
2026-07-04 19:33:14.620 +03:00 [DBG] 1 candidate(s) found for the request path '/api/v1/auth/register'
2026-07-04 19:33:14.622 +03:00 [DBG] Endpoint 'SmartHorse.API.Controllers.AuthController.Register (SmartHorse.API)' with route pattern 'api/v1/auth/register' is valid for the request path '/api/v1/auth/register'
2026-07-04 19:33:14.625 +03:00 [DBG] Request matched endpoint 'SmartHorse.API.Controllers.AuthController.Register (SmartHorse.API)'
2026-07-04 19:33:14.626 +03:00 [DBG] Static files was skipped as the request already matched an endpoint.
2026-07-04 19:33:14.628 +03:00 [DBG] The request has an origin header: 'https://localhost:7080'.
2026-07-04 19:33:14.630 +03:00 [INF] CORS policy execution failed.
2026-07-04 19:33:14.632 +03:00 [INF] Request origin https://localhost:7080 does not have permission to access the resource.
2026-07-04 19:33:14.635 +03:00 [DBG] Static files was skipped as the request already matched an endpoint.
2026-07-04 19:33:14.636 +03:00 [DBG] AuthenticationScheme: Bearer was not authenticated.
2026-07-04 19:33:14.638 +03:00 [INF] Executing endpoint 'SmartHorse.API.Controllers.AuthController.Register (SmartHorse.API)'
2026-07-04 19:33:14.640 +03:00 [INF] Route matched with {action = "Register", controller = "Auth"}. Executing controller action with signature System.Threading.Tasks.Task`1[Microsoft.AspNetCore.Mvc.ActionResult`1[SmartHorse.Application.Auth.DTOs.AuthResponseDto]] Register(SmartHorse.Application.Auth.Commands.Register.RegisterCommand, System.Threading.CancellationToken) on controller SmartHorse.API.Controllers.AuthController (SmartHorse.API).
2026-07-04 19:33:14.643 +03:00 [DBG] Execution plan of authorization filters (in the following order): ["None"]
2026-07-04 19:33:14.646 +03:00 [DBG] Execution plan of resource filters (in the following order): ["None"]
2026-07-04 19:33:14.649 +03:00 [DBG] Execution plan of action filters (in the following order): ["Microsoft.AspNetCore.Mvc.ModelBinding.UnsupportedContentTypeFilter (Order: -3000)","Microsoft.AspNetCore.Mvc.Infrastructure.ModelStateInvalidFilter (Order: -2000)","Asp.Versioning.ReportApiVersionsAttribute (Order: 0)"]
2026-07-04 19:33:14.653 +03:00 [DBG] Execution plan of exception filters (in the following order): ["None"]
2026-07-04 19:33:14.655 +03:00 [DBG] Execution plan of result filters (in the following order): ["Microsoft.AspNetCore.Mvc.Infrastructure.ClientErrorResultFilter (Order: -2000)","SmartHorse.API.Common.ApiResponseWrapperFilter","Asp.Versioning.ReportApiVersionsAttribute (Order: 0)","Microsoft.AspNetCore.Mvc.ProducesAttribute (Order: 0)"]
2026-07-04 19:33:14.659 +03:00 [DBG] Executing controller factory for controller SmartHorse.API.Controllers.AuthController (SmartHorse.API)
2026-07-04 19:33:14.661 +03:00 [DBG] Executed controller factory for controller SmartHorse.API.Controllers.AuthController (SmartHorse.API)
2026-07-04 19:33:14.664 +03:00 [DBG] Attempting to bind parameter 'command' of type 'SmartHorse.Application.Auth.Commands.Register.RegisterCommand' ...
2026-07-04 19:33:14.669 +03:00 [DBG] Attempting to bind parameter 'command' of type 'SmartHorse.Application.Auth.Commands.Register.RegisterCommand' using the name '' in request data ...
2026-07-04 19:33:14.673 +03:00 [DBG] Selected input formatter 'Microsoft.AspNetCore.Mvc.Formatters.SystemTextJsonInputFormatter' for content type 'application/json'.
2026-07-04 19:33:14.676 +03:00 [DBG] Connection id "0HNMPT2KJKVS9", Request id "0HNMPT2KJKVS9:00000019": started reading request body.
2026-07-04 19:33:14.680 +03:00 [DBG] Connection id "0HNMPT2KJKVS9", Request id "0HNMPT2KJKVS9:00000019": done reading request body.
2026-07-04 19:33:14.684 +03:00 [DBG] JSON input formatter succeeded, deserializing to type 'SmartHorse.Application.Auth.Commands.Register.RegisterCommand'
2026-07-04 19:33:14.687 +03:00 [DBG] Done attempting to bind parameter 'command' of type 'SmartHorse.Application.Auth.Commands.Register.RegisterCommand'.
2026-07-04 19:33:14.691 +03:00 [DBG] Done attempting to bind parameter 'command' of type 'SmartHorse.Application.Auth.Commands.Register.RegisterCommand'.
2026-07-04 19:33:14.695 +03:00 [DBG] Attempting to validate the bound parameter 'command' of type 'SmartHorse.Application.Auth.Commands.Register.RegisterCommand' ...
2026-07-04 19:33:14.699 +03:00 [DBG] Done attempting to validate the bound parameter 'command' of type 'SmartHorse.Application.Auth.Commands.Register.RegisterCommand'.
2026-07-04 19:33:14.702 +03:00 [DBG] Attempting to bind parameter 'cancellationToken' of type 'System.Threading.CancellationToken' ...
2026-07-04 19:33:14.706 +03:00 [DBG] Done attempting to bind parameter 'cancellationToken' of type 'System.Threading.CancellationToken'.
2026-07-04 19:33:14.709 +03:00 [DBG] Attempting to validate the bound parameter 'cancellationToken' of type 'System.Threading.CancellationToken' ...
2026-07-04 19:33:14.713 +03:00 [DBG] Done attempting to validate the bound parameter 'cancellationToken' of type 'System.Threading.CancellationToken'.
2026-07-04 19:33:14.718 +03:00 [INF] Executed action SmartHorse.API.Controllers.AuthController.Register (SmartHorse.API) in 59.0352ms
2026-07-04 19:33:14.722 +03:00 [INF] Executed endpoint 'SmartHorse.API.Controllers.AuthController.Register (SmartHorse.API)'
2026-07-04 19:33:14.725 +03:00 [ERR] HTTP POST /api/v1/auth/register responded 500 in 99.3531 ms
SmartHorse.Domain.Exceptions.ValidationException: One or more validation errors occurred.
   at SmartHorse.Application.Common.Behaviors.ValidationBehavior`2.Handle(TRequest request, RequestHandlerDelegate`1 next, CancellationToken cancellationToken) in D:\Graduation Project\SmartHorse.Backend\src\SmartHorse.Application\Common\Behaviors\ValidationBehavior.cs:line 51
   at SmartHorse.API.Controllers.AuthController.Register(RegisterCommand command, CancellationToken cancellationToken) in D:\Graduation Project\SmartHorse.Backend\src\SmartHorse.API\Controllers\AuthController.cs:line 53
   at lambda_method109(Closure, Object)
   at Microsoft.AspNetCore.Mvc.Infrastructure.ActionMethodExecutor.AwaitableObjectResultExecutor.Execute(ActionContext actionContext, IActionResultTypeMapper mapper, ObjectMethodExecutor executor, Object controller, Object[] arguments)
   at Microsoft.AspNetCore.Mvc.Infrastructure.ControllerActionInvoker.<InvokeActionMethodAsync>g__Awaited|12_0(ControllerActionInvoker invoker, ValueTask`1 actionResultValueTask)
   at Microsoft.AspNetCore.Mvc.Infrastructure.ControllerActionInvoker.<InvokeNextActionFilterAsync>g__Awaited|10_0(ControllerActionInvoker invoker, Task lastTask, State next, Scope scope, Object state, Boolean isCompleted)
   at Microsoft.AspNetCore.Mvc.Infrastructure.ControllerActionInvoker.Rethrow(ActionExecutedContextSealed context)
   at Microsoft.AspNetCore.Mvc.Infrastructure.ControllerActionInvoker.Next(State& next, Scope& scope, Object& state, Boolean& isCompleted)
   at Microsoft.AspNetCore.Mvc.Infrastructure.ControllerActionInvoker.InvokeInnerFilterAsync()
--- End of stack trace from previous location ---
   at Microsoft.AspNetCore.Mvc.Infrastructure.ResourceInvoker.<InvokeFilterPipelineAsync>g__Awaited|20_0(ResourceInvoker invoker, Task lastTask, State next, Scope scope, Object state, Boolean isCompleted)
   at Microsoft.AspNetCore.Mvc.Infrastructure.ResourceInvoker.<InvokeAsync>g__Logged|17_1(ResourceInvoker invoker)
   at Microsoft.AspNetCore.Mvc.Infrastructure.ResourceInvoker.<InvokeAsync>g__Logged|17_1(ResourceInvoker invoker)
   at Microsoft.AspNetCore.Routing.EndpointMiddleware.<Invoke>g__AwaitRequestTask|7_0(Endpoint endpoint, Task requestTask, ILogger logger)
   at Microsoft.AspNetCore.Authorization.AuthorizationMiddleware.Invoke(HttpContext context)
   at Microsoft.AspNetCore.Authentication.AuthenticationMiddleware.Invoke(HttpContext context)
   at Microsoft.AspNetCore.RateLimiting.RateLimitingMiddleware.InvokeInternal(HttpContext context, EnableRateLimitingAttribute enableRateLimitingAttribute)
   at Swashbuckle.AspNetCore.SwaggerUI.SwaggerUIMiddleware.Invoke(HttpContext httpContext)
   at Swashbuckle.AspNetCore.Swagger.SwaggerMiddleware.Invoke(HttpContext httpContext, ISwaggerProvider swaggerProvider)
   at Serilog.AspNetCore.RequestLoggingMiddleware.Invoke(HttpContext httpContext)
2026-07-04 19:33:14.744 +03:00 [WRN] ValidationException handled for POST /api/v1/auth/register: One or more validation errors occurred.
2026-07-04 19:33:14.750 +03:00 [INF] Request finished HTTP/2 POST https://localhost:7080/api/v1/auth/register?api-version=1.0 - 400 null application/problem+json 132.7591ms
2026-07-04 19:33:30.925 +03:00 [DBG] Connection id "0HNMPT2KJKVSB" accepted.
2026-07-04 19:33:31.096 +03:00 [DBG] Connection id "0HNMPT2KJKVSB" started.
2026-07-04 19:33:31.107 +03:00 [DBG] Connection 0HNMPT2KJKVSB established using the following protocol: "Tls13"
2026-07-04 19:33:31.110 +03:00 [INF] Request starting HTTP/2 GET https://localhost:7080/ - null null
2026-07-04 19:33:31.137 +03:00 [DBG] No candidates found for the request path '/'
2026-07-04 19:33:31.139 +03:00 [DBG] Request did not match any endpoints
2026-07-04 19:33:31.140 +03:00 [DBG] The request path  does not match the path filter
2026-07-04 19:33:31.141 +03:00 [DBG] The request path / does not match a supported file type
2026-07-04 19:33:31.273 +03:00 [DBG] AuthenticationScheme: Bearer was not authenticated.
2026-07-04 19:33:31.276 +03:00 [INF] HTTP GET / responded 404 in 135.7099 ms
2026-07-04 19:33:31.285 +03:00 [INF] Request finished HTTP/2 GET https://localhost:7080/ - 404 0 null 174.5738ms
2026-07-04 19:33:31.290 +03:00 [INF] Request reached the end of the middleware pipeline without being handled by application code. Request path: GET https://localhost:7080/, Response status code: 404
2026-07-04 19:33:31.686 +03:00 [INF] Request starting HTTP/2 GET https://localhost:7080/ - null null
2026-07-04 19:33:31.692 +03:00 [DBG] No candidates found for the request path '/'
2026-07-04 19:33:31.694 +03:00 [DBG] Request did not match any endpoints
2026-07-04 19:33:31.696 +03:00 [DBG] The request path  does not match the path filter
2026-07-04 19:33:31.698 +03:00 [DBG] The request path / does not match a supported file type
2026-07-04 19:33:31.700 +03:00 [DBG] AuthenticationScheme: Bearer was not authenticated.
2026-07-04 19:33:31.702 +03:00 [INF] HTTP GET / responded 404 in 6.4316 ms
2026-07-04 19:33:31.705 +03:00 [INF] Request finished HTTP/2 GET https://localhost:7080/ - 404 0 null 19.6544ms
2026-07-04 19:33:31.710 +03:00 [INF] Request reached the end of the middleware pipeline without being handled by application code. Request path: GET https://localhost:7080/, Response status code: 404
2026-07-04 19:33:32.163 +03:00 [INF] Request starting HTTP/2 GET https://localhost:7080/ - null null
2026-07-04 19:33:32.175 +03:00 [DBG] No candidates found for the request path '/'
2026-07-04 19:33:32.179 +03:00 [DBG] Request did not match any endpoints
2026-07-04 19:33:32.182 +03:00 [DBG] The request path  does not match the path filter
2026-07-04 19:33:32.186 +03:00 [DBG] The request path / does not match a supported file type
2026-07-04 19:33:32.189 +03:00 [DBG] AuthenticationScheme: Bearer was not authenticated.
2026-07-04 19:33:32.193 +03:00 [INF] HTTP GET / responded 404 in 10.5345 ms
2026-07-04 19:33:32.197 +03:00 [INF] Request finished HTTP/2 GET https://localhost:7080/ - 404 0 null 33.9642ms
2026-07-04 19:33:32.204 +03:00 [INF] Request reached the end of the middleware pipeline without being handled by application code. Request path: GET https://localhost:7080/, Response status code: 404
2026-07-04 19:33:32.326 +03:00 [INF] Request starting HTTP/2 GET https://localhost:7080/ - null null
2026-07-04 19:33:32.333 +03:00 [DBG] No candidates found for the request path '/'
2026-07-04 19:33:32.336 +03:00 [DBG] Request did not match any endpoints
2026-07-04 19:33:32.338 +03:00 [DBG] The request path  does not match the path filter
2026-07-04 19:33:32.340 +03:00 [DBG] The request path / does not match a supported file type
2026-07-04 19:33:32.342 +03:00 [DBG] AuthenticationScheme: Bearer was not authenticated.
2026-07-04 19:33:32.345 +03:00 [INF] HTTP GET / responded 404 in 7.0135 ms
2026-07-04 19:33:32.348 +03:00 [INF] Request finished HTTP/2 GET https://localhost:7080/ - 404 0 null 21.9671ms
2026-07-04 19:33:32.354 +03:00 [INF] Request reached the end of the middleware pipeline without being handled by application code. Request path: GET https://localhost:7080/, Response status code: 404
2026-07-04 19:33:32.461 +03:00 [INF] Request starting HTTP/2 GET https://localhost:7080/ - null null
2026-07-04 19:33:32.465 +03:00 [DBG] No candidates found for the request path '/'
2026-07-04 19:33:32.467 +03:00 [DBG] Request did not match any endpoints
2026-07-04 19:33:32.468 +03:00 [DBG] The request path  does not match the path filter
2026-07-04 19:33:32.469 +03:00 [DBG] The request path / does not match a supported file type
2026-07-04 19:33:32.471 +03:00 [DBG] AuthenticationScheme: Bearer was not authenticated.
2026-07-04 19:33:32.473 +03:00 [INF] HTTP GET / responded 404 in 5.3594 ms
2026-07-04 19:33:32.475 +03:00 [INF] Request finished HTTP/2 GET https://localhost:7080/ - 404 0 null 14.3854ms
2026-07-04 19:33:32.480 +03:00 [INF] Request reached the end of the middleware pipeline without being handled by application code. Request path: GET https://localhost:7080/, Response status code: 404
2026-07-04 19:33:32.629 +03:00 [INF] Request starting HTTP/2 GET https://localhost:7080/ - null null
2026-07-04 19:33:32.643 +03:00 [DBG] No candidates found for the request path '/'
2026-07-04 19:33:32.647 +03:00 [DBG] Request did not match any endpoints
2026-07-04 19:33:32.650 +03:00 [DBG] The request path  does not match the path filter
2026-07-04 19:33:32.653 +03:00 [DBG] The request path / does not match a supported file type
2026-07-04 19:33:32.655 +03:00 [DBG] AuthenticationScheme: Bearer was not authenticated.
2026-07-04 19:33:32.658 +03:00 [INF] HTTP GET / responded 404 in 7.7912 ms
2026-07-04 19:33:32.661 +03:00 [INF] Request finished HTTP/2 GET https://localhost:7080/ - 404 0 null 32.479ms
2026-07-04 19:33:32.667 +03:00 [INF] Request reached the end of the middleware pipeline without being handled by application code. Request path: GET https://localhost:7080/, Response status code: 404
2026-07-04 19:33:32.843 +03:00 [INF] Request starting HTTP/2 GET https://localhost:7080/ - null null
2026-07-04 19:33:32.851 +03:00 [DBG] No candidates found for the request path '/'
2026-07-04 19:33:32.855 +03:00 [DBG] Request did not match any endpoints
2026-07-04 19:33:32.858 +03:00 [DBG] The request path  does not match the path filter
2026-07-04 19:33:32.861 +03:00 [DBG] The request path / does not match a supported file type
2026-07-04 19:33:32.865 +03:00 [DBG] AuthenticationScheme: Bearer was not authenticated.
2026-07-04 19:33:32.869 +03:00 [INF] HTTP GET / responded 404 in 11.4505 ms
2026-07-04 19:33:32.874 +03:00 [INF] Request finished HTTP/2 GET https://localhost:7080/ - 404 0 null 31.3436ms
2026-07-04 19:33:32.886 +03:00 [INF] Request reached the end of the middleware pipeline without being handled by application code. Request path: GET https://localhost:7080/, Response status code: 404
2026-07-04 19:35:26.178 +03:00 [DBG] Connection id "0HNMPT2KJKVS9" is closing.
2026-07-04 19:35:26.181 +03:00 [DBG] Connection id "0HNMPT2KJKVS9" is closed. The last processed stream ID was 25.
2026-07-04 19:35:26.184 +03:00 [DBG] Connection id "0HNMPT2KJKVS9" received FIN.
2026-07-04 19:35:26.186 +03:00 [DBG] The connection queue processing loop for 0HNMPT2KJKVS9 completed.
2026-07-04 19:35:26.188 +03:00 [DBG] Connection id "0HNMPT2KJKVS9" sending FIN because: "The Socket transport's send loop completed gracefully."
2026-07-04 19:35:26.196 +03:00 [DBG] Connection id "0HNMPT2KJKVS9" stopped.
2026-07-04 19:35:33.331 +03:00 [DBG] Connection id "0HNMPT2KJKVSC" accepted.
2026-07-04 19:35:33.333 +03:00 [DBG] Connection id "0HNMPT2KJKVSC" started.
2026-07-04 19:35:33.337 +03:00 [DBG] Connection 0HNMPT2KJKVSC established using the following protocol: "Tls13"
2026-07-04 19:35:33.340 +03:00 [INF] Request starting HTTP/2 POST https://localhost:7080/api/v1/auth/register?api-version=1.0 - application/json 190
2026-07-04 19:35:33.344 +03:00 [DBG] 1 candidate(s) found for the request path '/api/v1/auth/register'
2026-07-04 19:35:33.347 +03:00 [DBG] Endpoint 'SmartHorse.API.Controllers.AuthController.Register (SmartHorse.API)' with route pattern 'api/v1/auth/register' is valid for the request path '/api/v1/auth/register'
2026-07-04 19:35:33.351 +03:00 [DBG] Request matched endpoint 'SmartHorse.API.Controllers.AuthController.Register (SmartHorse.API)'
2026-07-04 19:35:33.354 +03:00 [DBG] Static files was skipped as the request already matched an endpoint.
2026-07-04 19:35:33.356 +03:00 [DBG] The request has an origin header: 'https://localhost:7080'.
2026-07-04 19:35:33.359 +03:00 [INF] CORS policy execution failed.
2026-07-04 19:35:33.360 +03:00 [INF] Request origin https://localhost:7080 does not have permission to access the resource.
2026-07-04 19:35:33.362 +03:00 [DBG] Static files was skipped as the request already matched an endpoint.
2026-07-04 19:35:33.364 +03:00 [DBG] AuthenticationScheme: Bearer was not authenticated.
2026-07-04 19:35:33.366 +03:00 [INF] Executing endpoint 'SmartHorse.API.Controllers.AuthController.Register (SmartHorse.API)'
2026-07-04 19:35:33.368 +03:00 [INF] Route matched with {action = "Register", controller = "Auth"}. Executing controller action with signature System.Threading.Tasks.Task`1[Microsoft.AspNetCore.Mvc.ActionResult`1[SmartHorse.Application.Auth.DTOs.AuthResponseDto]] Register(SmartHorse.Application.Auth.Commands.Register.RegisterCommand, System.Threading.CancellationToken) on controller SmartHorse.API.Controllers.AuthController (SmartHorse.API).
2026-07-04 19:35:33.370 +03:00 [DBG] Execution plan of authorization filters (in the following order): ["None"]
2026-07-04 19:35:33.374 +03:00 [DBG] Execution plan of resource filters (in the following order): ["None"]
2026-07-04 19:35:33.377 +03:00 [DBG] Execution plan of action filters (in the following order): ["Microsoft.AspNetCore.Mvc.ModelBinding.UnsupportedContentTypeFilter (Order: -3000)","Microsoft.AspNetCore.Mvc.Infrastructure.ModelStateInvalidFilter (Order: -2000)","Asp.Versioning.ReportApiVersionsAttribute (Order: 0)"]
2026-07-04 19:35:33.381 +03:00 [DBG] Execution plan of exception filters (in the following order): ["None"]
2026-07-04 19:35:33.383 +03:00 [DBG] Execution plan of result filters (in the following order): ["Microsoft.AspNetCore.Mvc.Infrastructure.ClientErrorResultFilter (Order: -2000)","SmartHorse.API.Common.ApiResponseWrapperFilter","Asp.Versioning.ReportApiVersionsAttribute (Order: 0)","Microsoft.AspNetCore.Mvc.ProducesAttribute (Order: 0)"]
2026-07-04 19:35:33.387 +03:00 [DBG] Executing controller factory for controller SmartHorse.API.Controllers.AuthController (SmartHorse.API)
2026-07-04 19:35:33.390 +03:00 [DBG] Executed controller factory for controller SmartHorse.API.Controllers.AuthController (SmartHorse.API)
2026-07-04 19:35:33.392 +03:00 [DBG] Attempting to bind parameter 'command' of type 'SmartHorse.Application.Auth.Commands.Register.RegisterCommand' ...
2026-07-04 19:35:33.394 +03:00 [DBG] Attempting to bind parameter 'command' of type 'SmartHorse.Application.Auth.Commands.Register.RegisterCommand' using the name '' in request data ...
2026-07-04 19:35:33.397 +03:00 [DBG] Selected input formatter 'Microsoft.AspNetCore.Mvc.Formatters.SystemTextJsonInputFormatter' for content type 'application/json'.
2026-07-04 19:35:33.401 +03:00 [DBG] Connection id "0HNMPT2KJKVSC", Request id "0HNMPT2KJKVSC:00000001": started reading request body.
2026-07-04 19:35:33.404 +03:00 [DBG] Connection id "0HNMPT2KJKVSC", Request id "0HNMPT2KJKVSC:00000001": done reading request body.
2026-07-04 19:35:33.408 +03:00 [DBG] JSON input formatter succeeded, deserializing to type 'SmartHorse.Application.Auth.Commands.Register.RegisterCommand'
2026-07-04 19:35:33.412 +03:00 [DBG] Done attempting to bind parameter 'command' of type 'SmartHorse.Application.Auth.Commands.Register.RegisterCommand'.
2026-07-04 19:35:33.415 +03:00 [DBG] Done attempting to bind parameter 'command' of type 'SmartHorse.Application.Auth.Commands.Register.RegisterCommand'.
2026-07-04 19:35:33.418 +03:00 [DBG] Attempting to validate the bound parameter 'command' of type 'SmartHorse.Application.Auth.Commands.Register.RegisterCommand' ...
2026-07-04 19:35:33.422 +03:00 [DBG] Done attempting to validate the bound parameter 'command' of type 'SmartHorse.Application.Auth.Commands.Register.RegisterCommand'.
2026-07-04 19:35:33.426 +03:00 [DBG] Attempting to bind parameter 'cancellationToken' of type 'System.Threading.CancellationToken' ...
2026-07-04 19:35:33.428 +03:00 [DBG] Done attempting to bind parameter 'cancellationToken' of type 'System.Threading.CancellationToken'.
2026-07-04 19:35:33.431 +03:00 [DBG] Attempting to validate the bound parameter 'cancellationToken' of type 'System.Threading.CancellationToken' ...
2026-07-04 19:35:33.435 +03:00 [DBG] Done attempting to validate the bound parameter 'cancellationToken' of type 'System.Threading.CancellationToken'.
2026-07-04 19:35:33.508 +03:00 [DBG] Entity Framework Core 8.0.8 initialized 'ApplicationDbContext' using provider 'Microsoft.EntityFrameworkCore.SqlServer:8.0.8' with options: MigrationsAssembly=SmartHorse.Infrastructure, Version=1.0.0.0, Culture=neutral, PublicKeyToken=null 
2026-07-04 19:35:33.520 +03:00 [DBG] Compiling query expression: 
'DbSet<User>()
    .Any(u => u.Email == __email_0)'
2026-07-04 19:35:33.547 +03:00 [DBG] Generated query execution expression: 
'queryContext => ShapedQueryCompilingExpressionVisitor.SingleAsync<bool>(
    asyncEnumerable: new SingleQueryingEnumerable<bool>(
        (RelationalQueryContext)queryContext, 
        RelationalCommandCache.QueryExpression(
            Projection Mapping:
                EmptyProjectionMember -> 0
            SELECT EXISTS (
                SELECT 1
                FROM Users AS u
                WHERE u.Email == @__email_0)), 
        null, 
        Func<QueryContext, DbDataReader, ResultContext, SingleQueryResultCoordinator, bool>, 
        SmartHorse.Infrastructure.Persistence.ApplicationDbContext, 
        False, 
        False, 
        True
    ), 
    cancellationToken: queryContext.CancellationToken)'
2026-07-04 19:35:33.571 +03:00 [DBG] Creating DbConnection.
2026-07-04 19:35:33.574 +03:00 [DBG] Created DbConnection. (3ms).
2026-07-04 19:35:33.576 +03:00 [DBG] Opening connection to database 'SmartHorseDb' on server 'localhost\SQLEXPRESS01'.
2026-07-04 19:35:33.736 +03:00 [DBG] Opened connection to database 'SmartHorseDb' on server 'localhost\SQLEXPRESS01'.
2026-07-04 19:35:33.740 +03:00 [DBG] Creating DbCommand for 'ExecuteReader'.
2026-07-04 19:35:33.742 +03:00 [DBG] Created DbCommand for 'ExecuteReader' (2ms).
2026-07-04 19:35:33.745 +03:00 [DBG] Initialized DbCommand for 'ExecuteReader' (5ms).
2026-07-04 19:35:33.749 +03:00 [DBG] Executing DbCommand [Parameters=[@__email_0='?' (Size = 256)], CommandType='"Text"', CommandTimeout='30']
SELECT CASE
    WHEN EXISTS (
        SELECT 1
        FROM [Users] AS [u]
        WHERE [u].[Email] = @__email_0) THEN CAST(1 AS bit)
    ELSE CAST(0 AS bit)
END
2026-07-04 19:35:33.772 +03:00 [INF] Executed DbCommand (23ms) [Parameters=[@__email_0='?' (Size = 256)], CommandType='"Text"', CommandTimeout='30']
SELECT CASE
    WHEN EXISTS (
        SELECT 1
        FROM [Users] AS [u]
        WHERE [u].[Email] = @__email_0) THEN CAST(1 AS bit)
    ELSE CAST(0 AS bit)
END
2026-07-04 19:35:33.779 +03:00 [DBG] Closing data reader to 'SmartHorseDb' on server 'localhost\SQLEXPRESS01'.
2026-07-04 19:35:33.783 +03:00 [DBG] A data reader for 'SmartHorseDb' on server 'localhost\SQLEXPRESS01' is being disposed after spending 7ms reading results.
2026-07-04 19:35:33.787 +03:00 [DBG] Closing connection to database 'SmartHorseDb' on server 'localhost\SQLEXPRESS01'.
2026-07-04 19:35:33.791 +03:00 [DBG] Closed connection to database 'SmartHorseDb' on server 'localhost\SQLEXPRESS01' (3ms).
2026-07-04 19:35:33.797 +03:00 [DBG] Compiling query expression: 
'DbSet<Role>()
    .FirstOrDefault(r => r.Name == __name_0)'
2026-07-04 19:35:33.813 +03:00 [DBG] Generated query execution expression: 
'queryContext => ShapedQueryCompilingExpressionVisitor.SingleOrDefaultAsync<Role>(
    asyncEnumerable: new SingleQueryingEnumerable<Role>(
        (RelationalQueryContext)queryContext, 
        RelationalCommandCache.QueryExpression(
            Projection Mapping:
                EmptyProjectionMember -> Dictionary<IProperty, int> { [Property: Role.Id (int) Required PK AfterSave:Throw ValueGenerated.OnAdd, 0], [Property: Role.Name (string) Required Index MaxLength(50), 1] }
            SELECT TOP(1) r.Id, r.Name
            FROM Roles AS r
            WHERE r.Name == @__name_0), 
        null, 
        Func<QueryContext, DbDataReader, ResultContext, SingleQueryResultCoordinator, Role>, 
        SmartHorse.Infrastructure.Persistence.ApplicationDbContext, 
        False, 
        False, 
        True
    ), 
    cancellationToken: queryContext.CancellationToken)'
2026-07-04 19:35:33.821 +03:00 [DBG] Opening connection to database 'SmartHorseDb' on server 'localhost\SQLEXPRESS01'.
2026-07-04 19:35:33.825 +03:00 [DBG] Opened connection to database 'SmartHorseDb' on server 'localhost\SQLEXPRESS01'.
2026-07-04 19:35:33.828 +03:00 [DBG] Creating DbCommand for 'ExecuteReader'.
2026-07-04 19:35:33.831 +03:00 [DBG] Created DbCommand for 'ExecuteReader' (2ms).
2026-07-04 19:35:33.835 +03:00 [DBG] Initialized DbCommand for 'ExecuteReader' (6ms).
2026-07-04 19:35:33.838 +03:00 [DBG] Executing DbCommand [Parameters=[@__name_0='?' (Size = 50)], CommandType='"Text"', CommandTimeout='30']
SELECT TOP(1) [r].[Id], [r].[Name]
FROM [Roles] AS [r]
WHERE [r].[Name] = @__name_0
2026-07-04 19:35:33.857 +03:00 [INF] Executed DbCommand (19ms) [Parameters=[@__name_0='?' (Size = 50)], CommandType='"Text"', CommandTimeout='30']
SELECT TOP(1) [r].[Id], [r].[Name]
FROM [Roles] AS [r]
WHERE [r].[Name] = @__name_0
2026-07-04 19:35:33.866 +03:00 [DBG] Context 'ApplicationDbContext' started tracking 'Role' entity. Consider using 'DbContextOptionsBuilder.EnableSensitiveDataLogging' to see key values.
2026-07-04 19:35:33.869 +03:00 [DBG] Closing data reader to 'SmartHorseDb' on server 'localhost\SQLEXPRESS01'.
2026-07-04 19:35:33.871 +03:00 [DBG] A data reader for 'SmartHorseDb' on server 'localhost\SQLEXPRESS01' is being disposed after spending 5ms reading results.
2026-07-04 19:35:33.874 +03:00 [DBG] Closing connection to database 'SmartHorseDb' on server 'localhost\SQLEXPRESS01'.
2026-07-04 19:35:33.876 +03:00 [DBG] Closed connection to database 'SmartHorseDb' on server 'localhost\SQLEXPRESS01' (2ms).
2026-07-04 19:35:35.212 +03:00 [DBG] Context 'ApplicationDbContext' started tracking 'User' entity. Consider using 'DbContextOptionsBuilder.EnableSensitiveDataLogging' to see key values.
2026-07-04 19:35:35.267 +03:00 [DBG] The navigation 'RefreshToken.User' was detected as changed. Consider using 'DbContextOptionsBuilder.EnableSensitiveDataLogging' to see key values.
2026-07-04 19:35:35.297 +03:00 [DBG] Context 'ApplicationDbContext' started tracking 'RefreshToken' entity. Consider using 'DbContextOptionsBuilder.EnableSensitiveDataLogging' to see key values.
2026-07-04 19:35:35.328 +03:00 [DBG] The navigation 'UserRole.Role' was detected as changed. Consider using 'DbContextOptionsBuilder.EnableSensitiveDataLogging' to see key values.
2026-07-04 19:35:35.336 +03:00 [DBG] The navigation 'UserRole.User' was detected as changed. Consider using 'DbContextOptionsBuilder.EnableSensitiveDataLogging' to see key values.
2026-07-04 19:35:35.342 +03:00 [DBG] Context 'ApplicationDbContext' started tracking 'UserRole' entity. Consider using 'DbContextOptionsBuilder.EnableSensitiveDataLogging' to see key values.
2026-07-04 19:35:35.386 +03:00 [DBG] The navigation 'AuditLog.User' was detected as changed. Consider using 'DbContextOptionsBuilder.EnableSensitiveDataLogging' to see key values.
2026-07-04 19:35:35.391 +03:00 [DBG] Context 'ApplicationDbContext' started tracking 'AuditLog' entity. Consider using 'DbContextOptionsBuilder.EnableSensitiveDataLogging' to see key values.
2026-07-04 19:35:35.394 +03:00 [DBG] DetectChanges starting for 'ApplicationDbContext'.
2026-07-04 19:35:35.465 +03:00 [DBG] DetectChanges completed for 'ApplicationDbContext'.
2026-07-04 19:35:35.468 +03:00 [DBG] SaveChanges starting for 'ApplicationDbContext'.
2026-07-04 19:35:35.471 +03:00 [DBG] DetectChanges starting for 'ApplicationDbContext'.
2026-07-04 19:35:35.475 +03:00 [DBG] DetectChanges completed for 'ApplicationDbContext'.
2026-07-04 19:35:35.647 +03:00 [DBG] Executing 4 update commands as a batch.
2026-07-04 19:35:35.654 +03:00 [DBG] Opening connection to database 'SmartHorseDb' on server 'localhost\SQLEXPRESS01'.
2026-07-04 19:35:35.658 +03:00 [DBG] Opened connection to database 'SmartHorseDb' on server 'localhost\SQLEXPRESS01'.
2026-07-04 19:35:35.675 +03:00 [DBG] Beginning transaction with isolation level 'Unspecified'.
2026-07-04 19:35:35.693 +03:00 [DBG] Began transaction with isolation level 'ReadCommitted'.
2026-07-04 19:35:35.701 +03:00 [DBG] Creating DbCommand for 'ExecuteReader'.
2026-07-04 19:35:35.704 +03:00 [DBG] Created DbCommand for 'ExecuteReader' (2ms).
2026-07-04 19:35:35.714 +03:00 [DBG] Initialized DbCommand for 'ExecuteReader' (13ms).
2026-07-04 19:35:35.718 +03:00 [DBG] Executing DbCommand [Parameters=[@p0='?' (DbType = Guid), @p1='?' (Size = 1000), @p2='?' (DbType = DateTime2), @p3='?' (Size = 256), @p4='?' (DbType = DateTime2), @p5='?' (Size = 128), @p6='?' (DbType = Int32), @p7='?' (Size = 200), @p8='?' (DbType = Boolean), @p9='?' (DbType = DateTime2), @p10='?' (Size = 4000), @p11='?' (DbType = DateTime2), @p12='?' (Size = 128), @p13='?' (Size = 30), @p14='?' (DbType = DateTime2), @p15='?' (DbType = Guid), @p16='?' (Size = 50), @p17='?' (DbType = DateTime2), @p18='?' (Size = 1000), @p19='?' (Size = 64), @p20='?' (Size = 500), @p21='?' (DbType = Guid), @p22='?' (DbType = Guid), @p23='?' (DbType = DateTime2), @p24='?' (Size = 64), @p25='?' (DbType = DateTime2), @p26='?' (DbType = Boolean), @p27='?' (DbType = Guid), @p28='?' (Size = 128), @p29='?' (Size = 500), @p30='?' (DbType = Guid), @p31='?' (DbType = Int32), @p32='?' (DbType = Guid), @p33='?' (DbType = DateTime2)], CommandType='"Text"', CommandTimeout='30']
SET NOCOUNT ON;
INSERT INTO [Users] ([Id], [AvatarUrl], [CreatedAt], [Email], [EmailConfirmationTokenExpiresAtUtc], [EmailConfirmationTokenHash], [FailedLoginAttempts], [FullName], [IsActive], [LockedUntilUtc], [PasswordHash], [PasswordResetTokenExpiresAtUtc], [PasswordResetTokenHash], [PhoneNumber], [UpdatedAt])
OUTPUT INSERTED.[EmailConfirmed]
VALUES (@p0, @p1, @p2, @p3, @p4, @p5, @p6, @p7, @p8, @p9, @p10, @p11, @p12, @p13, @p14);
INSERT INTO [AuditLogs] ([Id], [Action], [CreatedAtUtc], [Details], [IpAddress], [UserAgent], [UserId])
VALUES (@p15, @p16, @p17, @p18, @p19, @p20, @p21);
INSERT INTO [RefreshTokens] ([Id], [CreatedAtUtc], [CreatedByIp], [ExpiresAtUtc], [IsRevoked], [ReplacedByTokenId], [TokenHash], [UserAgent], [UserId])
VALUES (@p22, @p23, @p24, @p25, @p26, @p27, @p28, @p29, @p30);
INSERT INTO [UserRoles] ([RoleId], [UserId], [AssignedAt])
VALUES (@p31, @p32, @p33);
2026-07-04 19:35:35.758 +03:00 [INF] Executed DbCommand (41ms) [Parameters=[@p0='?' (DbType = Guid), @p1='?' (Size = 1000), @p2='?' (DbType = DateTime2), @p3='?' (Size = 256), @p4='?' (DbType = DateTime2), @p5='?' (Size = 128), @p6='?' (DbType = Int32), @p7='?' (Size = 200), @p8='?' (DbType = Boolean), @p9='?' (DbType = DateTime2), @p10='?' (Size = 4000), @p11='?' (DbType = DateTime2), @p12='?' (Size = 128), @p13='?' (Size = 30), @p14='?' (DbType = DateTime2), @p15='?' (DbType = Guid), @p16='?' (Size = 50), @p17='?' (DbType = DateTime2), @p18='?' (Size = 1000), @p19='?' (Size = 64), @p20='?' (Size = 500), @p21='?' (DbType = Guid), @p22='?' (DbType = Guid), @p23='?' (DbType = DateTime2), @p24='?' (Size = 64), @p25='?' (DbType = DateTime2), @p26='?' (DbType = Boolean), @p27='?' (DbType = Guid), @p28='?' (Size = 128), @p29='?' (Size = 500), @p30='?' (DbType = Guid), @p31='?' (DbType = Int32), @p32='?' (DbType = Guid), @p33='?' (DbType = DateTime2)], CommandType='"Text"', CommandTimeout='30']
SET NOCOUNT ON;
INSERT INTO [Users] ([Id], [AvatarUrl], [CreatedAt], [Email], [EmailConfirmationTokenExpiresAtUtc], [EmailConfirmationTokenHash], [FailedLoginAttempts], [FullName], [IsActive], [LockedUntilUtc], [PasswordHash], [PasswordResetTokenExpiresAtUtc], [PasswordResetTokenHash], [PhoneNumber], [UpdatedAt])
OUTPUT INSERTED.[EmailConfirmed]
VALUES (@p0, @p1, @p2, @p3, @p4, @p5, @p6, @p7, @p8, @p9, @p10, @p11, @p12, @p13, @p14);
INSERT INTO [AuditLogs] ([Id], [Action], [CreatedAtUtc], [Details], [IpAddress], [UserAgent], [UserId])
VALUES (@p15, @p16, @p17, @p18, @p19, @p20, @p21);
INSERT INTO [RefreshTokens] ([Id], [CreatedAtUtc], [CreatedByIp], [ExpiresAtUtc], [IsRevoked], [ReplacedByTokenId], [TokenHash], [UserAgent], [UserId])
VALUES (@p22, @p23, @p24, @p25, @p26, @p27, @p28, @p29, @p30);
INSERT INTO [UserRoles] ([RoleId], [UserId], [AssignedAt])
VALUES (@p31, @p32, @p33);
2026-07-04 19:35:35.792 +03:00 [DBG] Closing data reader to 'SmartHorseDb' on server 'localhost\SQLEXPRESS01'.
2026-07-04 19:35:35.797 +03:00 [DBG] A data reader for 'SmartHorseDb' on server 'localhost\SQLEXPRESS01' is being disposed after spending 33ms reading results.
2026-07-04 19:35:35.808 +03:00 [DBG] Committing transaction.
2026-07-04 19:35:35.818 +03:00 [DBG] Committed transaction.
2026-07-04 19:35:35.824 +03:00 [DBG] Closing connection to database 'SmartHorseDb' on server 'localhost\SQLEXPRESS01'.
2026-07-04 19:35:35.828 +03:00 [DBG] Closed connection to database 'SmartHorseDb' on server 'localhost\SQLEXPRESS01' (3ms).
2026-07-04 19:35:35.834 +03:00 [DBG] Disposing transaction.
2026-07-04 19:35:35.858 +03:00 [DBG] An entity of type 'User' tracked by 'ApplicationDbContext' changed state from '"Added"' to '"Unchanged"'. Consider using 'DbContextOptionsBuilder.EnableSensitiveDataLogging' to see key values.
2026-07-04 19:35:35.864 +03:00 [DBG] An entity of type 'RefreshToken' tracked by 'ApplicationDbContext' changed state from '"Added"' to '"Unchanged"'. Consider using 'DbContextOptionsBuilder.EnableSensitiveDataLogging' to see key values.
2026-07-04 19:35:35.869 +03:00 [DBG] An entity of type 'UserRole' tracked by 'ApplicationDbContext' changed state from '"Added"' to '"Unchanged"'. Consider using 'DbContextOptionsBuilder.EnableSensitiveDataLogging' to see key values.
2026-07-04 19:35:35.878 +03:00 [DBG] An entity of type 'AuditLog' tracked by 'ApplicationDbContext' changed state from '"Added"' to '"Unchanged"'. Consider using 'DbContextOptionsBuilder.EnableSensitiveDataLogging' to see key values.
2026-07-04 19:35:35.884 +03:00 [DBG] SaveChanges completed for 'ApplicationDbContext' with 4 entities written to the database.
2026-07-04 19:35:35.908 +03:00 [WRN] Email:Smtp:Host is not configured — skipping send. Would have sent "Confirm your Smart Horse Management System email" to omar2026@test.com.
2026-07-04 19:35:35.920 +03:00 [DBG] List of registered output formatters, in the following order: ["Microsoft.AspNetCore.Mvc.Formatters.HttpNoContentOutputFormatter","Microsoft.AspNetCore.Mvc.Formatters.StringOutputFormatter","Microsoft.AspNetCore.Mvc.Formatters.StreamOutputFormatter","Microsoft.AspNetCore.Mvc.Formatters.SystemTextJsonOutputFormatter"]
2026-07-04 19:35:35.926 +03:00 [DBG] Attempting to select an output formatter based on Accept header '["application/json"]' and explicitly specified content types '["application/json"]'. The content types in the accept header must be a subset of the explicitly set content types.
2026-07-04 19:35:35.930 +03:00 [DBG] Selected output formatter 'Microsoft.AspNetCore.Mvc.Formatters.SystemTextJsonOutputFormatter' and content type 'application/json' to write the response.
2026-07-04 19:35:35.934 +03:00 [INF] Executing OkObjectResult, writing value of type 'SmartHorse.API.Common.ApiResponse`1[[SmartHorse.Application.Auth.DTOs.AuthResponseDto, SmartHorse.Application, Version=1.0.0.0, Culture=neutral, PublicKeyToken=null]]'.
2026-07-04 19:35:35.964 +03:00 [INF] Executed action SmartHorse.API.Controllers.AuthController.Register (SmartHorse.API) in 2577.3047ms
2026-07-04 19:35:35.969 +03:00 [INF] Executed endpoint 'SmartHorse.API.Controllers.AuthController.Register (SmartHorse.API)'
2026-07-04 19:35:35.974 +03:00 [INF] HTTP POST /api/v1/auth/register responded 200 in 2620.2320 ms
2026-07-04 19:35:35.980 +03:00 [DBG] 'ApplicationDbContext' disposed.
2026-07-04 19:35:35.985 +03:00 [DBG] Disposing connection to database 'SmartHorseDb' on server 'localhost\SQLEXPRESS01'.
2026-07-04 19:35:35.989 +03:00 [DBG] Disposed connection to database '' on server '' (2ms).
2026-07-04 19:35:35.992 +03:00 [INF] Request finished HTTP/2 POST https://localhost:7080/api/v1/auth/register?api-version=1.0 - 200 null application/json; charset=utf-8 2652.4848ms
2026-07-04 19:35:44.189 +03:00 [DBG] Connection id "0HNMPT2KJKVSB" is closing.
2026-07-04 19:35:44.193 +03:00 [DBG] Connection id "0HNMPT2KJKVSB" is closed. The last processed stream ID was 13.
2026-07-04 19:35:44.198 +03:00 [DBG] The connection queue processing loop for 0HNMPT2KJKVSB completed.
2026-07-04 19:35:44.199 +03:00 [DBG] Connection id "0HNMPT2KJKVSB" received FIN.
2026-07-04 19:35:44.202 +03:00 [DBG] Connection id "0HNMPT2KJKVSB" stopped.
2026-07-04 19:35:44.209 +03:00 [DBG] Connection id "0HNMPT2KJKVSB" sending FIN because: "The Socket transport's send loop completed gracefully."
2026-07-04 19:35:46.585 +03:00 [DBG] Connection id "0HNMPT2KJKVSD" accepted.
2026-07-04 19:35:46.587 +03:00 [DBG] Connection id "0HNMPT2KJKVSD" started.
2026-07-04 19:35:46.592 +03:00 [DBG] Connection 0HNMPT2KJKVSD established using the following protocol: "Tls13"
2026-07-04 19:35:46.597 +03:00 [INF] Request starting HTTP/2 GET https://localhost:7080/ - null null
2026-07-04 19:35:46.602 +03:00 [DBG] No candidates found for the request path '/'
2026-07-04 19:35:46.604 +03:00 [DBG] Request did not match any endpoints
2026-07-04 19:35:46.606 +03:00 [DBG] The request path  does not match the path filter
2026-07-04 19:35:46.608 +03:00 [DBG] The request path / does not match a supported file type
2026-07-04 19:35:46.610 +03:00 [DBG] AuthenticationScheme: Bearer was not authenticated.
2026-07-04 19:35:46.612 +03:00 [INF] HTTP GET / responded 404 in 5.7170 ms
2026-07-04 19:35:46.616 +03:00 [INF] Request finished HTTP/2 GET https://localhost:7080/ - 404 0 null 19.0898ms
2026-07-04 19:35:46.624 +03:00 [INF] Request reached the end of the middleware pipeline without being handled by application code. Request path: GET https://localhost:7080/, Response status code: 404
2026-07-04 19:35:48.350 +03:00 [INF] Request starting HTTP/2 GET https://localhost:7080/ - null null
2026-07-04 19:35:48.356 +03:00 [DBG] No candidates found for the request path '/'
2026-07-04 19:35:48.359 +03:00 [DBG] Request did not match any endpoints
2026-07-04 19:35:48.361 +03:00 [DBG] The request path  does not match the path filter
2026-07-04 19:35:48.363 +03:00 [DBG] The request path / does not match a supported file type
2026-07-04 19:35:48.365 +03:00 [DBG] AuthenticationScheme: Bearer was not authenticated.
2026-07-04 19:35:48.367 +03:00 [INF] HTTP GET / responded 404 in 5.8619 ms
2026-07-04 19:35:48.370 +03:00 [INF] Request finished HTTP/2 GET https://localhost:7080/ - 404 0 null 20.2192ms
2026-07-04 19:35:48.375 +03:00 [INF] Request reached the end of the middleware pipeline without being handled by application code. Request path: GET https://localhost:7080/, Response status code: 404
2026-07-04 19:35:48.564 +03:00 [INF] Request starting HTTP/2 GET https://localhost:7080/ - null null
2026-07-04 19:35:48.571 +03:00 [DBG] No candidates found for the request path '/'
2026-07-04 19:35:48.575 +03:00 [DBG] Request did not match any endpoints
2026-07-04 19:35:48.578 +03:00 [DBG] The request path  does not match the path filter
2026-07-04 19:35:48.581 +03:00 [DBG] The request path / does not match a supported file type
2026-07-04 19:35:48.584 +03:00 [DBG] AuthenticationScheme: Bearer was not authenticated.
2026-07-04 19:35:48.587 +03:00 [INF] HTTP GET / responded 404 in 9.3226 ms
2026-07-04 19:35:48.593 +03:00 [INF] Request finished HTTP/2 GET https://localhost:7080/ - 404 0 null 29.0627ms
2026-07-04 19:35:48.607 +03:00 [INF] Request reached the end of the middleware pipeline without being handled by application code. Request path: GET https://localhost:7080/, Response status code: 404
2026-07-04 19:36:34.401 +03:00 [INF] Request starting HTTP/2 POST https://localhost:7080/api/v1/auth/register?api-version=1.0 - application/json 190
2026-07-04 19:36:34.406 +03:00 [DBG] 1 candidate(s) found for the request path '/api/v1/auth/register'
2026-07-04 19:36:34.408 +03:00 [DBG] Endpoint 'SmartHorse.API.Controllers.AuthController.Register (SmartHorse.API)' with route pattern 'api/v1/auth/register' is valid for the request path '/api/v1/auth/register'
2026-07-04 19:36:34.412 +03:00 [DBG] Request matched endpoint 'SmartHorse.API.Controllers.AuthController.Register (SmartHorse.API)'
2026-07-04 19:36:34.414 +03:00 [DBG] Static files was skipped as the request already matched an endpoint.
2026-07-04 19:36:34.415 +03:00 [DBG] The request has an origin header: 'https://localhost:7080'.
2026-07-04 19:36:34.417 +03:00 [INF] CORS policy execution failed.
2026-07-04 19:36:34.419 +03:00 [INF] Request origin https://localhost:7080 does not have permission to access the resource.
2026-07-04 19:36:34.421 +03:00 [DBG] Static files was skipped as the request already matched an endpoint.
2026-07-04 19:36:34.422 +03:00 [DBG] AuthenticationScheme: Bearer was not authenticated.
2026-07-04 19:36:34.425 +03:00 [INF] Executing endpoint 'SmartHorse.API.Controllers.AuthController.Register (SmartHorse.API)'
2026-07-04 19:36:34.427 +03:00 [INF] Route matched with {action = "Register", controller = "Auth"}. Executing controller action with signature System.Threading.Tasks.Task`1[Microsoft.AspNetCore.Mvc.ActionResult`1[SmartHorse.Application.Auth.DTOs.AuthResponseDto]] Register(SmartHorse.Application.Auth.Commands.Register.RegisterCommand, System.Threading.CancellationToken) on controller SmartHorse.API.Controllers.AuthController (SmartHorse.API).
2026-07-04 19:36:34.431 +03:00 [DBG] Execution plan of authorization filters (in the following order): ["None"]
2026-07-04 19:36:34.433 +03:00 [DBG] Execution plan of resource filters (in the following order): ["None"]
2026-07-04 19:36:34.436 +03:00 [DBG] Execution plan of action filters (in the following order): ["Microsoft.AspNetCore.Mvc.ModelBinding.UnsupportedContentTypeFilter (Order: -3000)","Microsoft.AspNetCore.Mvc.Infrastructure.ModelStateInvalidFilter (Order: -2000)","Asp.Versioning.ReportApiVersionsAttribute (Order: 0)"]
2026-07-04 19:36:34.439 +03:00 [DBG] Execution plan of exception filters (in the following order): ["None"]
2026-07-04 19:36:34.442 +03:00 [DBG] Execution plan of result filters (in the following order): ["Microsoft.AspNetCore.Mvc.Infrastructure.ClientErrorResultFilter (Order: -2000)","SmartHorse.API.Common.ApiResponseWrapperFilter","Asp.Versioning.ReportApiVersionsAttribute (Order: 0)","Microsoft.AspNetCore.Mvc.ProducesAttribute (Order: 0)"]
2026-07-04 19:36:34.448 +03:00 [DBG] Executing controller factory for controller SmartHorse.API.Controllers.AuthController (SmartHorse.API)
2026-07-04 19:36:34.450 +03:00 [DBG] Executed controller factory for controller SmartHorse.API.Controllers.AuthController (SmartHorse.API)
2026-07-04 19:36:34.453 +03:00 [DBG] Attempting to bind parameter 'command' of type 'SmartHorse.Application.Auth.Commands.Register.RegisterCommand' ...
2026-07-04 19:36:34.455 +03:00 [DBG] Attempting to bind parameter 'command' of type 'SmartHorse.Application.Auth.Commands.Register.RegisterCommand' using the name '' in request data ...
2026-07-04 19:36:34.459 +03:00 [DBG] Selected input formatter 'Microsoft.AspNetCore.Mvc.Formatters.SystemTextJsonInputFormatter' for content type 'application/json'.
2026-07-04 19:36:34.463 +03:00 [DBG] Connection id "0HNMPT2KJKVSC", Request id "0HNMPT2KJKVSC:00000003": started reading request body.
2026-07-04 19:36:34.467 +03:00 [DBG] Connection id "0HNMPT2KJKVSC", Request id "0HNMPT2KJKVSC:00000003": done reading request body.
2026-07-04 19:36:34.470 +03:00 [DBG] JSON input formatter succeeded, deserializing to type 'SmartHorse.Application.Auth.Commands.Register.RegisterCommand'
2026-07-04 19:36:34.473 +03:00 [DBG] Done attempting to bind parameter 'command' of type 'SmartHorse.Application.Auth.Commands.Register.RegisterCommand'.
2026-07-04 19:36:34.476 +03:00 [DBG] Done attempting to bind parameter 'command' of type 'SmartHorse.Application.Auth.Commands.Register.RegisterCommand'.
2026-07-04 19:36:34.479 +03:00 [DBG] Attempting to validate the bound parameter 'command' of type 'SmartHorse.Application.Auth.Commands.Register.RegisterCommand' ...
2026-07-04 19:36:34.481 +03:00 [DBG] Done attempting to validate the bound parameter 'command' of type 'SmartHorse.Application.Auth.Commands.Register.RegisterCommand'.
2026-07-04 19:36:34.484 +03:00 [DBG] Attempting to bind parameter 'cancellationToken' of type 'System.Threading.CancellationToken' ...
2026-07-04 19:36:34.487 +03:00 [DBG] Done attempting to bind parameter 'cancellationToken' of type 'System.Threading.CancellationToken'.
2026-07-04 19:36:34.491 +03:00 [DBG] Attempting to validate the bound parameter 'cancellationToken' of type 'System.Threading.CancellationToken' ...
2026-07-04 19:36:34.494 +03:00 [DBG] Done attempting to validate the bound parameter 'cancellationToken' of type 'System.Threading.CancellationToken'.
2026-07-04 19:36:34.647 +03:00 [DBG] Entity Framework Core 8.0.8 initialized 'ApplicationDbContext' using provider 'Microsoft.EntityFrameworkCore.SqlServer:8.0.8' with options: MigrationsAssembly=SmartHorse.Infrastructure, Version=1.0.0.0, Culture=neutral, PublicKeyToken=null 
2026-07-04 19:36:34.662 +03:00 [DBG] Creating DbConnection.
2026-07-04 19:36:34.665 +03:00 [DBG] Created DbConnection. (3ms).
2026-07-04 19:36:34.667 +03:00 [DBG] Opening connection to database 'SmartHorseDb' on server 'localhost\SQLEXPRESS01'.
2026-07-04 19:36:34.672 +03:00 [DBG] Opened connection to database 'SmartHorseDb' on server 'localhost\SQLEXPRESS01'.
2026-07-04 19:36:34.676 +03:00 [DBG] Creating DbCommand for 'ExecuteReader'.
2026-07-04 19:36:34.678 +03:00 [DBG] Created DbCommand for 'ExecuteReader' (2ms).
2026-07-04 19:36:34.681 +03:00 [DBG] Initialized DbCommand for 'ExecuteReader' (4ms).
2026-07-04 19:36:34.683 +03:00 [DBG] Executing DbCommand [Parameters=[@__email_0='?' (Size = 256)], CommandType='"Text"', CommandTimeout='30']
SELECT CASE
    WHEN EXISTS (
        SELECT 1
        FROM [Users] AS [u]
        WHERE [u].[Email] = @__email_0) THEN CAST(1 AS bit)
    ELSE CAST(0 AS bit)
END
2026-07-04 19:36:34.709 +03:00 [INF] Executed DbCommand (25ms) [Parameters=[@__email_0='?' (Size = 256)], CommandType='"Text"', CommandTimeout='30']
SELECT CASE
    WHEN EXISTS (
        SELECT 1
        FROM [Users] AS [u]
        WHERE [u].[Email] = @__email_0) THEN CAST(1 AS bit)
    ELSE CAST(0 AS bit)
END
2026-07-04 19:36:34.715 +03:00 [DBG] Closing data reader to 'SmartHorseDb' on server 'localhost\SQLEXPRESS01'.
2026-07-04 19:36:34.719 +03:00 [DBG] A data reader for 'SmartHorseDb' on server 'localhost\SQLEXPRESS01' is being disposed after spending 3ms reading results.
2026-07-04 19:36:34.723 +03:00 [DBG] Closing connection to database 'SmartHorseDb' on server 'localhost\SQLEXPRESS01'.
2026-07-04 19:36:34.727 +03:00 [DBG] Closed connection to database 'SmartHorseDb' on server 'localhost\SQLEXPRESS01' (3ms).
2026-07-04 19:36:34.731 +03:00 [INF] Executed action SmartHorse.API.Controllers.AuthController.Register (SmartHorse.API) in 283.6789ms
2026-07-04 19:36:34.735 +03:00 [INF] Executed endpoint 'SmartHorse.API.Controllers.AuthController.Register (SmartHorse.API)'
2026-07-04 19:36:34.738 +03:00 [ERR] HTTP POST /api/v1/auth/register responded 500 in 324.3670 ms
SmartHorse.Application.Auth.Commands.Register.EmailAlreadyRegisteredException: An account with email "omar2026@test.com" already exists.
   at SmartHorse.Application.Auth.Commands.Register.RegisterCommandHandler.Handle(RegisterCommand request, CancellationToken cancellationToken) in D:\Graduation Project\SmartHorse.Backend\src\SmartHorse.Application\Auth\Commands\Register\RegisterCommandHandler.cs:line 59
   at SmartHorse.Application.Common.Behaviors.ValidationBehavior`2.Handle(TRequest request, RequestHandlerDelegate`1 next, CancellationToken cancellationToken) in D:\Graduation Project\SmartHorse.Backend\src\SmartHorse.Application\Common\Behaviors\ValidationBehavior.cs:line 54
   at SmartHorse.API.Controllers.AuthController.Register(RegisterCommand command, CancellationToken cancellationToken) in D:\Graduation Project\SmartHorse.Backend\src\SmartHorse.API\Controllers\AuthController.cs:line 53
   at lambda_method109(Closure, Object)
   at Microsoft.AspNetCore.Mvc.Infrastructure.ActionMethodExecutor.AwaitableObjectResultExecutor.Execute(ActionContext actionContext, IActionResultTypeMapper mapper, ObjectMethodExecutor executor, Object controller, Object[] arguments)
   at Microsoft.AspNetCore.Mvc.Infrastructure.ControllerActionInvoker.<InvokeActionMethodAsync>g__Awaited|12_0(ControllerActionInvoker invoker, ValueTask`1 actionResultValueTask)
   at Microsoft.AspNetCore.Mvc.Infrastructure.ControllerActionInvoker.<InvokeNextActionFilterAsync>g__Awaited|10_0(ControllerActionInvoker invoker, Task lastTask, State next, Scope scope, Object state, Boolean isCompleted)
   at Microsoft.AspNetCore.Mvc.Infrastructure.ControllerActionInvoker.Rethrow(ActionExecutedContextSealed context)
   at Microsoft.AspNetCore.Mvc.Infrastructure.ControllerActionInvoker.Next(State& next, Scope& scope, Object& state, Boolean& isCompleted)
   at Microsoft.AspNetCore.Mvc.Infrastructure.ControllerActionInvoker.<InvokeInnerFilterAsync>g__Awaited|13_0(ControllerActionInvoker invoker, Task lastTask, State next, Scope scope, Object state, Boolean isCompleted)
   at Microsoft.AspNetCore.Mvc.Infrastructure.ResourceInvoker.<InvokeFilterPipelineAsync>g__Awaited|20_0(ResourceInvoker invoker, Task lastTask, State next, Scope scope, Object state, Boolean isCompleted)
   at Microsoft.AspNetCore.Mvc.Infrastructure.ResourceInvoker.<InvokeAsync>g__Logged|17_1(ResourceInvoker invoker)
   at Microsoft.AspNetCore.Mvc.Infrastructure.ResourceInvoker.<InvokeAsync>g__Logged|17_1(ResourceInvoker invoker)
   at Microsoft.AspNetCore.Routing.EndpointMiddleware.<Invoke>g__AwaitRequestTask|7_0(Endpoint endpoint, Task requestTask, ILogger logger)
   at Microsoft.AspNetCore.Authorization.AuthorizationMiddleware.Invoke(HttpContext context)
   at Microsoft.AspNetCore.Authentication.AuthenticationMiddleware.Invoke(HttpContext context)
   at Microsoft.AspNetCore.RateLimiting.RateLimitingMiddleware.InvokeInternal(HttpContext context, EnableRateLimitingAttribute enableRateLimitingAttribute)
   at Swashbuckle.AspNetCore.SwaggerUI.SwaggerUIMiddleware.Invoke(HttpContext httpContext)
   at Swashbuckle.AspNetCore.Swagger.SwaggerMiddleware.Invoke(HttpContext httpContext, ISwaggerProvider swaggerProvider)
   at Serilog.AspNetCore.RequestLoggingMiddleware.Invoke(HttpContext httpContext)
2026-07-04 19:36:34.762 +03:00 [WRN] EmailAlreadyRegisteredException handled for POST /api/v1/auth/register: An account with email "omar2026@test.com" already exists.
2026-07-04 19:36:34.766 +03:00 [DBG] 'ApplicationDbContext' disposed.
2026-07-04 19:36:34.769 +03:00 [DBG] Disposing connection to database 'SmartHorseDb' on server 'localhost\SQLEXPRESS01'.
2026-07-04 19:36:34.773 +03:00 [DBG] Disposed connection to database '' on server '' (3ms).
2026-07-04 19:36:34.778 +03:00 [INF] Request finished HTTP/2 POST https://localhost:7080/api/v1/auth/register?api-version=1.0 - 409 null application/problem+json 377.2363ms
2026-07-04 19:36:44.633 +03:00 [INF] Request starting HTTP/2 GET https://localhost:7080/ - null null
2026-07-04 19:36:44.638 +03:00 [DBG] No candidates found for the request path '/'
2026-07-04 19:36:44.640 +03:00 [DBG] Request did not match any endpoints
2026-07-04 19:36:44.642 +03:00 [DBG] The request path  does not match the path filter
2026-07-04 19:36:44.644 +03:00 [DBG] The request path / does not match a supported file type
2026-07-04 19:36:44.646 +03:00 [DBG] AuthenticationScheme: Bearer was not authenticated.
2026-07-04 19:36:44.647 +03:00 [INF] HTTP GET / responded 404 in 5.4927 ms
2026-07-04 19:36:44.649 +03:00 [INF] Request finished HTTP/2 GET https://localhost:7080/ - 404 0 null 16.818ms
2026-07-04 19:36:44.654 +03:00 [INF] Request reached the end of the middleware pipeline without being handled by application code. Request path: GET https://localhost:7080/, Response status code: 404
2026-07-04 19:36:45.484 +03:00 [INF] Request starting HTTP/2 GET https://localhost:7080/ - null null
2026-07-04 19:36:45.488 +03:00 [DBG] No candidates found for the request path '/'
2026-07-04 19:36:45.490 +03:00 [DBG] Request did not match any endpoints
2026-07-04 19:36:45.491 +03:00 [DBG] The request path  does not match the path filter
2026-07-04 19:36:45.493 +03:00 [DBG] The request path / does not match a supported file type
2026-07-04 19:36:45.495 +03:00 [DBG] AuthenticationScheme: Bearer was not authenticated.
2026-07-04 19:36:45.497 +03:00 [INF] HTTP GET / responded 404 in 5.9879 ms
2026-07-04 19:36:45.500 +03:00 [INF] Request finished HTTP/2 GET https://localhost:7080/ - 404 0 null 16.5222ms
2026-07-04 19:36:45.505 +03:00 [INF] Request reached the end of the middleware pipeline without being handled by application code. Request path: GET https://localhost:7080/, Response status code: 404
2026-07-04 19:36:45.779 +03:00 [INF] Request starting HTTP/2 GET https://localhost:7080/ - null null
2026-07-04 19:36:45.783 +03:00 [DBG] No candidates found for the request path '/'
2026-07-04 19:36:45.785 +03:00 [DBG] Request did not match any endpoints
2026-07-04 19:36:45.786 +03:00 [DBG] The request path  does not match the path filter
2026-07-04 19:36:45.789 +03:00 [DBG] The request path / does not match a supported file type
2026-07-04 19:36:45.790 +03:00 [DBG] AuthenticationScheme: Bearer was not authenticated.
2026-07-04 19:36:45.792 +03:00 [INF] HTTP GET / responded 404 in 5.1443 ms
2026-07-04 19:36:45.795 +03:00 [INF] Request finished HTTP/2 GET https://localhost:7080/ - 404 0 null 16.4696ms
2026-07-04 19:36:45.800 +03:00 [INF] Request reached the end of the middleware pipeline without being handled by application code. Request path: GET https://localhost:7080/, Response status code: 404
2026-07-04 19:36:45.937 +03:00 [INF] Request starting HTTP/2 GET https://localhost:7080/ - null null
2026-07-04 19:36:45.945 +03:00 [DBG] No candidates found for the request path '/'
2026-07-04 19:36:45.949 +03:00 [DBG] Request did not match any endpoints
2026-07-04 19:36:45.951 +03:00 [DBG] The request path  does not match the path filter
2026-07-04 19:36:45.954 +03:00 [DBG] The request path / does not match a supported file type
2026-07-04 19:36:45.956 +03:00 [DBG] AuthenticationScheme: Bearer was not authenticated.
2026-07-04 19:36:45.959 +03:00 [INF] HTTP GET / responded 404 in 7.7372 ms
2026-07-04 19:36:45.965 +03:00 [INF] Request finished HTTP/2 GET https://localhost:7080/ - 404 0 null 27.5375ms
2026-07-04 19:36:45.973 +03:00 [INF] Request reached the end of the middleware pipeline without being handled by application code. Request path: GET https://localhost:7080/, Response status code: 404
2026-07-04 19:36:46.289 +03:00 [INF] Request starting HTTP/2 GET https://localhost:7080/ - null null
2026-07-04 19:36:46.304 +03:00 [DBG] No candidates found for the request path '/'
2026-07-04 19:36:46.311 +03:00 [DBG] Request did not match any endpoints
2026-07-04 19:36:46.316 +03:00 [DBG] The request path  does not match the path filter
2026-07-04 19:36:46.321 +03:00 [DBG] The request path / does not match a supported file type
2026-07-04 19:36:46.327 +03:00 [DBG] AuthenticationScheme: Bearer was not authenticated.
2026-07-04 19:36:46.332 +03:00 [INF] HTTP GET / responded 404 in 16.7053 ms
2026-07-04 19:36:46.341 +03:00 [INF] Request finished HTTP/2 GET https://localhost:7080/ - 404 0 null 51.3805ms
2026-07-04 19:36:46.356 +03:00 [INF] Request reached the end of the middleware pipeline without being handled by application code. Request path: GET https://localhost:7080/, Response status code: 404
2026-07-04 19:36:46.653 +03:00 [INF] Request starting HTTP/2 GET https://localhost:7080/ - null null
2026-07-04 19:36:46.667 +03:00 [DBG] No candidates found for the request path '/'
2026-07-04 19:36:46.673 +03:00 [DBG] Request did not match any endpoints
2026-07-04 19:36:46.678 +03:00 [DBG] The request path  does not match the path filter
2026-07-04 19:36:46.684 +03:00 [DBG] The request path / does not match a supported file type
2026-07-04 19:36:46.690 +03:00 [DBG] AuthenticationScheme: Bearer was not authenticated.
2026-07-04 19:36:46.696 +03:00 [INF] HTTP GET / responded 404 in 17.8168 ms
2026-07-04 19:36:46.705 +03:00 [INF] Request finished HTTP/2 GET https://localhost:7080/ - 404 0 null 52.4382ms
2026-07-04 19:36:46.722 +03:00 [INF] Request reached the end of the middleware pipeline without being handled by application code. Request path: GET https://localhost:7080/, Response status code: 404
2026-07-04 19:36:50.555 +03:00 [INF] Request starting HTTP/2 GET https://localhost:7080/ - null null
2026-07-04 19:36:50.560 +03:00 [DBG] No candidates found for the request path '/'
2026-07-04 19:36:50.562 +03:00 [DBG] Request did not match any endpoints
2026-07-04 19:36:50.564 +03:00 [DBG] The request path  does not match the path filter
2026-07-04 19:36:50.566 +03:00 [DBG] The request path / does not match a supported file type
2026-07-04 19:36:50.568 +03:00 [DBG] AuthenticationScheme: Bearer was not authenticated.
2026-07-04 19:36:50.570 +03:00 [INF] HTTP GET / responded 404 in 6.0102 ms
2026-07-04 19:36:50.573 +03:00 [INF] Request finished HTTP/2 GET https://localhost:7080/ - 404 0 null 18.3409ms
2026-07-04 19:36:50.580 +03:00 [INF] Request reached the end of the middleware pipeline without being handled by application code. Request path: GET https://localhost:7080/, Response status code: 404
2026-07-04 19:38:58.298 +03:00 [DBG] Connection id "0HNMPT2KJKVSD" is closing.
2026-07-04 19:38:58.300 +03:00 [DBG] Connection id "0HNMPT2KJKVSD" is closed. The last processed stream ID was 17.
2026-07-04 19:38:58.303 +03:00 [DBG] The connection queue processing loop for 0HNMPT2KJKVSD completed.
2026-07-04 19:38:58.303 +03:00 [DBG] Connection id "0HNMPT2KJKVSD" received FIN.
2026-07-04 19:38:58.305 +03:00 [DBG] Connection id "0HNMPT2KJKVSD" stopped.
2026-07-04 19:38:58.308 +03:00 [DBG] Connection id "0HNMPT2KJKVSD" sending FIN because: "The Socket transport's send loop completed gracefully."
2026-07-04 19:39:02.300 +03:00 [DBG] Connection id "0HNMPT2KJKVSC" is closing.
2026-07-04 19:39:02.302 +03:00 [DBG] Connection id "0HNMPT2KJKVSC" is closed. The last processed stream ID was 5.
2026-07-04 19:39:02.304 +03:00 [DBG] The connection queue processing loop for 0HNMPT2KJKVSC completed.
2026-07-04 19:39:02.304 +03:00 [DBG] Connection id "0HNMPT2KJKVSC" received FIN.
2026-07-04 19:39:02.306 +03:00 [DBG] Connection id "0HNMPT2KJKVSC" stopped.
2026-07-04 19:39:02.309 +03:00 [DBG] Connection id "0HNMPT2KJKVSC" sending FIN because: "The Socket transport's send loop completed gracefully."
2026-07-04 19:39:31.562 +03:00 [DBG] Connection id "0HNMPT2KJKVSE" accepted.
2026-07-04 19:39:31.564 +03:00 [DBG] Connection id "0HNMPT2KJKVSE" started.
2026-07-04 19:39:31.569 +03:00 [DBG] Connection 0HNMPT2KJKVSE established using the following protocol: "Tls13"
2026-07-04 19:39:31.572 +03:00 [INF] Request starting HTTP/2 POST https://localhost:7080/api/v1/auth/register?api-version=1.0 - application/json 192
2026-07-04 19:39:31.577 +03:00 [DBG] 1 candidate(s) found for the request path '/api/v1/auth/register'
2026-07-04 19:39:31.580 +03:00 [DBG] Endpoint 'SmartHorse.API.Controllers.AuthController.Register (SmartHorse.API)' with route pattern 'api/v1/auth/register' is valid for the request path '/api/v1/auth/register'
2026-07-04 19:39:31.585 +03:00 [DBG] Request matched endpoint 'SmartHorse.API.Controllers.AuthController.Register (SmartHorse.API)'
2026-07-04 19:39:31.587 +03:00 [DBG] Static files was skipped as the request already matched an endpoint.
2026-07-04 19:39:31.590 +03:00 [DBG] The request has an origin header: 'https://localhost:7080'.
2026-07-04 19:39:31.593 +03:00 [INF] CORS policy execution failed.
2026-07-04 19:39:31.595 +03:00 [INF] Request origin https://localhost:7080 does not have permission to access the resource.
2026-07-04 19:39:31.597 +03:00 [DBG] Static files was skipped as the request already matched an endpoint.
2026-07-04 19:39:31.599 +03:00 [DBG] AuthenticationScheme: Bearer was not authenticated.
2026-07-04 19:39:31.601 +03:00 [INF] Executing endpoint 'SmartHorse.API.Controllers.AuthController.Register (SmartHorse.API)'
2026-07-04 19:39:31.604 +03:00 [INF] Route matched with {action = "Register", controller = "Auth"}. Executing controller action with signature System.Threading.Tasks.Task`1[Microsoft.AspNetCore.Mvc.ActionResult`1[SmartHorse.Application.Auth.DTOs.AuthResponseDto]] Register(SmartHorse.Application.Auth.Commands.Register.RegisterCommand, System.Threading.CancellationToken) on controller SmartHorse.API.Controllers.AuthController (SmartHorse.API).
2026-07-04 19:39:31.608 +03:00 [DBG] Execution plan of authorization filters (in the following order): ["None"]
2026-07-04 19:39:31.612 +03:00 [DBG] Execution plan of resource filters (in the following order): ["None"]
2026-07-04 19:39:31.615 +03:00 [DBG] Execution plan of action filters (in the following order): ["Microsoft.AspNetCore.Mvc.ModelBinding.UnsupportedContentTypeFilter (Order: -3000)","Microsoft.AspNetCore.Mvc.Infrastructure.ModelStateInvalidFilter (Order: -2000)","Asp.Versioning.ReportApiVersionsAttribute (Order: 0)"]
2026-07-04 19:39:31.620 +03:00 [DBG] Execution plan of exception filters (in the following order): ["None"]
2026-07-04 19:39:31.623 +03:00 [DBG] Execution plan of result filters (in the following order): ["Microsoft.AspNetCore.Mvc.Infrastructure.ClientErrorResultFilter (Order: -2000)","SmartHorse.API.Common.ApiResponseWrapperFilter","Asp.Versioning.ReportApiVersionsAttribute (Order: 0)","Microsoft.AspNetCore.Mvc.ProducesAttribute (Order: 0)"]
2026-07-04 19:39:31.629 +03:00 [DBG] Executing controller factory for controller SmartHorse.API.Controllers.AuthController (SmartHorse.API)
2026-07-04 19:39:31.632 +03:00 [DBG] Executed controller factory for controller SmartHorse.API.Controllers.AuthController (SmartHorse.API)
2026-07-04 19:39:31.636 +03:00 [DBG] Attempting to bind parameter 'command' of type 'SmartHorse.Application.Auth.Commands.Register.RegisterCommand' ...
2026-07-04 19:39:31.640 +03:00 [DBG] Attempting to bind parameter 'command' of type 'SmartHorse.Application.Auth.Commands.Register.RegisterCommand' using the name '' in request data ...
2026-07-04 19:39:31.644 +03:00 [DBG] Selected input formatter 'Microsoft.AspNetCore.Mvc.Formatters.SystemTextJsonInputFormatter' for content type 'application/json'.
2026-07-04 19:39:31.648 +03:00 [DBG] Connection id "0HNMPT2KJKVSE", Request id "0HNMPT2KJKVSE:00000001": started reading request body.
2026-07-04 19:39:31.653 +03:00 [DBG] Connection id "0HNMPT2KJKVSE", Request id "0HNMPT2KJKVSE:00000001": done reading request body.
2026-07-04 19:39:31.656 +03:00 [DBG] JSON input formatter succeeded, deserializing to type 'SmartHorse.Application.Auth.Commands.Register.RegisterCommand'
2026-07-04 19:39:31.660 +03:00 [DBG] Done attempting to bind parameter 'command' of type 'SmartHorse.Application.Auth.Commands.Register.RegisterCommand'.
2026-07-04 19:39:31.664 +03:00 [DBG] Done attempting to bind parameter 'command' of type 'SmartHorse.Application.Auth.Commands.Register.RegisterCommand'.
2026-07-04 19:39:31.667 +03:00 [DBG] Attempting to validate the bound parameter 'command' of type 'SmartHorse.Application.Auth.Commands.Register.RegisterCommand' ...
2026-07-04 19:39:31.671 +03:00 [DBG] Done attempting to validate the bound parameter 'command' of type 'SmartHorse.Application.Auth.Commands.Register.RegisterCommand'.
2026-07-04 19:39:31.674 +03:00 [DBG] Attempting to bind parameter 'cancellationToken' of type 'System.Threading.CancellationToken' ...
2026-07-04 19:39:31.678 +03:00 [DBG] Done attempting to bind parameter 'cancellationToken' of type 'System.Threading.CancellationToken'.
2026-07-04 19:39:31.682 +03:00 [DBG] Attempting to validate the bound parameter 'cancellationToken' of type 'System.Threading.CancellationToken' ...
2026-07-04 19:39:31.686 +03:00 [DBG] Done attempting to validate the bound parameter 'cancellationToken' of type 'System.Threading.CancellationToken'.
2026-07-04 19:39:31.711 +03:00 [DBG] Entity Framework Core 8.0.8 initialized 'ApplicationDbContext' using provider 'Microsoft.EntityFrameworkCore.SqlServer:8.0.8' with options: MigrationsAssembly=SmartHorse.Infrastructure, Version=1.0.0.0, Culture=neutral, PublicKeyToken=null 
2026-07-04 19:39:31.718 +03:00 [DBG] Creating DbConnection.
2026-07-04 19:39:31.721 +03:00 [DBG] Created DbConnection. (2ms).
2026-07-04 19:39:31.723 +03:00 [DBG] Opening connection to database 'SmartHorseDb' on server 'localhost\SQLEXPRESS01'.
2026-07-04 19:39:31.727 +03:00 [DBG] Opened connection to database 'SmartHorseDb' on server 'localhost\SQLEXPRESS01'.
2026-07-04 19:39:31.730 +03:00 [DBG] Creating DbCommand for 'ExecuteReader'.
2026-07-04 19:39:31.732 +03:00 [DBG] Created DbCommand for 'ExecuteReader' (2ms).
2026-07-04 19:39:31.736 +03:00 [DBG] Initialized DbCommand for 'ExecuteReader' (5ms).
2026-07-04 19:39:31.738 +03:00 [DBG] Executing DbCommand [Parameters=[@__email_0='?' (Size = 256)], CommandType='"Text"', CommandTimeout='30']
SELECT CASE
    WHEN EXISTS (
        SELECT 1
        FROM [Users] AS [u]
        WHERE [u].[Email] = @__email_0) THEN CAST(1 AS bit)
    ELSE CAST(0 AS bit)
END
2026-07-04 19:39:31.753 +03:00 [INF] Executed DbCommand (15ms) [Parameters=[@__email_0='?' (Size = 256)], CommandType='"Text"', CommandTimeout='30']
SELECT CASE
    WHEN EXISTS (
        SELECT 1
        FROM [Users] AS [u]
        WHERE [u].[Email] = @__email_0) THEN CAST(1 AS bit)
    ELSE CAST(0 AS bit)
END
2026-07-04 19:39:31.760 +03:00 [DBG] Closing data reader to 'SmartHorseDb' on server 'localhost\SQLEXPRESS01'.
2026-07-04 19:39:31.764 +03:00 [DBG] A data reader for 'SmartHorseDb' on server 'localhost\SQLEXPRESS01' is being disposed after spending 4ms reading results.
2026-07-04 19:39:31.769 +03:00 [DBG] Closing connection to database 'SmartHorseDb' on server 'localhost\SQLEXPRESS01'.
2026-07-04 19:39:31.772 +03:00 [DBG] Closed connection to database 'SmartHorseDb' on server 'localhost\SQLEXPRESS01' (3ms).
2026-07-04 19:39:31.777 +03:00 [DBG] Opening connection to database 'SmartHorseDb' on server 'localhost\SQLEXPRESS01'.
2026-07-04 19:39:31.782 +03:00 [DBG] Opened connection to database 'SmartHorseDb' on server 'localhost\SQLEXPRESS01'.
2026-07-04 19:39:31.786 +03:00 [DBG] Creating DbCommand for 'ExecuteReader'.
2026-07-04 19:39:31.789 +03:00 [DBG] Created DbCommand for 'ExecuteReader' (3ms).
2026-07-04 19:39:31.793 +03:00 [DBG] Initialized DbCommand for 'ExecuteReader' (6ms).
2026-07-04 19:39:31.797 +03:00 [DBG] Executing DbCommand [Parameters=[@__name_0='?' (Size = 50)], CommandType='"Text"', CommandTimeout='30']
SELECT TOP(1) [r].[Id], [r].[Name]
FROM [Roles] AS [r]
WHERE [r].[Name] = @__name_0
2026-07-04 19:39:31.807 +03:00 [INF] Executed DbCommand (9ms) [Parameters=[@__name_0='?' (Size = 50)], CommandType='"Text"', CommandTimeout='30']
SELECT TOP(1) [r].[Id], [r].[Name]
FROM [Roles] AS [r]
WHERE [r].[Name] = @__name_0
2026-07-04 19:39:31.814 +03:00 [DBG] Context 'ApplicationDbContext' started tracking 'Role' entity. Consider using 'DbContextOptionsBuilder.EnableSensitiveDataLogging' to see key values.
2026-07-04 19:39:31.818 +03:00 [DBG] Closing data reader to 'SmartHorseDb' on server 'localhost\SQLEXPRESS01'.
2026-07-04 19:39:31.822 +03:00 [DBG] A data reader for 'SmartHorseDb' on server 'localhost\SQLEXPRESS01' is being disposed after spending 8ms reading results.
2026-07-04 19:39:31.826 +03:00 [DBG] Closing connection to database 'SmartHorseDb' on server 'localhost\SQLEXPRESS01'.
2026-07-04 19:39:31.830 +03:00 [DBG] Closed connection to database 'SmartHorseDb' on server 'localhost\SQLEXPRESS01' (4ms).
2026-07-04 19:39:32.601 +03:00 [INF] Executed action SmartHorse.API.Controllers.AuthController.Register (SmartHorse.API) in 971.7342ms
2026-07-04 19:39:32.604 +03:00 [INF] Executed endpoint 'SmartHorse.API.Controllers.AuthController.Register (SmartHorse.API)'
2026-07-04 19:39:32.607 +03:00 [ERR] HTTP POST /api/v1/auth/register responded 500 in 1019.2933 ms
System.ObjectDisposedException: Cannot access a disposed object.
Object name: 'System.Security.Cryptography.RSABCrypt'.
   at System.Security.Cryptography.RSABCrypt.GetKey()
   at System.Security.Cryptography.RSABCrypt.TrySignHash(ReadOnlySpan`1 hash, Span`1 destination, HashAlgorithmName hashAlgorithm, RSASignaturePadding padding, Int32& bytesWritten)
   at System.Security.Cryptography.RSA.SignHash(ReadOnlySpan`1 hash, Span`1 destination, HashAlgorithmName hashAlgorithm, RSASignaturePadding padding)
   at System.Security.Cryptography.RSABCrypt.SignHash(Byte[] hash, HashAlgorithmName hashAlgorithm, RSASignaturePadding padding)
   at Microsoft.IdentityModel.Tokens.AsymmetricAdapter.SignRsa(Byte[] bytes)
   at Microsoft.IdentityModel.Tokens.AsymmetricAdapter.Sign(Byte[] bytes)
   at Microsoft.IdentityModel.Tokens.AsymmetricSignatureProvider.Sign(Byte[] input)
   at Microsoft.IdentityModel.JsonWebTokens.JwtTokenUtilities.CreateEncodedSignature(String input, SigningCredentials signingCredentials)
   at System.IdentityModel.Tokens.Jwt.JwtSecurityTokenHandler.WriteToken(SecurityToken token)
   at SmartHorse.Infrastructure.Identity.JwtService.GenerateAccessToken(User user, IEnumerable`1 roles) in D:\Graduation Project\SmartHorse.Backend\src\SmartHorse.Infrastructure\Identity\JwtService.cs:line 62
   at SmartHorse.Application.Auth.Commands.Register.RegisterCommandHandler.Handle(RegisterCommand request, CancellationToken cancellationToken) in D:\Graduation Project\SmartHorse.Backend\src\SmartHorse.Application\Auth\Commands\Register\RegisterCommandHandler.cs:line 70
   at SmartHorse.Application.Common.Behaviors.ValidationBehavior`2.Handle(TRequest request, RequestHandlerDelegate`1 next, CancellationToken cancellationToken) in D:\Graduation Project\SmartHorse.Backend\src\SmartHorse.Application\Common\Behaviors\ValidationBehavior.cs:line 54
   at SmartHorse.API.Controllers.AuthController.Register(RegisterCommand command, CancellationToken cancellationToken) in D:\Graduation Project\SmartHorse.Backend\src\SmartHorse.API\Controllers\AuthController.cs:line 53
   at lambda_method109(Closure, Object)
   at Microsoft.AspNetCore.Mvc.Infrastructure.ActionMethodExecutor.AwaitableObjectResultExecutor.Execute(ActionContext actionContext, IActionResultTypeMapper mapper, ObjectMethodExecutor executor, Object controller, Object[] arguments)
   at Microsoft.AspNetCore.Mvc.Infrastructure.ControllerActionInvoker.<InvokeActionMethodAsync>g__Awaited|12_0(ControllerActionInvoker invoker, ValueTask`1 actionResultValueTask)
   at Microsoft.AspNetCore.Mvc.Infrastructure.ControllerActionInvoker.<InvokeNextActionFilterAsync>g__Awaited|10_0(ControllerActionInvoker invoker, Task lastTask, State next, Scope scope, Object state, Boolean isCompleted)
   at Microsoft.AspNetCore.Mvc.Infrastructure.ControllerActionInvoker.Rethrow(ActionExecutedContextSealed context)
   at Microsoft.AspNetCore.Mvc.Infrastructure.ControllerActionInvoker.Next(State& next, Scope& scope, Object& state, Boolean& isCompleted)
   at Microsoft.AspNetCore.Mvc.Infrastructure.ControllerActionInvoker.<InvokeInnerFilterAsync>g__Awaited|13_0(ControllerActionInvoker invoker, Task lastTask, State next, Scope scope, Object state, Boolean isCompleted)
   at Microsoft.AspNetCore.Mvc.Infrastructure.ResourceInvoker.<InvokeFilterPipelineAsync>g__Awaited|20_0(ResourceInvoker invoker, Task lastTask, State next, Scope scope, Object state, Boolean isCompleted)
   at Microsoft.AspNetCore.Mvc.Infrastructure.ResourceInvoker.<InvokeAsync>g__Logged|17_1(ResourceInvoker invoker)
   at Microsoft.AspNetCore.Mvc.Infrastructure.ResourceInvoker.<InvokeAsync>g__Logged|17_1(ResourceInvoker invoker)
   at Microsoft.AspNetCore.Routing.EndpointMiddleware.<Invoke>g__AwaitRequestTask|7_0(Endpoint endpoint, Task requestTask, ILogger logger)
   at Microsoft.AspNetCore.Authorization.AuthorizationMiddleware.Invoke(HttpContext context)
   at Microsoft.AspNetCore.Authentication.AuthenticationMiddleware.Invoke(HttpContext context)
   at Microsoft.AspNetCore.RateLimiting.RateLimitingMiddleware.InvokeInternal(HttpContext context, EnableRateLimitingAttribute enableRateLimitingAttribute)
   at Swashbuckle.AspNetCore.SwaggerUI.SwaggerUIMiddleware.Invoke(HttpContext httpContext)
   at Swashbuckle.AspNetCore.Swagger.SwaggerMiddleware.Invoke(HttpContext httpContext, ISwaggerProvider swaggerProvider)
   at Serilog.AspNetCore.RequestLoggingMiddleware.Invoke(HttpContext httpContext)
2026-07-04 19:39:32.632 +03:00 [ERR] Unhandled exception processing POST /api/v1/auth/register
System.ObjectDisposedException: Cannot access a disposed object.
Object name: 'System.Security.Cryptography.RSABCrypt'.
   at System.Security.Cryptography.RSABCrypt.GetKey()
   at System.Security.Cryptography.RSABCrypt.TrySignHash(ReadOnlySpan`1 hash, Span`1 destination, HashAlgorithmName hashAlgorithm, RSASignaturePadding padding, Int32& bytesWritten)
   at System.Security.Cryptography.RSA.SignHash(ReadOnlySpan`1 hash, Span`1 destination, HashAlgorithmName hashAlgorithm, RSASignaturePadding padding)
   at System.Security.Cryptography.RSABCrypt.SignHash(Byte[] hash, HashAlgorithmName hashAlgorithm, RSASignaturePadding padding)
   at Microsoft.IdentityModel.Tokens.AsymmetricAdapter.SignRsa(Byte[] bytes)
   at Microsoft.IdentityModel.Tokens.AsymmetricAdapter.Sign(Byte[] bytes)
   at Microsoft.IdentityModel.Tokens.AsymmetricSignatureProvider.Sign(Byte[] input)
   at Microsoft.IdentityModel.JsonWebTokens.JwtTokenUtilities.CreateEncodedSignature(String input, SigningCredentials signingCredentials)
   at System.IdentityModel.Tokens.Jwt.JwtSecurityTokenHandler.WriteToken(SecurityToken token)
   at SmartHorse.Infrastructure.Identity.JwtService.GenerateAccessToken(User user, IEnumerable`1 roles) in D:\Graduation Project\SmartHorse.Backend\src\SmartHorse.Infrastructure\Identity\JwtService.cs:line 62
   at SmartHorse.Application.Auth.Commands.Register.RegisterCommandHandler.Handle(RegisterCommand request, CancellationToken cancellationToken) in D:\Graduation Project\SmartHorse.Backend\src\SmartHorse.Application\Auth\Commands\Register\RegisterCommandHandler.cs:line 70
   at SmartHorse.Application.Common.Behaviors.ValidationBehavior`2.Handle(TRequest request, RequestHandlerDelegate`1 next, CancellationToken cancellationToken) in D:\Graduation Project\SmartHorse.Backend\src\SmartHorse.Application\Common\Behaviors\ValidationBehavior.cs:line 54
   at SmartHorse.API.Controllers.AuthController.Register(RegisterCommand command, CancellationToken cancellationToken) in D:\Graduation Project\SmartHorse.Backend\src\SmartHorse.API\Controllers\AuthController.cs:line 53
   at lambda_method109(Closure, Object)
   at Microsoft.AspNetCore.Mvc.Infrastructure.ActionMethodExecutor.AwaitableObjectResultExecutor.Execute(ActionContext actionContext, IActionResultTypeMapper mapper, ObjectMethodExecutor executor, Object controller, Object[] arguments)
   at Microsoft.AspNetCore.Mvc.Infrastructure.ControllerActionInvoker.<InvokeActionMethodAsync>g__Awaited|12_0(ControllerActionInvoker invoker, ValueTask`1 actionResultValueTask)
   at Microsoft.AspNetCore.Mvc.Infrastructure.ControllerActionInvoker.<InvokeNextActionFilterAsync>g__Awaited|10_0(ControllerActionInvoker invoker, Task lastTask, State next, Scope scope, Object state, Boolean isCompleted)
   at Microsoft.AspNetCore.Mvc.Infrastructure.ControllerActionInvoker.Rethrow(ActionExecutedContextSealed context)
   at Microsoft.AspNetCore.Mvc.Infrastructure.ControllerActionInvoker.Next(State& next, Scope& scope, Object& state, Boolean& isCompleted)
   at Microsoft.AspNetCore.Mvc.Infrastructure.ControllerActionInvoker.<InvokeInnerFilterAsync>g__Awaited|13_0(ControllerActionInvoker invoker, Task lastTask, State next, Scope scope, Object state, Boolean isCompleted)
   at Microsoft.AspNetCore.Mvc.Infrastructure.ResourceInvoker.<InvokeFilterPipelineAsync>g__Awaited|20_0(ResourceInvoker invoker, Task lastTask, State next, Scope scope, Object state, Boolean isCompleted)
   at Microsoft.AspNetCore.Mvc.Infrastructure.ResourceInvoker.<InvokeAsync>g__Logged|17_1(ResourceInvoker invoker)
   at Microsoft.AspNetCore.Mvc.Infrastructure.ResourceInvoker.<InvokeAsync>g__Logged|17_1(ResourceInvoker invoker)
   at Microsoft.AspNetCore.Routing.EndpointMiddleware.<Invoke>g__AwaitRequestTask|7_0(Endpoint endpoint, Task requestTask, ILogger logger)
   at Microsoft.AspNetCore.Authorization.AuthorizationMiddleware.Invoke(HttpContext context)
   at Microsoft.AspNetCore.Authentication.AuthenticationMiddleware.Invoke(HttpContext context)
   at Microsoft.AspNetCore.RateLimiting.RateLimitingMiddleware.InvokeInternal(HttpContext context, EnableRateLimitingAttribute enableRateLimitingAttribute)
   at Swashbuckle.AspNetCore.SwaggerUI.SwaggerUIMiddleware.Invoke(HttpContext httpContext)
   at Swashbuckle.AspNetCore.Swagger.SwaggerMiddleware.Invoke(HttpContext httpContext, ISwaggerProvider swaggerProvider)
   at Serilog.AspNetCore.RequestLoggingMiddleware.Invoke(HttpContext httpContext)
   at SmartHorse.API.Middleware.CorrelationIdMiddleware.InvokeAsync(HttpContext context) in D:\Graduation Project\SmartHorse.Backend\src\SmartHorse.API\Middleware\CorrelationIdMiddleware.cs:line 31
   at SmartHorse.API.Middleware.ExceptionHandlingMiddleware.InvokeAsync(HttpContext context) in D:\Graduation Project\SmartHorse.Backend\src\SmartHorse.API\Middleware\ExceptionHandlingMiddleware.cs:line 37
2026-07-04 19:39:32.653 +03:00 [DBG] 'ApplicationDbContext' disposed.
2026-07-04 19:39:32.656 +03:00 [DBG] Disposing connection to database 'SmartHorseDb' on server 'localhost\SQLEXPRESS01'.
2026-07-04 19:39:32.658 +03:00 [DBG] Disposed connection to database '' on server '' (3ms).
2026-07-04 19:39:32.661 +03:00 [INF] Request finished HTTP/2 POST https://localhost:7080/api/v1/auth/register?api-version=1.0 - 500 null application/problem+json 1089.1803ms
2026-07-04 19:41:44.389 +03:00 [DBG] Connection id "0HNMPT2KJKVSE" is closing.
2026-07-04 19:41:44.392 +03:00 [DBG] Connection id "0HNMPT2KJKVSE" is closed. The last processed stream ID was 1.
2026-07-04 19:41:44.398 +03:00 [DBG] The connection queue processing loop for 0HNMPT2KJKVSE completed.
2026-07-04 19:41:44.398 +03:00 [DBG] Connection id "0HNMPT2KJKVSE" received FIN.
2026-07-04 19:41:44.402 +03:00 [DBG] Connection id "0HNMPT2KJKVSE" stopped.
2026-07-04 19:41:44.408 +03:00 [DBG] Connection id "0HNMPT2KJKVSE" sending FIN because: "The Socket transport's send loop completed gracefully."
2026-07-04 19:44:29.097 +03:00 [DBG] Connection id "0HNMPT2KJKVSF" accepted.
2026-07-04 19:44:29.106 +03:00 [DBG] Connection id "0HNMPT2KJKVSF" started.
2026-07-04 19:44:29.155 +03:00 [DBG] Connection 0HNMPT2KJKVSF established using the following protocol: "Tls13"
2026-07-04 19:44:29.167 +03:00 [INF] Request starting HTTP/2 GET https://localhost:7080/ - null null
2026-07-04 19:44:29.184 +03:00 [DBG] No candidates found for the request path '/'
2026-07-04 19:44:29.192 +03:00 [DBG] Request did not match any endpoints
2026-07-04 19:44:29.199 +03:00 [DBG] The request path  does not match the path filter
2026-07-04 19:44:29.207 +03:00 [DBG] The request path / does not match a supported file type
2026-07-04 19:44:29.215 +03:00 [DBG] AuthenticationScheme: Bearer was not authenticated.
2026-07-04 19:44:29.223 +03:00 [INF] HTTP GET / responded 404 in 24.2913 ms
2026-07-04 19:44:29.236 +03:00 [INF] Request finished HTTP/2 GET https://localhost:7080/ - 404 0 null 69.6043ms
2026-07-04 19:44:29.270 +03:00 [INF] Request reached the end of the middleware pipeline without being handled by application code. Request path: GET https://localhost:7080/, Response status code: 404
2026-07-04 19:44:30.906 +03:00 [INF] Request starting HTTP/2 GET https://localhost:7080/ - null null
2026-07-04 19:44:30.924 +03:00 [DBG] No candidates found for the request path '/'
2026-07-04 19:44:30.931 +03:00 [DBG] Request did not match any endpoints
2026-07-04 19:44:30.938 +03:00 [DBG] The request path  does not match the path filter
2026-07-04 19:44:30.945 +03:00 [DBG] The request path / does not match a supported file type
2026-07-04 19:44:30.953 +03:00 [DBG] AuthenticationScheme: Bearer was not authenticated.
2026-07-04 19:44:30.962 +03:00 [INF] HTTP GET / responded 404 in 23.5531 ms
2026-07-04 19:44:30.973 +03:00 [INF] Request finished HTTP/2 GET https://localhost:7080/ - 404 0 null 66.7813ms
2026-07-04 19:44:30.996 +03:00 [INF] Request reached the end of the middleware pipeline without being handled by application code. Request path: GET https://localhost:7080/, Response status code: 404
2026-07-04 19:46:42.556 +03:00 [DBG] Connection id "0HNMPT2KJKVSF" is closing.
2026-07-04 19:46:42.557 +03:00 [DBG] Connection id "0HNMPT2KJKVSF" is closed. The last processed stream ID was 3.
2026-07-04 19:46:42.559 +03:00 [DBG] Connection id "0HNMPT2KJKVSF" received FIN.
2026-07-04 19:46:42.559 +03:00 [DBG] The connection queue processing loop for 0HNMPT2KJKVSF completed.
2026-07-04 19:46:42.560 +03:00 [DBG] Connection id "0HNMPT2KJKVSF" sending FIN because: "The Socket transport's send loop completed gracefully."
2026-07-04 19:46:42.563 +03:00 [DBG] Connection id "0HNMPT2KJKVSF" stopped.
2026-07-04 19:49:50.455 +03:00 [INF] Application is shutting down...
2026-07-04 19:49:50.456 +03:00 [DBG] Hosting stopping
2026-07-04 19:49:50.463 +03:00 [DBG] Hosting stopped
2026-07-04 19:50:17.478 +03:00 [DBG] An 'IServiceProvider' was created for internal use by Entity Framework.
2026-07-04 19:50:18.013 +03:00 [DBG] The index {'UserId'} was not created on entity type 'AuditLog' as the properties are already covered by the index {'UserId', 'CreatedAtUtc'}.
2026-07-04 19:50:18.016 +03:00 [DBG] The index {'RoleId'} was not created on entity type 'RolePermission' as the properties are already covered by the index {'RoleId', 'PermissionId'}.
2026-07-04 19:50:18.018 +03:00 [DBG] The index {'UserId'} was not created on entity type 'UserPermissionOverride' as the properties are already covered by the index {'UserId', 'PermissionId'}.
2026-07-04 19:50:18.020 +03:00 [DBG] The index {'UserId'} was not created on entity type 'UserRole' as the properties are already covered by the index {'UserId', 'RoleId'}.
2026-07-04 19:50:18.261 +03:00 [DBG] Entity Framework Core 8.0.8 initialized 'ApplicationDbContext' using provider 'Microsoft.EntityFrameworkCore.SqlServer:8.0.8' with options: MigrationsAssembly=SmartHorse.Infrastructure, Version=1.0.0.0, Culture=neutral, PublicKeyToken=null 
2026-07-04 19:50:18.270 +03:00 [DBG] Creating DbConnection.
2026-07-04 19:50:18.303 +03:00 [DBG] Created DbConnection. (29ms).
2026-07-04 19:50:18.308 +03:00 [DBG] Migrating using database 'SmartHorseDb' on server 'localhost\SQLEXPRESS01'.
2026-07-04 19:50:18.319 +03:00 [DBG] Opening connection to database 'SmartHorseDb' on server 'localhost\SQLEXPRESS01'.
2026-07-04 19:50:18.601 +03:00 [DBG] Opened connection to database 'SmartHorseDb' on server 'localhost\SQLEXPRESS01'.
2026-07-04 19:50:18.610 +03:00 [DBG] Creating DbCommand for 'ExecuteNonQuery'.
2026-07-04 19:50:18.616 +03:00 [DBG] Created DbCommand for 'ExecuteNonQuery' (5ms).
2026-07-04 19:50:18.619 +03:00 [DBG] Initialized DbCommand for 'ExecuteNonQuery' (11ms).
2026-07-04 19:50:18.628 +03:00 [DBG] Executing DbCommand [Parameters=[], CommandType='"Text"', CommandTimeout='30']
SELECT 1
2026-07-04 19:50:18.664 +03:00 [INF] Executed DbCommand (35ms) [Parameters=[], CommandType='"Text"', CommandTimeout='30']
SELECT 1
2026-07-04 19:50:18.669 +03:00 [DBG] Closing connection to database 'SmartHorseDb' on server 'localhost\SQLEXPRESS01'.
2026-07-04 19:50:18.680 +03:00 [DBG] Closed connection to database 'SmartHorseDb' on server 'localhost\SQLEXPRESS01' (7ms).
2026-07-04 19:50:18.686 +03:00 [DBG] Creating DbCommand for 'ExecuteScalar'.
2026-07-04 19:50:18.687 +03:00 [DBG] Created DbCommand for 'ExecuteScalar' (1ms).
2026-07-04 19:50:18.689 +03:00 [DBG] Initialized DbCommand for 'ExecuteScalar' (2ms).
2026-07-04 19:50:18.691 +03:00 [DBG] Opening connection to database 'SmartHorseDb' on server 'localhost\SQLEXPRESS01'.
2026-07-04 19:50:18.693 +03:00 [DBG] Opened connection to database 'SmartHorseDb' on server 'localhost\SQLEXPRESS01'.
2026-07-04 19:50:18.695 +03:00 [DBG] Executing DbCommand [Parameters=[], CommandType='"Text"', CommandTimeout='30']
SELECT OBJECT_ID(N'[__EFMigrationsHistory]');
2026-07-04 19:50:18.722 +03:00 [INF] Executed DbCommand (26ms) [Parameters=[], CommandType='"Text"', CommandTimeout='30']
SELECT OBJECT_ID(N'[__EFMigrationsHistory]');
2026-07-04 19:50:18.725 +03:00 [DBG] Closing connection to database 'SmartHorseDb' on server 'localhost\SQLEXPRESS01'.
2026-07-04 19:50:18.727 +03:00 [DBG] Closed connection to database 'SmartHorseDb' on server 'localhost\SQLEXPRESS01' (1ms).
2026-07-04 19:50:18.731 +03:00 [DBG] Opening connection to database 'SmartHorseDb' on server 'localhost\SQLEXPRESS01'.
2026-07-04 19:50:18.732 +03:00 [DBG] Opened connection to database 'SmartHorseDb' on server 'localhost\SQLEXPRESS01'.
2026-07-04 19:50:18.734 +03:00 [DBG] Creating DbCommand for 'ExecuteNonQuery'.
2026-07-04 19:50:18.735 +03:00 [DBG] Created DbCommand for 'ExecuteNonQuery' (1ms).
2026-07-04 19:50:18.736 +03:00 [DBG] Initialized DbCommand for 'ExecuteNonQuery' (2ms).
2026-07-04 19:50:18.738 +03:00 [DBG] Executing DbCommand [Parameters=[], CommandType='"Text"', CommandTimeout='30']
SELECT 1
2026-07-04 19:50:18.741 +03:00 [INF] Executed DbCommand (4ms) [Parameters=[], CommandType='"Text"', CommandTimeout='30']
SELECT 1
2026-07-04 19:50:18.744 +03:00 [DBG] Closing connection to database 'SmartHorseDb' on server 'localhost\SQLEXPRESS01'.
2026-07-04 19:50:18.746 +03:00 [DBG] Closed connection to database 'SmartHorseDb' on server 'localhost\SQLEXPRESS01' (1ms).
2026-07-04 19:50:18.747 +03:00 [DBG] Creating DbCommand for 'ExecuteScalar'.
2026-07-04 19:50:18.748 +03:00 [DBG] Created DbCommand for 'ExecuteScalar' (1ms).
2026-07-04 19:50:18.749 +03:00 [DBG] Initialized DbCommand for 'ExecuteScalar' (2ms).
2026-07-04 19:50:18.751 +03:00 [DBG] Opening connection to database 'SmartHorseDb' on server 'localhost\SQLEXPRESS01'.
2026-07-04 19:50:18.752 +03:00 [DBG] Opened connection to database 'SmartHorseDb' on server 'localhost\SQLEXPRESS01'.
2026-07-04 19:50:18.754 +03:00 [DBG] Executing DbCommand [Parameters=[], CommandType='"Text"', CommandTimeout='30']
SELECT OBJECT_ID(N'[__EFMigrationsHistory]');
2026-07-04 19:50:18.757 +03:00 [INF] Executed DbCommand (3ms) [Parameters=[], CommandType='"Text"', CommandTimeout='30']
SELECT OBJECT_ID(N'[__EFMigrationsHistory]');
2026-07-04 19:50:18.760 +03:00 [DBG] Closing connection to database 'SmartHorseDb' on server 'localhost\SQLEXPRESS01'.
2026-07-04 19:50:18.761 +03:00 [DBG] Closed connection to database 'SmartHorseDb' on server 'localhost\SQLEXPRESS01' (1ms).
2026-07-04 19:50:18.775 +03:00 [DBG] Opening connection to database 'SmartHorseDb' on server 'localhost\SQLEXPRESS01'.
2026-07-04 19:50:18.778 +03:00 [DBG] Opened connection to database 'SmartHorseDb' on server 'localhost\SQLEXPRESS01'.
2026-07-04 19:50:18.779 +03:00 [DBG] Creating DbCommand for 'ExecuteReader'.
2026-07-04 19:50:18.780 +03:00 [DBG] Created DbCommand for 'ExecuteReader' (1ms).
2026-07-04 19:50:18.781 +03:00 [DBG] Initialized DbCommand for 'ExecuteReader' (2ms).
2026-07-04 19:50:18.783 +03:00 [DBG] Executing DbCommand [Parameters=[], CommandType='"Text"', CommandTimeout='30']
SELECT [MigrationId], [ProductVersion]
FROM [__EFMigrationsHistory]
ORDER BY [MigrationId];
2026-07-04 19:50:18.801 +03:00 [INF] Executed DbCommand (18ms) [Parameters=[], CommandType='"Text"', CommandTimeout='30']
SELECT [MigrationId], [ProductVersion]
FROM [__EFMigrationsHistory]
ORDER BY [MigrationId];
2026-07-04 19:50:18.811 +03:00 [DBG] Closing data reader to 'SmartHorseDb' on server 'localhost\SQLEXPRESS01'.
2026-07-04 19:50:18.814 +03:00 [DBG] A data reader for 'SmartHorseDb' on server 'localhost\SQLEXPRESS01' is being disposed after spending 8ms reading results.
2026-07-04 19:50:18.815 +03:00 [DBG] Closing connection to database 'SmartHorseDb' on server 'localhost\SQLEXPRESS01'.
2026-07-04 19:50:18.817 +03:00 [DBG] Closed connection to database 'SmartHorseDb' on server 'localhost\SQLEXPRESS01' (1ms).
2026-07-04 19:50:18.828 +03:00 [INF] No migrations were applied. The database is already up to date.
2026-07-04 19:50:18.862 +03:00 [DBG] Compiling query expression: 
'DbSet<Role>()'
2026-07-04 19:50:19.013 +03:00 [DBG] Generated query execution expression: 
'queryContext => new SingleQueryingEnumerable<Role>(
    (RelationalQueryContext)queryContext, 
    RelationalCommandCache.QueryExpression(
        Projection Mapping:
            EmptyProjectionMember -> Dictionary<IProperty, int> { [Property: Role.Id (int) Required PK AfterSave:Throw ValueGenerated.OnAdd, 0], [Property: Role.Name (string) Required Index MaxLength(50), 1] }
        SELECT r.Id, r.Name
        FROM Roles AS r), 
    null, 
    Func<QueryContext, DbDataReader, ResultContext, SingleQueryResultCoordinator, Role>, 
    SmartHorse.Infrastructure.Persistence.ApplicationDbContext, 
    False, 
    False, 
    True
)'
2026-07-04 19:50:19.035 +03:00 [DBG] Opening connection to database 'SmartHorseDb' on server 'localhost\SQLEXPRESS01'.
2026-07-04 19:50:19.037 +03:00 [DBG] Opened connection to database 'SmartHorseDb' on server 'localhost\SQLEXPRESS01'.
2026-07-04 19:50:19.038 +03:00 [DBG] Creating DbCommand for 'ExecuteReader'.
2026-07-04 19:50:19.039 +03:00 [DBG] Created DbCommand for 'ExecuteReader' (1ms).
2026-07-04 19:50:19.041 +03:00 [DBG] Initialized DbCommand for 'ExecuteReader' (3ms).
2026-07-04 19:50:19.043 +03:00 [DBG] Executing DbCommand [Parameters=[], CommandType='"Text"', CommandTimeout='30']
SELECT [r].[Id], [r].[Name]
FROM [Roles] AS [r]
2026-07-04 19:50:19.048 +03:00 [INF] Executed DbCommand (5ms) [Parameters=[], CommandType='"Text"', CommandTimeout='30']
SELECT [r].[Id], [r].[Name]
FROM [Roles] AS [r]
2026-07-04 19:50:19.080 +03:00 [DBG] Context 'ApplicationDbContext' started tracking 'Role' entity. Consider using 'DbContextOptionsBuilder.EnableSensitiveDataLogging' to see key values.
2026-07-04 19:50:19.096 +03:00 [DBG] Context 'ApplicationDbContext' started tracking 'Role' entity. Consider using 'DbContextOptionsBuilder.EnableSensitiveDataLogging' to see key values.
2026-07-04 19:50:19.098 +03:00 [DBG] Context 'ApplicationDbContext' started tracking 'Role' entity. Consider using 'DbContextOptionsBuilder.EnableSensitiveDataLogging' to see key values.
2026-07-04 19:50:19.099 +03:00 [DBG] Context 'ApplicationDbContext' started tracking 'Role' entity. Consider using 'DbContextOptionsBuilder.EnableSensitiveDataLogging' to see key values.
2026-07-04 19:50:19.101 +03:00 [DBG] Context 'ApplicationDbContext' started tracking 'Role' entity. Consider using 'DbContextOptionsBuilder.EnableSensitiveDataLogging' to see key values.
2026-07-04 19:50:19.103 +03:00 [DBG] Context 'ApplicationDbContext' started tracking 'Role' entity. Consider using 'DbContextOptionsBuilder.EnableSensitiveDataLogging' to see key values.
2026-07-04 19:50:19.104 +03:00 [DBG] Closing data reader to 'SmartHorseDb' on server 'localhost\SQLEXPRESS01'.
2026-07-04 19:50:19.106 +03:00 [DBG] A data reader for 'SmartHorseDb' on server 'localhost\SQLEXPRESS01' is being disposed after spending 55ms reading results.
2026-07-04 19:50:19.108 +03:00 [DBG] Closing connection to database 'SmartHorseDb' on server 'localhost\SQLEXPRESS01'.
2026-07-04 19:50:19.110 +03:00 [DBG] Closed connection to database 'SmartHorseDb' on server 'localhost\SQLEXPRESS01' (2ms).
2026-07-04 19:50:19.114 +03:00 [DBG] DetectChanges starting for 'ApplicationDbContext'.
2026-07-04 19:50:19.129 +03:00 [DBG] DetectChanges completed for 'ApplicationDbContext'.
2026-07-04 19:50:19.133 +03:00 [DBG] SaveChanges starting for 'ApplicationDbContext'.
2026-07-04 19:50:19.135 +03:00 [DBG] DetectChanges starting for 'ApplicationDbContext'.
2026-07-04 19:50:19.136 +03:00 [DBG] DetectChanges completed for 'ApplicationDbContext'.
2026-07-04 19:50:19.143 +03:00 [DBG] SaveChanges completed for 'ApplicationDbContext' with 0 entities written to the database.
2026-07-04 19:50:19.147 +03:00 [DBG] Compiling query expression: 
'DbSet<Permission>()'
2026-07-04 19:50:19.153 +03:00 [DBG] Generated query execution expression: 
'queryContext => new SingleQueryingEnumerable<Permission>(
    (RelationalQueryContext)queryContext, 
    RelationalCommandCache.QueryExpression(
        Projection Mapping:
            EmptyProjectionMember -> Dictionary<IProperty, int> { [Property: Permission.Id (int) Required PK AfterSave:Throw ValueGenerated.OnAdd, 0], [Property: Permission.Description (string) Required MaxLength(500), 1], [Property: Permission.Key (string) Required Index MaxLength(100), 2] }
        SELECT p.Id, p.Description, p.Key
        FROM Permissions AS p), 
    null, 
    Func<QueryContext, DbDataReader, ResultContext, SingleQueryResultCoordinator, Permission>, 
    SmartHorse.Infrastructure.Persistence.ApplicationDbContext, 
    False, 
    False, 
    True
)'
2026-07-04 19:50:19.155 +03:00 [DBG] Opening connection to database 'SmartHorseDb' on server 'localhost\SQLEXPRESS01'.
2026-07-04 19:50:19.158 +03:00 [DBG] Opened connection to database 'SmartHorseDb' on server 'localhost\SQLEXPRESS01'.
2026-07-04 19:50:19.160 +03:00 [DBG] Creating DbCommand for 'ExecuteReader'.
2026-07-04 19:50:19.162 +03:00 [DBG] Created DbCommand for 'ExecuteReader' (1ms).
2026-07-04 19:50:19.164 +03:00 [DBG] Initialized DbCommand for 'ExecuteReader' (3ms).
2026-07-04 19:50:19.165 +03:00 [DBG] Executing DbCommand [Parameters=[], CommandType='"Text"', CommandTimeout='30']
SELECT [p].[Id], [p].[Description], [p].[Key]
FROM [Permissions] AS [p]
2026-07-04 19:50:19.169 +03:00 [INF] Executed DbCommand (4ms) [Parameters=[], CommandType='"Text"', CommandTimeout='30']
SELECT [p].[Id], [p].[Description], [p].[Key]
FROM [Permissions] AS [p]
2026-07-04 19:50:19.179 +03:00 [DBG] Context 'ApplicationDbContext' started tracking 'Permission' entity. Consider using 'DbContextOptionsBuilder.EnableSensitiveDataLogging' to see key values.
2026-07-04 19:50:19.186 +03:00 [DBG] Context 'ApplicationDbContext' started tracking 'Permission' entity. Consider using 'DbContextOptionsBuilder.EnableSensitiveDataLogging' to see key values.
2026-07-04 19:50:19.188 +03:00 [DBG] Context 'ApplicationDbContext' started tracking 'Permission' entity. Consider using 'DbContextOptionsBuilder.EnableSensitiveDataLogging' to see key values.
2026-07-04 19:50:19.190 +03:00 [DBG] Context 'ApplicationDbContext' started tracking 'Permission' entity. Consider using 'DbContextOptionsBuilder.EnableSensitiveDataLogging' to see key values.
2026-07-04 19:50:19.193 +03:00 [DBG] Context 'ApplicationDbContext' started tracking 'Permission' entity. Consider using 'DbContextOptionsBuilder.EnableSensitiveDataLogging' to see key values.
2026-07-04 19:50:19.195 +03:00 [DBG] Context 'ApplicationDbContext' started tracking 'Permission' entity. Consider using 'DbContextOptionsBuilder.EnableSensitiveDataLogging' to see key values.
2026-07-04 19:50:19.197 +03:00 [DBG] Closing data reader to 'SmartHorseDb' on server 'localhost\SQLEXPRESS01'.
2026-07-04 19:50:19.199 +03:00 [DBG] A data reader for 'SmartHorseDb' on server 'localhost\SQLEXPRESS01' is being disposed after spending 27ms reading results.
2026-07-04 19:50:19.202 +03:00 [DBG] Closing connection to database 'SmartHorseDb' on server 'localhost\SQLEXPRESS01'.
2026-07-04 19:50:19.204 +03:00 [DBG] Closed connection to database 'SmartHorseDb' on server 'localhost\SQLEXPRESS01' (1ms).
2026-07-04 19:50:19.206 +03:00 [DBG] DetectChanges starting for 'ApplicationDbContext'.
2026-07-04 19:50:19.213 +03:00 [DBG] DetectChanges completed for 'ApplicationDbContext'.
2026-07-04 19:50:19.214 +03:00 [DBG] SaveChanges starting for 'ApplicationDbContext'.
2026-07-04 19:50:19.216 +03:00 [DBG] DetectChanges starting for 'ApplicationDbContext'.
2026-07-04 19:50:19.218 +03:00 [DBG] DetectChanges completed for 'ApplicationDbContext'.
2026-07-04 19:50:19.219 +03:00 [DBG] SaveChanges completed for 'ApplicationDbContext' with 0 entities written to the database.
2026-07-04 19:50:19.235 +03:00 [DBG] Compiling query expression: 
'DbSet<RolePermission>()
    .Where(rp => rp.RoleId == __adminRole_Id_0)
    .Select(rp => rp.PermissionId)'
2026-07-04 19:50:19.313 +03:00 [DBG] Generated query execution expression: 
'queryContext => new SingleQueryingEnumerable<int>(
    (RelationalQueryContext)queryContext, 
    RelationalCommandCache.QueryExpression(
        Projection Mapping:
            EmptyProjectionMember -> 0
        SELECT r.PermissionId
        FROM RolePermissions AS r
        WHERE r.RoleId == @__adminRole_Id_0), 
    null, 
    Func<QueryContext, DbDataReader, ResultContext, SingleQueryResultCoordinator, int>, 
    SmartHorse.Infrastructure.Persistence.ApplicationDbContext, 
    False, 
    False, 
    True
)'
2026-07-04 19:50:19.324 +03:00 [DBG] Opening connection to database 'SmartHorseDb' on server 'localhost\SQLEXPRESS01'.
2026-07-04 19:50:19.327 +03:00 [DBG] Opened connection to database 'SmartHorseDb' on server 'localhost\SQLEXPRESS01'.
2026-07-04 19:50:19.329 +03:00 [DBG] Creating DbCommand for 'ExecuteReader'.
2026-07-04 19:50:19.330 +03:00 [DBG] Created DbCommand for 'ExecuteReader' (1ms).
2026-07-04 19:50:19.334 +03:00 [DBG] Initialized DbCommand for 'ExecuteReader' (4ms).
2026-07-04 19:50:19.338 +03:00 [DBG] Executing DbCommand [Parameters=[@__adminRole_Id_0='?' (DbType = Int32)], CommandType='"Text"', CommandTimeout='30']
SELECT [r].[PermissionId]
FROM [RolePermissions] AS [r]
WHERE [r].[RoleId] = @__adminRole_Id_0
2026-07-04 19:50:19.359 +03:00 [INF] Executed DbCommand (24ms) [Parameters=[@__adminRole_Id_0='?' (DbType = Int32)], CommandType='"Text"', CommandTimeout='30']
SELECT [r].[PermissionId]
FROM [RolePermissions] AS [r]
WHERE [r].[RoleId] = @__adminRole_Id_0
2026-07-04 19:50:19.364 +03:00 [DBG] Closing data reader to 'SmartHorseDb' on server 'localhost\SQLEXPRESS01'.
2026-07-04 19:50:19.366 +03:00 [DBG] A data reader for 'SmartHorseDb' on server 'localhost\SQLEXPRESS01' is being disposed after spending 4ms reading results.
2026-07-04 19:50:19.368 +03:00 [DBG] Closing connection to database 'SmartHorseDb' on server 'localhost\SQLEXPRESS01'.
2026-07-04 19:50:19.370 +03:00 [DBG] Closed connection to database 'SmartHorseDb' on server 'localhost\SQLEXPRESS01' (1ms).
2026-07-04 19:50:19.372 +03:00 [DBG] DetectChanges starting for 'ApplicationDbContext'.
2026-07-04 19:50:19.374 +03:00 [DBG] DetectChanges completed for 'ApplicationDbContext'.
2026-07-04 19:50:19.375 +03:00 [DBG] SaveChanges starting for 'ApplicationDbContext'.
2026-07-04 19:50:19.377 +03:00 [DBG] DetectChanges starting for 'ApplicationDbContext'.
2026-07-04 19:50:19.379 +03:00 [DBG] DetectChanges completed for 'ApplicationDbContext'.
2026-07-04 19:50:19.381 +03:00 [DBG] SaveChanges completed for 'ApplicationDbContext' with 0 entities written to the database.
2026-07-04 19:50:19.385 +03:00 [WRN] Seed:AdminEmail / Seed:AdminPassword not configured — skipping Administrator seed. Set these via environment variables or user secrets before first run.
2026-07-04 19:50:19.387 +03:00 [DBG] DetectChanges starting for 'ApplicationDbContext'.
2026-07-04 19:50:19.388 +03:00 [DBG] DetectChanges completed for 'ApplicationDbContext'.
2026-07-04 19:50:19.390 +03:00 [DBG] SaveChanges starting for 'ApplicationDbContext'.
2026-07-04 19:50:19.392 +03:00 [DBG] DetectChanges starting for 'ApplicationDbContext'.
2026-07-04 19:50:19.394 +03:00 [DBG] DetectChanges completed for 'ApplicationDbContext'.
2026-07-04 19:50:19.396 +03:00 [DBG] SaveChanges completed for 'ApplicationDbContext' with 0 entities written to the database.
2026-07-04 19:50:19.399 +03:00 [DBG] 'ApplicationDbContext' disposed.
2026-07-04 19:50:19.402 +03:00 [DBG] Disposing connection to database 'SmartHorseDb' on server 'localhost\SQLEXPRESS01'.
2026-07-04 19:50:19.404 +03:00 [DBG] Disposed connection to database '' on server '' (2ms).
2026-07-04 19:50:19.461 +03:00 [DBG] Registered model binder providers, in the following order: ["Asp.Versioning.ApiVersionModelBinderProvider","Microsoft.AspNetCore.Mvc.ModelBinding.Binders.BinderTypeModelBinderProvider","Microsoft.AspNetCore.Mvc.ModelBinding.Binders.ServicesModelBinderProvider","Microsoft.AspNetCore.Mvc.ModelBinding.Binders.BodyModelBinderProvider","Microsoft.AspNetCore.Mvc.ModelBinding.Binders.HeaderModelBinderProvider","Microsoft.AspNetCore.Mvc.ModelBinding.Binders.FloatingPointTypeModelBinderProvider","Microsoft.AspNetCore.Mvc.ModelBinding.Binders.EnumTypeModelBinderProvider","Microsoft.AspNetCore.Mvc.ModelBinding.Binders.DateTimeModelBinderProvider","Microsoft.AspNetCore.Mvc.ModelBinding.Binders.SimpleTypeModelBinderProvider","Microsoft.AspNetCore.Mvc.ModelBinding.Binders.TryParseModelBinderProvider","Microsoft.AspNetCore.Mvc.ModelBinding.Binders.CancellationTokenModelBinderProvider","Microsoft.AspNetCore.Mvc.ModelBinding.Binders.ByteArrayModelBinderProvider","Microsoft.AspNetCore.Mvc.ModelBinding.Binders.FormFileModelBinderProvider","Microsoft.AspNetCore.Mvc.ModelBinding.Binders.FormCollectionModelBinderProvider","Microsoft.AspNetCore.Mvc.ModelBinding.Binders.KeyValuePairModelBinderProvider","Microsoft.AspNetCore.Mvc.ModelBinding.Binders.DictionaryModelBinderProvider","Microsoft.AspNetCore.Mvc.ModelBinding.Binders.ArrayModelBinderProvider","Microsoft.AspNetCore.Mvc.ModelBinding.Binders.CollectionModelBinderProvider","Microsoft.AspNetCore.Mvc.ModelBinding.Binders.ComplexObjectModelBinderProvider"]
2026-07-04 19:50:19.566 +03:00 [DBG] Hosting starting
2026-07-04 19:50:19.584 +03:00 [INF] User profile is available. Using 'C:\Users\hp\AppData\Local\ASP.NET\DataProtection-Keys' as key repository and Windows DPAPI to encrypt keys at rest.
2026-07-04 19:50:19.596 +03:00 [DBG] Reading data from file 'C:\Users\hp\AppData\Local\ASP.NET\DataProtection-Keys\key-a5154c86-3fed-4f46-bc83-c0f5d1c7ea14.xml'.
2026-07-04 19:50:19.603 +03:00 [DBG] Found key {a5154c86-3fed-4f46-bc83-c0f5d1c7ea14}.
2026-07-04 19:50:19.620 +03:00 [DBG] Considering key {a5154c86-3fed-4f46-bc83-c0f5d1c7ea14} with expiration date 2026-10-01 14:32:09Z as default key.
2026-07-04 19:50:19.627 +03:00 [DBG] Forwarded activator type request from Microsoft.AspNetCore.DataProtection.XmlEncryption.DpapiXmlDecryptor, Microsoft.AspNetCore.DataProtection, Version=8.0.0.0, Culture=neutral, PublicKeyToken=adb9793829ddae60 to Microsoft.AspNetCore.DataProtection.XmlEncryption.DpapiXmlDecryptor, Microsoft.AspNetCore.DataProtection, Culture=neutral, PublicKeyToken=adb9793829ddae60
2026-07-04 19:50:19.629 +03:00 [DBG] Decrypting secret element using Windows DPAPI.
2026-07-04 19:50:19.632 +03:00 [DBG] Forwarded activator type request from Microsoft.AspNetCore.DataProtection.AuthenticatedEncryption.ConfigurationModel.AuthenticatedEncryptorDescriptorDeserializer, Microsoft.AspNetCore.DataProtection, Version=8.0.0.0, Culture=neutral, PublicKeyToken=adb9793829ddae60 to Microsoft.AspNetCore.DataProtection.AuthenticatedEncryption.ConfigurationModel.AuthenticatedEncryptorDescriptorDeserializer, Microsoft.AspNetCore.DataProtection, Culture=neutral, PublicKeyToken=adb9793829ddae60
2026-07-04 19:50:19.634 +03:00 [DBG] Opening CNG algorithm 'AES' from provider 'null' with chaining mode CBC.
2026-07-04 19:50:19.637 +03:00 [DBG] Opening CNG algorithm 'SHA256' from provider 'null' with HMAC.
2026-07-04 19:50:19.640 +03:00 [DBG] Using key {a5154c86-3fed-4f46-bc83-c0f5d1c7ea14} as the default key.
2026-07-04 19:50:19.643 +03:00 [DBG] Key ring with default key {a5154c86-3fed-4f46-bc83-c0f5d1c7ea14} was loaded during application startup.
2026-07-04 19:50:19.662 +03:00 [WRN] The WebRootPath was not found: D:\Graduation Project\SmartHorse.Backend\src\SmartHorse.API\wwwroot. Static files may be unavailable.
2026-07-04 19:50:19.805 +03:00 [INF] Now listening on: https://localhost:7080
2026-07-04 19:50:19.806 +03:00 [INF] Now listening on: http://localhost:5080
2026-07-04 19:50:19.808 +03:00 [DBG] Loaded hosting startup assembly SmartHorse.API
2026-07-04 19:50:19.810 +03:00 [INF] Application started. Press Ctrl+C to shut down.
2026-07-04 19:50:19.811 +03:00 [INF] Hosting environment: Development
2026-07-04 19:50:19.812 +03:00 [INF] Content root path: D:\Graduation Project\SmartHorse.Backend\src\SmartHorse.API
2026-07-04 19:50:19.814 +03:00 [DBG] Hosting started
2026-07-04 19:50:58.233 +03:00 [DBG] Connection id "0HNMPTHM1JONU" accepted.
2026-07-04 19:50:58.236 +03:00 [DBG] Connection id "0HNMPTHM1JONU" started.
2026-07-04 19:50:58.278 +03:00 [DBG] Connection 0HNMPTHM1JONU established using the following protocol: "Tls13"
2026-07-04 19:50:58.340 +03:00 [INF] Request starting HTTP/2 GET https://localhost:7080/ - null null
2026-07-04 19:50:58.346 +03:00 [DBG] Wildcard detected, all requests with hosts will be allowed.
2026-07-04 19:50:58.387 +03:00 [DBG] No candidates found for the request path '/'
2026-07-04 19:50:58.390 +03:00 [DBG] Request did not match any endpoints
2026-07-04 19:50:58.430 +03:00 [DBG] The request path  does not match the path filter
2026-07-04 19:50:58.446 +03:00 [DBG] The request path / does not match a supported file type
2026-07-04 19:50:58.493 +03:00 [DBG] AuthenticationScheme: Bearer was not authenticated.
2026-07-04 19:50:58.499 +03:00 [INF] HTTP GET / responded 404 in 101.4058 ms
2026-07-04 19:50:58.504 +03:00 [INF] Request finished HTTP/2 GET https://localhost:7080/ - 404 0 null 164.8793ms
2026-07-04 19:50:58.513 +03:00 [INF] Request reached the end of the middleware pipeline without being handled by application code. Request path: GET https://localhost:7080/, Response status code: 404
2026-07-04 19:51:22.663 +03:00 [INF] Request starting HTTP/2 GET https://localhost:7080/swagger - null null
2026-07-04 19:51:22.668 +03:00 [DBG] No candidates found for the request path '/swagger'
2026-07-04 19:51:22.669 +03:00 [DBG] Request did not match any endpoints
2026-07-04 19:51:22.672 +03:00 [INF] HTTP GET /swagger responded 301 in 1.5581 ms
2026-07-04 19:51:22.675 +03:00 [INF] Request finished HTTP/2 GET https://localhost:7080/swagger - 301 0 null 12.3087ms
2026-07-04 19:51:22.681 +03:00 [INF] Request starting HTTP/2 GET https://localhost:7080/swagger/index.html - null null
2026-07-04 19:51:22.686 +03:00 [DBG] No candidates found for the request path '/swagger/index.html'
2026-07-04 19:51:22.688 +03:00 [DBG] Request did not match any endpoints
2026-07-04 19:51:22.759 +03:00 [INF] HTTP GET /swagger/index.html responded 200 in 70.2226 ms
2026-07-04 19:51:22.763 +03:00 [INF] Request finished HTTP/2 GET https://localhost:7080/swagger/index.html - 200 null text/html;charset=utf-8 81.3472ms
2026-07-04 19:51:22.769 +03:00 [INF] Request starting HTTP/2 GET https://localhost:7080/swagger/swagger-ui.css - null null
2026-07-04 19:51:22.769 +03:00 [INF] Request starting HTTP/2 GET https://localhost:7080/swagger/index.css - null null
2026-07-04 19:51:22.770 +03:00 [INF] Request starting HTTP/2 GET https://localhost:7080/swagger/swagger-ui-bundle.js - null null
2026-07-04 19:51:22.770 +03:00 [INF] Request starting HTTP/2 GET https://localhost:7080/swagger/swagger-ui-standalone-preset.js - null null
2026-07-04 19:51:22.770 +03:00 [INF] Request starting HTTP/2 GET https://localhost:7080/swagger/index.js - null null
2026-07-04 19:51:22.774 +03:00 [DBG] No candidates found for the request path '/swagger/swagger-ui.css'
2026-07-04 19:51:22.778 +03:00 [DBG] No candidates found for the request path '/swagger/index.css'
2026-07-04 19:51:22.783 +03:00 [DBG] No candidates found for the request path '/swagger/swagger-ui-bundle.js'
2026-07-04 19:51:22.787 +03:00 [DBG] No candidates found for the request path '/swagger/swagger-ui-standalone-preset.js'
2026-07-04 19:51:22.791 +03:00 [DBG] No candidates found for the request path '/swagger/index.js'
2026-07-04 19:51:22.795 +03:00 [DBG] Request did not match any endpoints
2026-07-04 19:51:22.797 +03:00 [DBG] Request did not match any endpoints
2026-07-04 19:51:22.799 +03:00 [DBG] Request did not match any endpoints
2026-07-04 19:51:22.801 +03:00 [DBG] Request did not match any endpoints
2026-07-04 19:51:22.803 +03:00 [DBG] Request did not match any endpoints
2026-07-04 19:51:22.813 +03:00 [INF] HTTP GET /swagger/index.js responded 200 in 1.5525 ms
2026-07-04 19:51:22.817 +03:00 [INF] Request finished HTTP/2 GET https://localhost:7080/swagger/index.js - 200 null application/javascript;charset=utf-8 46.4133ms
2026-07-04 19:51:22.817 +03:00 [INF] Sending file. Request path: '/index.css'. Physical path: 'N/A'
2026-07-04 19:51:22.825 +03:00 [INF] HTTP GET /swagger/index.css responded 200 in 18.2983 ms
2026-07-04 19:51:22.829 +03:00 [INF] Request finished HTTP/2 GET https://localhost:7080/swagger/index.css - 200 202 text/css 59.5503ms
2026-07-04 19:51:22.845 +03:00 [INF] Sending file. Request path: '/swagger-ui.css'. Physical path: 'N/A'
2026-07-04 19:51:22.847 +03:00 [INF] Sending file. Request path: '/swagger-ui-standalone-preset.js'. Physical path: 'N/A'
2026-07-04 19:51:22.851 +03:00 [INF] HTTP GET /swagger/swagger-ui.css responded 200 in 45.7337 ms
2026-07-04 19:51:22.852 +03:00 [INF] HTTP GET /swagger/swagger-ui-standalone-preset.js responded 200 in 42.5587 ms
2026-07-04 19:51:22.856 +03:00 [INF] Request finished HTTP/2 GET https://localhost:7080/swagger/swagger-ui.css - 200 152034 text/css 86.7892ms
2026-07-04 19:51:22.858 +03:00 [INF] Request finished HTTP/2 GET https://localhost:7080/swagger/swagger-ui-standalone-preset.js - 200 230293 text/javascript 88.2104ms
2026-07-04 19:51:22.899 +03:00 [INF] Sending file. Request path: '/swagger-ui-bundle.js'. Physical path: 'N/A'
2026-07-04 19:51:22.902 +03:00 [INF] HTTP GET /swagger/swagger-ui-bundle.js responded 200 in 94.7943 ms
2026-07-04 19:51:22.907 +03:00 [INF] Request finished HTTP/2 GET https://localhost:7080/swagger/swagger-ui-bundle.js - 200 1452753 text/javascript 137.3919ms
2026-07-04 19:51:23.124 +03:00 [INF] Request starting HTTP/2 GET https://localhost:7080/swagger/v1/swagger.json - null null
2026-07-04 19:51:23.129 +03:00 [DBG] No candidates found for the request path '/swagger/v1/swagger.json'
2026-07-04 19:51:23.131 +03:00 [DBG] Request did not match any endpoints
2026-07-04 19:51:23.156 +03:00 [INF] Request starting HTTP/2 GET https://localhost:7080/swagger/favicon-32x32.png - null null
2026-07-04 19:51:23.161 +03:00 [DBG] No candidates found for the request path '/swagger/favicon-32x32.png'
2026-07-04 19:51:23.163 +03:00 [DBG] Request did not match any endpoints
2026-07-04 19:51:23.166 +03:00 [INF] Sending file. Request path: '/favicon-32x32.png'. Physical path: 'N/A'
2026-07-04 19:51:23.168 +03:00 [INF] HTTP GET /swagger/favicon-32x32.png responded 200 in 2.7332 ms
2026-07-04 19:51:23.171 +03:00 [INF] Request finished HTTP/2 GET https://localhost:7080/swagger/favicon-32x32.png - 200 628 image/png 15.0346ms
2026-07-04 19:51:23.387 +03:00 [INF] HTTP GET /swagger/v1/swagger.json responded 200 in 254.2758 ms
2026-07-04 19:51:23.390 +03:00 [INF] Request finished HTTP/2 GET https://localhost:7080/swagger/v1/swagger.json - 200 null application/json;charset=utf-8 266.1521ms
2026-07-04 19:53:34.776 +03:00 [DBG] Connection id "0HNMPTHM1JONU" is closing.
2026-07-04 19:53:34.777 +03:00 [DBG] Connection id "0HNMPTHM1JONU" is closed. The last processed stream ID was 19.
2026-07-04 19:53:34.779 +03:00 [DBG] Connection id "0HNMPTHM1JONU" received FIN.
2026-07-04 19:53:34.780 +03:00 [DBG] The connection queue processing loop for 0HNMPTHM1JONU completed.
2026-07-04 19:53:34.781 +03:00 [DBG] Connection id "0HNMPTHM1JONU" sending FIN because: "The Socket transport's send loop completed gracefully."
2026-07-04 19:53:34.786 +03:00 [DBG] Connection id "0HNMPTHM1JONU" stopped.
2026-07-04 19:54:30.821 +03:00 [DBG] Connection id "0HNMPTHM1JONV" accepted.
2026-07-04 19:54:30.823 +03:00 [DBG] Connection id "0HNMPTHM1JONV" started.
2026-07-04 19:54:30.828 +03:00 [DBG] Connection 0HNMPTHM1JONV established using the following protocol: "Tls13"
2026-07-04 19:54:30.837 +03:00 [INF] Request starting HTTP/2 POST https://localhost:7080/api/v1/auth/register - application/json 189
2026-07-04 19:54:30.851 +03:00 [DBG] 1 candidate(s) found for the request path '/api/v1/auth/register'
2026-07-04 19:54:30.853 +03:00 [DBG] Endpoint 'SmartHorse.API.Controllers.AuthController.Register (SmartHorse.API)' with route pattern 'api/v1/auth/register' is valid for the request path '/api/v1/auth/register'
2026-07-04 19:54:30.863 +03:00 [DBG] Request matched endpoint 'SmartHorse.API.Controllers.AuthController.Register (SmartHorse.API)'
2026-07-04 19:54:30.865 +03:00 [DBG] Static files was skipped as the request already matched an endpoint.
2026-07-04 19:54:30.867 +03:00 [DBG] The request has an origin header: 'https://localhost:7080'.
2026-07-04 19:54:30.869 +03:00 [INF] CORS policy execution failed.
2026-07-04 19:54:30.870 +03:00 [INF] Request origin https://localhost:7080 does not have permission to access the resource.
2026-07-04 19:54:30.874 +03:00 [DBG] Static files was skipped as the request already matched an endpoint.
2026-07-04 19:54:30.877 +03:00 [DBG] AuthenticationScheme: Bearer was not authenticated.
2026-07-04 19:54:30.879 +03:00 [INF] Executing endpoint 'SmartHorse.API.Controllers.AuthController.Register (SmartHorse.API)'
2026-07-04 19:54:30.908 +03:00 [INF] Route matched with {action = "Register", controller = "Auth"}. Executing controller action with signature System.Threading.Tasks.Task`1[Microsoft.AspNetCore.Mvc.ActionResult`1[SmartHorse.Application.Auth.DTOs.AuthResponseDto]] Register(SmartHorse.Application.Auth.Commands.Register.RegisterCommand, System.Threading.CancellationToken) on controller SmartHorse.API.Controllers.AuthController (SmartHorse.API).
2026-07-04 19:54:30.913 +03:00 [DBG] Execution plan of authorization filters (in the following order): ["None"]
2026-07-04 19:54:30.915 +03:00 [DBG] Execution plan of resource filters (in the following order): ["None"]
2026-07-04 19:54:30.917 +03:00 [DBG] Execution plan of action filters (in the following order): ["Microsoft.AspNetCore.Mvc.ModelBinding.UnsupportedContentTypeFilter (Order: -3000)","Microsoft.AspNetCore.Mvc.Infrastructure.ModelStateInvalidFilter (Order: -2000)","Asp.Versioning.ReportApiVersionsAttribute (Order: 0)"]
2026-07-04 19:54:30.920 +03:00 [DBG] Execution plan of exception filters (in the following order): ["None"]
2026-07-04 19:54:30.923 +03:00 [DBG] Execution plan of result filters (in the following order): ["Microsoft.AspNetCore.Mvc.Infrastructure.ClientErrorResultFilter (Order: -2000)","SmartHorse.API.Common.ApiResponseWrapperFilter","Asp.Versioning.ReportApiVersionsAttribute (Order: 0)","Microsoft.AspNetCore.Mvc.ProducesAttribute (Order: 0)"]
2026-07-04 19:54:30.928 +03:00 [DBG] Executing controller factory for controller SmartHorse.API.Controllers.AuthController (SmartHorse.API)
2026-07-04 19:54:30.931 +03:00 [DBG] Executed controller factory for controller SmartHorse.API.Controllers.AuthController (SmartHorse.API)
2026-07-04 19:54:30.935 +03:00 [DBG] Attempting to bind parameter 'command' of type 'SmartHorse.Application.Auth.Commands.Register.RegisterCommand' ...
2026-07-04 19:54:30.939 +03:00 [DBG] Attempting to bind parameter 'command' of type 'SmartHorse.Application.Auth.Commands.Register.RegisterCommand' using the name '' in request data ...
2026-07-04 19:54:30.943 +03:00 [DBG] Selected input formatter 'Microsoft.AspNetCore.Mvc.Formatters.SystemTextJsonInputFormatter' for content type 'application/json'.
2026-07-04 19:54:30.952 +03:00 [DBG] Connection id "0HNMPTHM1JONV", Request id "0HNMPTHM1JONV:00000001": started reading request body.
2026-07-04 19:54:30.954 +03:00 [DBG] Connection id "0HNMPTHM1JONV", Request id "0HNMPTHM1JONV:00000001": done reading request body.
2026-07-04 19:54:30.961 +03:00 [DBG] JSON input formatter succeeded, deserializing to type 'SmartHorse.Application.Auth.Commands.Register.RegisterCommand'
2026-07-04 19:54:30.963 +03:00 [DBG] Done attempting to bind parameter 'command' of type 'SmartHorse.Application.Auth.Commands.Register.RegisterCommand'.
2026-07-04 19:54:30.965 +03:00 [DBG] Done attempting to bind parameter 'command' of type 'SmartHorse.Application.Auth.Commands.Register.RegisterCommand'.
2026-07-04 19:54:30.967 +03:00 [DBG] Attempting to validate the bound parameter 'command' of type 'SmartHorse.Application.Auth.Commands.Register.RegisterCommand' ...
2026-07-04 19:54:30.978 +03:00 [DBG] Done attempting to validate the bound parameter 'command' of type 'SmartHorse.Application.Auth.Commands.Register.RegisterCommand'.
2026-07-04 19:54:30.981 +03:00 [DBG] Attempting to bind parameter 'cancellationToken' of type 'System.Threading.CancellationToken' ...
2026-07-04 19:54:30.984 +03:00 [DBG] Done attempting to bind parameter 'cancellationToken' of type 'System.Threading.CancellationToken'.
2026-07-04 19:54:30.986 +03:00 [DBG] Attempting to validate the bound parameter 'cancellationToken' of type 'System.Threading.CancellationToken' ...
2026-07-04 19:54:30.988 +03:00 [DBG] Done attempting to validate the bound parameter 'cancellationToken' of type 'System.Threading.CancellationToken'.
2026-07-04 19:54:31.053 +03:00 [DBG] Entity Framework Core 8.0.8 initialized 'ApplicationDbContext' using provider 'Microsoft.EntityFrameworkCore.SqlServer:8.0.8' with options: MigrationsAssembly=SmartHorse.Infrastructure, Version=1.0.0.0, Culture=neutral, PublicKeyToken=null 
2026-07-04 19:54:31.060 +03:00 [DBG] Compiling query expression: 
'DbSet<User>()
    .Any(u => u.Email == __email_0)'
2026-07-04 19:54:31.074 +03:00 [DBG] Generated query execution expression: 
'queryContext => ShapedQueryCompilingExpressionVisitor.SingleAsync<bool>(
    asyncEnumerable: new SingleQueryingEnumerable<bool>(
        (RelationalQueryContext)queryContext, 
        RelationalCommandCache.QueryExpression(
            Projection Mapping:
                EmptyProjectionMember -> 0
            SELECT EXISTS (
                SELECT 1
                FROM Users AS u
                WHERE u.Email == @__email_0)), 
        null, 
        Func<QueryContext, DbDataReader, ResultContext, SingleQueryResultCoordinator, bool>, 
        SmartHorse.Infrastructure.Persistence.ApplicationDbContext, 
        False, 
        False, 
        True
    ), 
    cancellationToken: queryContext.CancellationToken)'
2026-07-04 19:54:31.086 +03:00 [DBG] Creating DbConnection.
2026-07-04 19:54:31.088 +03:00 [DBG] Created DbConnection. (1ms).
2026-07-04 19:54:31.090 +03:00 [DBG] Opening connection to database 'SmartHorseDb' on server 'localhost\SQLEXPRESS01'.
2026-07-04 19:54:31.092 +03:00 [DBG] Opened connection to database 'SmartHorseDb' on server 'localhost\SQLEXPRESS01'.
2026-07-04 19:54:31.094 +03:00 [DBG] Creating DbCommand for 'ExecuteReader'.
2026-07-04 19:54:31.096 +03:00 [DBG] Created DbCommand for 'ExecuteReader' (1ms).
2026-07-04 19:54:31.098 +03:00 [DBG] Initialized DbCommand for 'ExecuteReader' (4ms).
2026-07-04 19:54:31.101 +03:00 [DBG] Executing DbCommand [Parameters=[@__email_0='?' (Size = 256)], CommandType='"Text"', CommandTimeout='30']
SELECT CASE
    WHEN EXISTS (
        SELECT 1
        FROM [Users] AS [u]
        WHERE [u].[Email] = @__email_0) THEN CAST(1 AS bit)
    ELSE CAST(0 AS bit)
END
2026-07-04 19:54:31.110 +03:00 [INF] Executed DbCommand (9ms) [Parameters=[@__email_0='?' (Size = 256)], CommandType='"Text"', CommandTimeout='30']
SELECT CASE
    WHEN EXISTS (
        SELECT 1
        FROM [Users] AS [u]
        WHERE [u].[Email] = @__email_0) THEN CAST(1 AS bit)
    ELSE CAST(0 AS bit)
END
2026-07-04 19:54:31.116 +03:00 [DBG] Closing data reader to 'SmartHorseDb' on server 'localhost\SQLEXPRESS01'.
2026-07-04 19:54:31.118 +03:00 [DBG] A data reader for 'SmartHorseDb' on server 'localhost\SQLEXPRESS01' is being disposed after spending 4ms reading results.
2026-07-04 19:54:31.120 +03:00 [DBG] Closing connection to database 'SmartHorseDb' on server 'localhost\SQLEXPRESS01'.
2026-07-04 19:54:31.123 +03:00 [DBG] Closed connection to database 'SmartHorseDb' on server 'localhost\SQLEXPRESS01' (2ms).
2026-07-04 19:54:31.127 +03:00 [DBG] Compiling query expression: 
'DbSet<Role>()
    .FirstOrDefault(r => r.Name == __name_0)'
2026-07-04 19:54:31.135 +03:00 [DBG] Generated query execution expression: 
'queryContext => ShapedQueryCompilingExpressionVisitor.SingleOrDefaultAsync<Role>(
    asyncEnumerable: new SingleQueryingEnumerable<Role>(
        (RelationalQueryContext)queryContext, 
        RelationalCommandCache.QueryExpression(
            Projection Mapping:
                EmptyProjectionMember -> Dictionary<IProperty, int> { [Property: Role.Id (int) Required PK AfterSave:Throw ValueGenerated.OnAdd, 0], [Property: Role.Name (string) Required Index MaxLength(50), 1] }
            SELECT TOP(1) r.Id, r.Name
            FROM Roles AS r
            WHERE r.Name == @__name_0), 
        null, 
        Func<QueryContext, DbDataReader, ResultContext, SingleQueryResultCoordinator, Role>, 
        SmartHorse.Infrastructure.Persistence.ApplicationDbContext, 
        False, 
        False, 
        True
    ), 
    cancellationToken: queryContext.CancellationToken)'
2026-07-04 19:54:31.141 +03:00 [DBG] Opening connection to database 'SmartHorseDb' on server 'localhost\SQLEXPRESS01'.
2026-07-04 19:54:31.143 +03:00 [DBG] Opened connection to database 'SmartHorseDb' on server 'localhost\SQLEXPRESS01'.
2026-07-04 19:54:31.145 +03:00 [DBG] Creating DbCommand for 'ExecuteReader'.
2026-07-04 19:54:31.147 +03:00 [DBG] Created DbCommand for 'ExecuteReader' (1ms).
2026-07-04 19:54:31.149 +03:00 [DBG] Initialized DbCommand for 'ExecuteReader' (3ms).
2026-07-04 19:54:31.151 +03:00 [DBG] Executing DbCommand [Parameters=[@__name_0='?' (Size = 50)], CommandType='"Text"', CommandTimeout='30']
SELECT TOP(1) [r].[Id], [r].[Name]
FROM [Roles] AS [r]
WHERE [r].[Name] = @__name_0
2026-07-04 19:54:31.157 +03:00 [INF] Executed DbCommand (6ms) [Parameters=[@__name_0='?' (Size = 50)], CommandType='"Text"', CommandTimeout='30']
SELECT TOP(1) [r].[Id], [r].[Name]
FROM [Roles] AS [r]
WHERE [r].[Name] = @__name_0
2026-07-04 19:54:31.161 +03:00 [DBG] Context 'ApplicationDbContext' started tracking 'Role' entity. Consider using 'DbContextOptionsBuilder.EnableSensitiveDataLogging' to see key values.
2026-07-04 19:54:31.164 +03:00 [DBG] Closing data reader to 'SmartHorseDb' on server 'localhost\SQLEXPRESS01'.
2026-07-04 19:54:31.166 +03:00 [DBG] A data reader for 'SmartHorseDb' on server 'localhost\SQLEXPRESS01' is being disposed after spending 5ms reading results.
2026-07-04 19:54:31.168 +03:00 [DBG] Closing connection to database 'SmartHorseDb' on server 'localhost\SQLEXPRESS01'.
2026-07-04 19:54:31.170 +03:00 [DBG] Closed connection to database 'SmartHorseDb' on server 'localhost\SQLEXPRESS01' (2ms).
2026-07-04 19:54:32.128 +03:00 [DBG] Context 'ApplicationDbContext' started tracking 'User' entity. Consider using 'DbContextOptionsBuilder.EnableSensitiveDataLogging' to see key values.
2026-07-04 19:54:32.161 +03:00 [DBG] The navigation 'RefreshToken.User' was detected as changed. Consider using 'DbContextOptionsBuilder.EnableSensitiveDataLogging' to see key values.
2026-07-04 19:54:32.181 +03:00 [DBG] Context 'ApplicationDbContext' started tracking 'RefreshToken' entity. Consider using 'DbContextOptionsBuilder.EnableSensitiveDataLogging' to see key values.
2026-07-04 19:54:32.202 +03:00 [DBG] The navigation 'UserRole.Role' was detected as changed. Consider using 'DbContextOptionsBuilder.EnableSensitiveDataLogging' to see key values.
2026-07-04 19:54:32.208 +03:00 [DBG] The navigation 'UserRole.User' was detected as changed. Consider using 'DbContextOptionsBuilder.EnableSensitiveDataLogging' to see key values.
2026-07-04 19:54:32.212 +03:00 [DBG] Context 'ApplicationDbContext' started tracking 'UserRole' entity. Consider using 'DbContextOptionsBuilder.EnableSensitiveDataLogging' to see key values.
2026-07-04 19:54:32.245 +03:00 [DBG] The navigation 'AuditLog.User' was detected as changed. Consider using 'DbContextOptionsBuilder.EnableSensitiveDataLogging' to see key values.
2026-07-04 19:54:32.248 +03:00 [DBG] Context 'ApplicationDbContext' started tracking 'AuditLog' entity. Consider using 'DbContextOptionsBuilder.EnableSensitiveDataLogging' to see key values.
2026-07-04 19:54:32.250 +03:00 [DBG] DetectChanges starting for 'ApplicationDbContext'.
2026-07-04 19:54:32.290 +03:00 [DBG] DetectChanges completed for 'ApplicationDbContext'.
2026-07-04 19:54:32.292 +03:00 [DBG] SaveChanges starting for 'ApplicationDbContext'.
2026-07-04 19:54:32.294 +03:00 [DBG] DetectChanges starting for 'ApplicationDbContext'.
2026-07-04 19:54:32.296 +03:00 [DBG] DetectChanges completed for 'ApplicationDbContext'.
2026-07-04 19:54:32.376 +03:00 [DBG] Executing 4 update commands as a batch.
2026-07-04 19:54:32.380 +03:00 [DBG] Opening connection to database 'SmartHorseDb' on server 'localhost\SQLEXPRESS01'.
2026-07-04 19:54:32.381 +03:00 [DBG] Opened connection to database 'SmartHorseDb' on server 'localhost\SQLEXPRESS01'.
2026-07-04 19:54:32.385 +03:00 [DBG] Beginning transaction with isolation level 'Unspecified'.
2026-07-04 19:54:32.392 +03:00 [DBG] Began transaction with isolation level 'ReadCommitted'.
2026-07-04 19:54:32.396 +03:00 [DBG] Creating DbCommand for 'ExecuteReader'.
2026-07-04 19:54:32.398 +03:00 [DBG] Created DbCommand for 'ExecuteReader' (1ms).
2026-07-04 19:54:32.404 +03:00 [DBG] Initialized DbCommand for 'ExecuteReader' (7ms).
2026-07-04 19:54:32.407 +03:00 [DBG] Executing DbCommand [Parameters=[@p0='?' (DbType = Guid), @p1='?' (Size = 1000), @p2='?' (DbType = DateTime2), @p3='?' (Size = 256), @p4='?' (DbType = DateTime2), @p5='?' (Size = 128), @p6='?' (DbType = Int32), @p7='?' (Size = 200), @p8='?' (DbType = Boolean), @p9='?' (DbType = DateTime2), @p10='?' (Size = 4000), @p11='?' (DbType = DateTime2), @p12='?' (Size = 128), @p13='?' (Size = 30), @p14='?' (DbType = DateTime2), @p15='?' (DbType = Guid), @p16='?' (Size = 50), @p17='?' (DbType = DateTime2), @p18='?' (Size = 1000), @p19='?' (Size = 64), @p20='?' (Size = 500), @p21='?' (DbType = Guid), @p22='?' (DbType = Guid), @p23='?' (DbType = DateTime2), @p24='?' (Size = 64), @p25='?' (DbType = DateTime2), @p26='?' (DbType = Boolean), @p27='?' (DbType = Guid), @p28='?' (Size = 128), @p29='?' (Size = 500), @p30='?' (DbType = Guid), @p31='?' (DbType = Int32), @p32='?' (DbType = Guid), @p33='?' (DbType = DateTime2)], CommandType='"Text"', CommandTimeout='30']
SET NOCOUNT ON;
INSERT INTO [Users] ([Id], [AvatarUrl], [CreatedAt], [Email], [EmailConfirmationTokenExpiresAtUtc], [EmailConfirmationTokenHash], [FailedLoginAttempts], [FullName], [IsActive], [LockedUntilUtc], [PasswordHash], [PasswordResetTokenExpiresAtUtc], [PasswordResetTokenHash], [PhoneNumber], [UpdatedAt])
OUTPUT INSERTED.[EmailConfirmed]
VALUES (@p0, @p1, @p2, @p3, @p4, @p5, @p6, @p7, @p8, @p9, @p10, @p11, @p12, @p13, @p14);
INSERT INTO [AuditLogs] ([Id], [Action], [CreatedAtUtc], [Details], [IpAddress], [UserAgent], [UserId])
VALUES (@p15, @p16, @p17, @p18, @p19, @p20, @p21);
INSERT INTO [RefreshTokens] ([Id], [CreatedAtUtc], [CreatedByIp], [ExpiresAtUtc], [IsRevoked], [ReplacedByTokenId], [TokenHash], [UserAgent], [UserId])
VALUES (@p22, @p23, @p24, @p25, @p26, @p27, @p28, @p29, @p30);
INSERT INTO [UserRoles] ([RoleId], [UserId], [AssignedAt])
VALUES (@p31, @p32, @p33);
2026-07-04 19:54:32.427 +03:00 [INF] Executed DbCommand (20ms) [Parameters=[@p0='?' (DbType = Guid), @p1='?' (Size = 1000), @p2='?' (DbType = DateTime2), @p3='?' (Size = 256), @p4='?' (DbType = DateTime2), @p5='?' (Size = 128), @p6='?' (DbType = Int32), @p7='?' (Size = 200), @p8='?' (DbType = Boolean), @p9='?' (DbType = DateTime2), @p10='?' (Size = 4000), @p11='?' (DbType = DateTime2), @p12='?' (Size = 128), @p13='?' (Size = 30), @p14='?' (DbType = DateTime2), @p15='?' (DbType = Guid), @p16='?' (Size = 50), @p17='?' (DbType = DateTime2), @p18='?' (Size = 1000), @p19='?' (Size = 64), @p20='?' (Size = 500), @p21='?' (DbType = Guid), @p22='?' (DbType = Guid), @p23='?' (DbType = DateTime2), @p24='?' (Size = 64), @p25='?' (DbType = DateTime2), @p26='?' (DbType = Boolean), @p27='?' (DbType = Guid), @p28='?' (Size = 128), @p29='?' (Size = 500), @p30='?' (DbType = Guid), @p31='?' (DbType = Int32), @p32='?' (DbType = Guid), @p33='?' (DbType = DateTime2)], CommandType='"Text"', CommandTimeout='30']
SET NOCOUNT ON;
INSERT INTO [Users] ([Id], [AvatarUrl], [CreatedAt], [Email], [EmailConfirmationTokenExpiresAtUtc], [EmailConfirmationTokenHash], [FailedLoginAttempts], [FullName], [IsActive], [LockedUntilUtc], [PasswordHash], [PasswordResetTokenExpiresAtUtc], [PasswordResetTokenHash], [PhoneNumber], [UpdatedAt])
OUTPUT INSERTED.[EmailConfirmed]
VALUES (@p0, @p1, @p2, @p3, @p4, @p5, @p6, @p7, @p8, @p9, @p10, @p11, @p12, @p13, @p14);
INSERT INTO [AuditLogs] ([Id], [Action], [CreatedAtUtc], [Details], [IpAddress], [UserAgent], [UserId])
VALUES (@p15, @p16, @p17, @p18, @p19, @p20, @p21);
INSERT INTO [RefreshTokens] ([Id], [CreatedAtUtc], [CreatedByIp], [ExpiresAtUtc], [IsRevoked], [ReplacedByTokenId], [TokenHash], [UserAgent], [UserId])
VALUES (@p22, @p23, @p24, @p25, @p26, @p27, @p28, @p29, @p30);
INSERT INTO [UserRoles] ([RoleId], [UserId], [AssignedAt])
VALUES (@p31, @p32, @p33);
2026-07-04 19:54:32.443 +03:00 [DBG] Closing data reader to 'SmartHorseDb' on server 'localhost\SQLEXPRESS01'.
2026-07-04 19:54:32.445 +03:00 [DBG] A data reader for 'SmartHorseDb' on server 'localhost\SQLEXPRESS01' is being disposed after spending 14ms reading results.
2026-07-04 19:54:32.450 +03:00 [DBG] Committing transaction.
2026-07-04 19:54:32.454 +03:00 [DBG] Committed transaction.
2026-07-04 19:54:32.458 +03:00 [DBG] Closing connection to database 'SmartHorseDb' on server 'localhost\SQLEXPRESS01'.
2026-07-04 19:54:32.460 +03:00 [DBG] Closed connection to database 'SmartHorseDb' on server 'localhost\SQLEXPRESS01' (2ms).
2026-07-04 19:54:32.464 +03:00 [DBG] Disposing transaction.
2026-07-04 19:54:32.476 +03:00 [DBG] An entity of type 'User' tracked by 'ApplicationDbContext' changed state from '"Added"' to '"Unchanged"'. Consider using 'DbContextOptionsBuilder.EnableSensitiveDataLogging' to see key values.
2026-07-04 19:54:32.480 +03:00 [DBG] An entity of type 'RefreshToken' tracked by 'ApplicationDbContext' changed state from '"Added"' to '"Unchanged"'. Consider using 'DbContextOptionsBuilder.EnableSensitiveDataLogging' to see key values.
2026-07-04 19:54:32.482 +03:00 [DBG] An entity of type 'UserRole' tracked by 'ApplicationDbContext' changed state from '"Added"' to '"Unchanged"'. Consider using 'DbContextOptionsBuilder.EnableSensitiveDataLogging' to see key values.
2026-07-04 19:54:32.487 +03:00 [DBG] An entity of type 'AuditLog' tracked by 'ApplicationDbContext' changed state from '"Added"' to '"Unchanged"'. Consider using 'DbContextOptionsBuilder.EnableSensitiveDataLogging' to see key values.
2026-07-04 19:54:32.491 +03:00 [DBG] SaveChanges completed for 'ApplicationDbContext' with 4 entities written to the database.
2026-07-04 19:54:32.498 +03:00 [WRN] Email:Smtp:Host is not configured — skipping send. Would have sent "Confirm your Smart Horse Management System email" to omar2027@test.com.
2026-07-04 19:54:32.508 +03:00 [DBG] List of registered output formatters, in the following order: ["Microsoft.AspNetCore.Mvc.Formatters.HttpNoContentOutputFormatter","Microsoft.AspNetCore.Mvc.Formatters.StringOutputFormatter","Microsoft.AspNetCore.Mvc.Formatters.StreamOutputFormatter","Microsoft.AspNetCore.Mvc.Formatters.SystemTextJsonOutputFormatter"]
2026-07-04 19:54:32.513 +03:00 [DBG] Attempting to select an output formatter based on Accept header '["application/json"]' and explicitly specified content types '["application/json"]'. The content types in the accept header must be a subset of the explicitly set content types.
2026-07-04 19:54:32.517 +03:00 [DBG] Selected output formatter 'Microsoft.AspNetCore.Mvc.Formatters.SystemTextJsonOutputFormatter' and content type 'application/json' to write the response.
2026-07-04 19:54:32.519 +03:00 [INF] Executing OkObjectResult, writing value of type 'SmartHorse.API.Common.ApiResponse`1[[SmartHorse.Application.Auth.DTOs.AuthResponseDto, SmartHorse.Application, Version=1.0.0.0, Culture=neutral, PublicKeyToken=null]]'.
2026-07-04 19:54:32.549 +03:00 [INF] Executed action SmartHorse.API.Controllers.AuthController.Register (SmartHorse.API) in 1618.5534ms
2026-07-04 19:54:32.551 +03:00 [INF] Executed endpoint 'SmartHorse.API.Controllers.AuthController.Register (SmartHorse.API)'
2026-07-04 19:54:32.554 +03:00 [INF] HTTP POST /api/v1/auth/register responded 200 in 1689.4317 ms
2026-07-04 19:54:32.558 +03:00 [DBG] 'ApplicationDbContext' disposed.
2026-07-04 19:54:32.562 +03:00 [DBG] Disposing connection to database 'SmartHorseDb' on server 'localhost\SQLEXPRESS01'.
2026-07-04 19:54:32.565 +03:00 [DBG] Disposed connection to database '' on server '' (2ms).
2026-07-04 19:54:32.567 +03:00 [INF] Request finished HTTP/2 POST https://localhost:7080/api/v1/auth/register - 200 null application/json; charset=utf-8 1730.5807ms
2026-07-04 19:54:40.697 +03:00 [INF] Request starting HTTP/2 GET https://localhost:7080/ - null null
2026-07-04 19:54:40.701 +03:00 [DBG] No candidates found for the request path '/'
2026-07-04 19:54:40.702 +03:00 [DBG] Request did not match any endpoints
2026-07-04 19:54:40.704 +03:00 [DBG] The request path  does not match the path filter
2026-07-04 19:54:40.706 +03:00 [DBG] The request path / does not match a supported file type
2026-07-04 19:54:40.710 +03:00 [DBG] AuthenticationScheme: Bearer was not authenticated.
2026-07-04 19:54:40.712 +03:00 [INF] HTTP GET / responded 404 in 8.1602 ms
2026-07-04 19:54:40.714 +03:00 [INF] Request finished HTTP/2 GET https://localhost:7080/ - 404 0 null 16.3159ms
2026-07-04 19:54:40.718 +03:00 [INF] Request reached the end of the middleware pipeline without being handled by application code. Request path: GET https://localhost:7080/, Response status code: 404
2026-07-04 19:56:51.878 +03:00 [DBG] Connection id "0HNMPTHM1JONV" is closing.
2026-07-04 19:56:51.881 +03:00 [DBG] Connection id "0HNMPTHM1JONV" is closed. The last processed stream ID was 3.
2026-07-04 19:56:51.885 +03:00 [DBG] Connection id "0HNMPTHM1JONV" received FIN.
2026-07-04 19:56:51.886 +03:00 [DBG] The connection queue processing loop for 0HNMPTHM1JONV completed.
2026-07-04 19:56:51.887 +03:00 [DBG] Connection id "0HNMPTHM1JONV" sending FIN because: "The Socket transport's send loop completed gracefully."
2026-07-04 19:56:51.891 +03:00 [DBG] Connection id "0HNMPTHM1JONV" stopped.
2026-07-04 19:56:54.803 +03:00 [DBG] Connection id "0HNMPTHM1JOO0" accepted.
2026-07-04 19:56:54.805 +03:00 [DBG] Connection id "0HNMPTHM1JOO0" started.
2026-07-04 19:56:54.809 +03:00 [DBG] Connection 0HNMPTHM1JOO0 established using the following protocol: "Tls13"
2026-07-04 19:56:54.811 +03:00 [INF] Request starting HTTP/2 POST https://localhost:7080/api/v1/auth/login - application/json 65
2026-07-04 19:56:54.818 +03:00 [DBG] 1 candidate(s) found for the request path '/api/v1/auth/login'
2026-07-04 19:56:54.820 +03:00 [DBG] Endpoint 'SmartHorse.API.Controllers.AuthController.Login (SmartHorse.API)' with route pattern 'api/v1/auth/login' is valid for the request path '/api/v1/auth/login'
2026-07-04 19:56:54.823 +03:00 [DBG] Request matched endpoint 'SmartHorse.API.Controllers.AuthController.Login (SmartHorse.API)'
2026-07-04 19:56:54.824 +03:00 [DBG] Static files was skipped as the request already matched an endpoint.
2026-07-04 19:56:54.825 +03:00 [DBG] The request has an origin header: 'https://localhost:7080'.
2026-07-04 19:56:54.827 +03:00 [INF] CORS policy execution failed.
2026-07-04 19:56:54.827 +03:00 [INF] Request origin https://localhost:7080 does not have permission to access the resource.
2026-07-04 19:56:54.829 +03:00 [DBG] Static files was skipped as the request already matched an endpoint.
2026-07-04 19:56:54.830 +03:00 [DBG] AuthenticationScheme: Bearer was not authenticated.
2026-07-04 19:56:54.831 +03:00 [INF] Executing endpoint 'SmartHorse.API.Controllers.AuthController.Login (SmartHorse.API)'
2026-07-04 19:56:54.836 +03:00 [INF] Route matched with {action = "Login", controller = "Auth"}. Executing controller action with signature System.Threading.Tasks.Task`1[Microsoft.AspNetCore.Mvc.ActionResult`1[SmartHorse.Application.Auth.DTOs.AuthResponseDto]] Login(SmartHorse.Application.Auth.Commands.Login.LoginCommand, System.Threading.CancellationToken) on controller SmartHorse.API.Controllers.AuthController (SmartHorse.API).
2026-07-04 19:56:54.838 +03:00 [DBG] Execution plan of authorization filters (in the following order): ["None"]
2026-07-04 19:56:54.840 +03:00 [DBG] Execution plan of resource filters (in the following order): ["None"]
2026-07-04 19:56:54.841 +03:00 [DBG] Execution plan of action filters (in the following order): ["Microsoft.AspNetCore.Mvc.ModelBinding.UnsupportedContentTypeFilter (Order: -3000)","Microsoft.AspNetCore.Mvc.Infrastructure.ModelStateInvalidFilter (Order: -2000)","Asp.Versioning.ReportApiVersionsAttribute (Order: 0)"]
2026-07-04 19:56:54.843 +03:00 [DBG] Execution plan of exception filters (in the following order): ["None"]
2026-07-04 19:56:54.845 +03:00 [DBG] Execution plan of result filters (in the following order): ["Microsoft.AspNetCore.Mvc.Infrastructure.ClientErrorResultFilter (Order: -2000)","SmartHorse.API.Common.ApiResponseWrapperFilter","Asp.Versioning.ReportApiVersionsAttribute (Order: 0)","Microsoft.AspNetCore.Mvc.ProducesAttribute (Order: 0)"]
2026-07-04 19:56:54.848 +03:00 [DBG] Executing controller factory for controller SmartHorse.API.Controllers.AuthController (SmartHorse.API)
2026-07-04 19:56:54.850 +03:00 [DBG] Executed controller factory for controller SmartHorse.API.Controllers.AuthController (SmartHorse.API)
2026-07-04 19:56:54.852 +03:00 [DBG] Attempting to bind parameter 'command' of type 'SmartHorse.Application.Auth.Commands.Login.LoginCommand' ...
2026-07-04 19:56:54.853 +03:00 [DBG] Attempting to bind parameter 'command' of type 'SmartHorse.Application.Auth.Commands.Login.LoginCommand' using the name '' in request data ...
2026-07-04 19:56:54.855 +03:00 [DBG] Selected input formatter 'Microsoft.AspNetCore.Mvc.Formatters.SystemTextJsonInputFormatter' for content type 'application/json'.
2026-07-04 19:56:54.858 +03:00 [DBG] Connection id "0HNMPTHM1JOO0", Request id "0HNMPTHM1JOO0:00000001": started reading request body.
2026-07-04 19:56:54.860 +03:00 [DBG] Connection id "0HNMPTHM1JOO0", Request id "0HNMPTHM1JOO0:00000001": done reading request body.
2026-07-04 19:56:54.862 +03:00 [DBG] JSON input formatter succeeded, deserializing to type 'SmartHorse.Application.Auth.Commands.Login.LoginCommand'
2026-07-04 19:56:54.863 +03:00 [DBG] Done attempting to bind parameter 'command' of type 'SmartHorse.Application.Auth.Commands.Login.LoginCommand'.
2026-07-04 19:56:54.865 +03:00 [DBG] Done attempting to bind parameter 'command' of type 'SmartHorse.Application.Auth.Commands.Login.LoginCommand'.
2026-07-04 19:56:54.867 +03:00 [DBG] Attempting to validate the bound parameter 'command' of type 'SmartHorse.Application.Auth.Commands.Login.LoginCommand' ...
2026-07-04 19:56:54.869 +03:00 [DBG] Done attempting to validate the bound parameter 'command' of type 'SmartHorse.Application.Auth.Commands.Login.LoginCommand'.
2026-07-04 19:56:54.871 +03:00 [DBG] Attempting to bind parameter 'cancellationToken' of type 'System.Threading.CancellationToken' ...
2026-07-04 19:56:54.872 +03:00 [DBG] Done attempting to bind parameter 'cancellationToken' of type 'System.Threading.CancellationToken'.
2026-07-04 19:56:54.874 +03:00 [DBG] Attempting to validate the bound parameter 'cancellationToken' of type 'System.Threading.CancellationToken' ...
2026-07-04 19:56:54.875 +03:00 [DBG] Done attempting to validate the bound parameter 'cancellationToken' of type 'System.Threading.CancellationToken'.
2026-07-04 19:56:54.933 +03:00 [DBG] Entity Framework Core 8.0.8 initialized 'ApplicationDbContext' using provider 'Microsoft.EntityFrameworkCore.SqlServer:8.0.8' with options: MigrationsAssembly=SmartHorse.Infrastructure, Version=1.0.0.0, Culture=neutral, PublicKeyToken=null 
2026-07-04 19:56:54.939 +03:00 [DBG] Compiling query expression: 
'DbSet<User>()
    .Include(u => u.UserRoles)
    .ThenInclude(ur => ur.Role)
    .FirstOrDefault(u => u.Email == __email_0)'
2026-07-04 19:56:54.946 +03:00 [DBG] Including navigation: 'User.UserRoles'.
2026-07-04 19:56:54.952 +03:00 [DBG] Including navigation: 'UserRole.Role'.
2026-07-04 19:56:55.016 +03:00 [DBG] Generated query execution expression: 
'queryContext => ShapedQueryCompilingExpressionVisitor.SingleOrDefaultAsync<User>(
    asyncEnumerable: new SingleQueryingEnumerable<User>(
        (RelationalQueryContext)queryContext, 
        RelationalCommandCache.QueryExpression(
            Client Projections:
                0 -> Dictionary<IProperty, int> { [Property: User.Id (Guid) Required PK AfterSave:Throw ValueGenerated.OnAdd, 0], [Property: User.AvatarUrl (string) MaxLength(1000), 1], [Property: User.CreatedAt (DateTime) Required, 2], [Property: User.Email (string) Required Index MaxLength(256), 3], [Property: User.EmailConfirmationTokenExpiresAtUtc (DateTime?), 4], [Property: User.EmailConfirmationTokenHash (string) MaxLength(128), 5], [Property: User.EmailConfirmed (bool) Required ValueGenerated.OnAdd, 6], [Property: User.FailedLoginAttempts (int) Required, 7], [Property: User.FullName (string) Required MaxLength(200), 8], [Property: User.IsActive (bool) Required, 9], [Property: User.LockedUntilUtc (DateTime?), 10], [Property: User.PasswordHash (string) Required, 11], [Property: User.PasswordResetTokenExpiresAtUtc (DateTime?), 12], [Property: User.PasswordResetTokenHash (string) MaxLength(128), 13], [Property: User.PhoneNumber (string) MaxLength(30), 14], [Property: User.UpdatedAt (DateTime?), 15] }
                1 -> 0
                2 -> Dictionary<IProperty, int> { [Property: UserRole.UserId (Guid) Required PK FK AfterSave:Throw, 16], [Property: UserRole.RoleId (int) Required PK FK Index AfterSave:Throw, 17], [Property: UserRole.AssignedAt (DateTime) Required, 18] }
                3 -> Dictionary<IProperty, int> { [Property: Role.Id (int) Required PK AfterSave:Throw ValueGenerated.OnAdd, 19], [Property: Role.Name (string) Required Index MaxLength(50), 20] }
                4 -> 16
                5 -> 17
                6 -> 19
            SELECT t.Id, t.AvatarUrl, t.CreatedAt, t.Email, t.EmailConfirmationTokenExpiresAtUtc, t.EmailConfirmationTokenHash, t.EmailConfirmed, t.FailedLoginAttempts, t.FullName, t.IsActive, t.LockedUntilUtc, t.PasswordHash, t.PasswordResetTokenExpiresAtUtc, t.PasswordResetTokenHash, t.PhoneNumber, t.UpdatedAt, t0.UserId, t0.RoleId, t0.AssignedAt, t0.Id, t0.Name
            FROM 
            (
                SELECT TOP(1) u.Id, u.AvatarUrl, u.CreatedAt, u.Email, u.EmailConfirmationTokenExpiresAtUtc, u.EmailConfirmationTokenHash, u.EmailConfirmed, u.FailedLoginAttempts, u.FullName, u.IsActive, u.LockedUntilUtc, u.PasswordHash, u.PasswordResetTokenExpiresAtUtc, u.PasswordResetTokenHash, u.PhoneNumber, u.UpdatedAt
                FROM Users AS u
                WHERE u.Email == @__email_0
            ) AS t
            LEFT JOIN 
            (
                SELECT u0.UserId, u0.RoleId, u0.AssignedAt, r.Id, r.Name
                FROM UserRoles AS u0
                INNER JOIN Roles AS r ON u0.RoleId == r.Id
            ) AS t0 ON t.Id == t0.UserId
            ORDER BY t.Id ASC, t0.UserId ASC, t0.RoleId ASC), 
        null, 
        Func<QueryContext, DbDataReader, ResultContext, SingleQueryResultCoordinator, User>, 
        SmartHorse.Infrastructure.Persistence.ApplicationDbContext, 
        False, 
        False, 
        True
    ), 
    cancellationToken: queryContext.CancellationToken)'
2026-07-04 19:56:55.021 +03:00 [DBG] Creating DbConnection.
2026-07-04 19:56:55.021 +03:00 [DBG] Created DbConnection. (0ms).
2026-07-04 19:56:55.023 +03:00 [DBG] Opening connection to database 'SmartHorseDb' on server 'localhost\SQLEXPRESS01'.
2026-07-04 19:56:55.024 +03:00 [DBG] Opened connection to database 'SmartHorseDb' on server 'localhost\SQLEXPRESS01'.
2026-07-04 19:56:55.026 +03:00 [DBG] Creating DbCommand for 'ExecuteReader'.
2026-07-04 19:56:55.027 +03:00 [DBG] Created DbCommand for 'ExecuteReader' (1ms).
2026-07-04 19:56:55.028 +03:00 [DBG] Initialized DbCommand for 'ExecuteReader' (2ms).
2026-07-04 19:56:55.029 +03:00 [DBG] Executing DbCommand [Parameters=[@__email_0='?' (Size = 256)], CommandType='"Text"', CommandTimeout='30']
SELECT [t].[Id], [t].[AvatarUrl], [t].[CreatedAt], [t].[Email], [t].[EmailConfirmationTokenExpiresAtUtc], [t].[EmailConfirmationTokenHash], [t].[EmailConfirmed], [t].[FailedLoginAttempts], [t].[FullName], [t].[IsActive], [t].[LockedUntilUtc], [t].[PasswordHash], [t].[PasswordResetTokenExpiresAtUtc], [t].[PasswordResetTokenHash], [t].[PhoneNumber], [t].[UpdatedAt], [t0].[UserId], [t0].[RoleId], [t0].[AssignedAt], [t0].[Id], [t0].[Name]
FROM (
    SELECT TOP(1) [u].[Id], [u].[AvatarUrl], [u].[CreatedAt], [u].[Email], [u].[EmailConfirmationTokenExpiresAtUtc], [u].[EmailConfirmationTokenHash], [u].[EmailConfirmed], [u].[FailedLoginAttempts], [u].[FullName], [u].[IsActive], [u].[LockedUntilUtc], [u].[PasswordHash], [u].[PasswordResetTokenExpiresAtUtc], [u].[PasswordResetTokenHash], [u].[PhoneNumber], [u].[UpdatedAt]
    FROM [Users] AS [u]
    WHERE [u].[Email] = @__email_0
) AS [t]
LEFT JOIN (
    SELECT [u0].[UserId], [u0].[RoleId], [u0].[AssignedAt], [r].[Id], [r].[Name]
    FROM [UserRoles] AS [u0]
    INNER JOIN [Roles] AS [r] ON [u0].[RoleId] = [r].[Id]
) AS [t0] ON [t].[Id] = [t0].[UserId]
ORDER BY [t].[Id], [t0].[UserId], [t0].[RoleId]
2026-07-04 19:56:55.055 +03:00 [INF] Executed DbCommand (26ms) [Parameters=[@__email_0='?' (Size = 256)], CommandType='"Text"', CommandTimeout='30']
SELECT [t].[Id], [t].[AvatarUrl], [t].[CreatedAt], [t].[Email], [t].[EmailConfirmationTokenExpiresAtUtc], [t].[EmailConfirmationTokenHash], [t].[EmailConfirmed], [t].[FailedLoginAttempts], [t].[FullName], [t].[IsActive], [t].[LockedUntilUtc], [t].[PasswordHash], [t].[PasswordResetTokenExpiresAtUtc], [t].[PasswordResetTokenHash], [t].[PhoneNumber], [t].[UpdatedAt], [t0].[UserId], [t0].[RoleId], [t0].[AssignedAt], [t0].[Id], [t0].[Name]
FROM (
    SELECT TOP(1) [u].[Id], [u].[AvatarUrl], [u].[CreatedAt], [u].[Email], [u].[EmailConfirmationTokenExpiresAtUtc], [u].[EmailConfirmationTokenHash], [u].[EmailConfirmed], [u].[FailedLoginAttempts], [u].[FullName], [u].[IsActive], [u].[LockedUntilUtc], [u].[PasswordHash], [u].[PasswordResetTokenExpiresAtUtc], [u].[PasswordResetTokenHash], [u].[PhoneNumber], [u].[UpdatedAt]
    FROM [Users] AS [u]
    WHERE [u].[Email] = @__email_0
) AS [t]
LEFT JOIN (
    SELECT [u0].[UserId], [u0].[RoleId], [u0].[AssignedAt], [r].[Id], [r].[Name]
    FROM [UserRoles] AS [u0]
    INNER JOIN [Roles] AS [r] ON [u0].[RoleId] = [r].[Id]
) AS [t0] ON [t].[Id] = [t0].[UserId]
ORDER BY [t].[Id], [t0].[UserId], [t0].[RoleId]
2026-07-04 19:56:55.061 +03:00 [DBG] Context 'ApplicationDbContext' started tracking 'User' entity. Consider using 'DbContextOptionsBuilder.EnableSensitiveDataLogging' to see key values.
2026-07-04 19:56:55.067 +03:00 [DBG] Context 'ApplicationDbContext' started tracking 'UserRole' entity. Consider using 'DbContextOptionsBuilder.EnableSensitiveDataLogging' to see key values.
2026-07-04 19:56:55.070 +03:00 [DBG] The navigation 'UserRole.Role' was detected as changed. Consider using 'DbContextOptionsBuilder.EnableSensitiveDataLogging' to see key values.
2026-07-04 19:56:55.072 +03:00 [DBG] Context 'ApplicationDbContext' started tracking 'Role' entity. Consider using 'DbContextOptionsBuilder.EnableSensitiveDataLogging' to see key values.
2026-07-04 19:56:55.074 +03:00 [DBG] Closing data reader to 'SmartHorseDb' on server 'localhost\SQLEXPRESS01'.
2026-07-04 19:56:55.075 +03:00 [DBG] A data reader for 'SmartHorseDb' on server 'localhost\SQLEXPRESS01' is being disposed after spending 17ms reading results.
2026-07-04 19:56:55.077 +03:00 [DBG] Closing connection to database 'SmartHorseDb' on server 'localhost\SQLEXPRESS01'.
2026-07-04 19:56:55.078 +03:00 [DBG] Closed connection to database 'SmartHorseDb' on server 'localhost\SQLEXPRESS01' (1ms).
2026-07-04 19:56:55.383 +03:00 [DBG] The navigation 'AuditLog.User' was detected as changed. Consider using 'DbContextOptionsBuilder.EnableSensitiveDataLogging' to see key values.
2026-07-04 19:56:55.385 +03:00 [DBG] Context 'ApplicationDbContext' started tracking 'AuditLog' entity. Consider using 'DbContextOptionsBuilder.EnableSensitiveDataLogging' to see key values.
2026-07-04 19:56:55.386 +03:00 [DBG] DetectChanges starting for 'ApplicationDbContext'.
2026-07-04 19:56:55.391 +03:00 [DBG] 1 entities were added and 0 entities were removed from navigation 'User.RefreshTokens'. Consider using 'DbContextOptionsBuilder.EnableSensitiveDataLogging' to see key values.
2026-07-04 19:56:55.394 +03:00 [DBG] The navigation 'RefreshToken.User' was detected as changed. Consider using 'DbContextOptionsBuilder.EnableSensitiveDataLogging' to see key values.
2026-07-04 19:56:55.396 +03:00 [DBG] Context 'ApplicationDbContext' started tracking 'RefreshToken' entity. Consider using 'DbContextOptionsBuilder.EnableSensitiveDataLogging' to see key values.
2026-07-04 19:56:55.398 +03:00 [DBG] DetectChanges completed for 'ApplicationDbContext'.
2026-07-04 19:56:55.399 +03:00 [DBG] SaveChanges starting for 'ApplicationDbContext'.
2026-07-04 19:56:55.401 +03:00 [DBG] DetectChanges starting for 'ApplicationDbContext'.
2026-07-04 19:56:55.402 +03:00 [DBG] DetectChanges completed for 'ApplicationDbContext'.
2026-07-04 19:56:55.410 +03:00 [DBG] Executing 2 update commands as a batch.
2026-07-04 19:56:55.411 +03:00 [DBG] Opening connection to database 'SmartHorseDb' on server 'localhost\SQLEXPRESS01'.
2026-07-04 19:56:55.413 +03:00 [DBG] Opened connection to database 'SmartHorseDb' on server 'localhost\SQLEXPRESS01'.
2026-07-04 19:56:55.415 +03:00 [DBG] Beginning transaction with isolation level 'Unspecified'.
2026-07-04 19:56:55.416 +03:00 [DBG] Began transaction with isolation level 'ReadCommitted'.
2026-07-04 19:56:55.418 +03:00 [DBG] Creating DbCommand for 'ExecuteReader'.
2026-07-04 19:56:55.419 +03:00 [DBG] Created DbCommand for 'ExecuteReader' (1ms).
2026-07-04 19:56:55.420 +03:00 [DBG] Initialized DbCommand for 'ExecuteReader' (2ms).
2026-07-04 19:56:55.422 +03:00 [DBG] Executing DbCommand [Parameters=[@p0='?' (DbType = Guid), @p1='?' (Size = 50), @p2='?' (DbType = DateTime2), @p3='?' (Size = 1000), @p4='?' (Size = 64), @p5='?' (Size = 500), @p6='?' (DbType = Guid), @p15='?' (DbType = Guid), @p7='?' (DbType = DateTime2), @p8='?' (Size = 64), @p9='?' (DbType = DateTime2), @p10='?' (DbType = Boolean), @p11='?' (DbType = Guid), @p12='?' (Size = 128), @p13='?' (Size = 500), @p14='?' (DbType = Guid)], CommandType='"Text"', CommandTimeout='30']
SET NOCOUNT ON;
INSERT INTO [AuditLogs] ([Id], [Action], [CreatedAtUtc], [Details], [IpAddress], [UserAgent], [UserId])
VALUES (@p0, @p1, @p2, @p3, @p4, @p5, @p6);
UPDATE [RefreshTokens] SET [CreatedAtUtc] = @p7, [CreatedByIp] = @p8, [ExpiresAtUtc] = @p9, [IsRevoked] = @p10, [ReplacedByTokenId] = @p11, [TokenHash] = @p12, [UserAgent] = @p13, [UserId] = @p14
OUTPUT 1
WHERE [Id] = @p15;
2026-07-04 19:56:55.436 +03:00 [INF] Executed DbCommand (14ms) [Parameters=[@p0='?' (DbType = Guid), @p1='?' (Size = 50), @p2='?' (DbType = DateTime2), @p3='?' (Size = 1000), @p4='?' (Size = 64), @p5='?' (Size = 500), @p6='?' (DbType = Guid), @p15='?' (DbType = Guid), @p7='?' (DbType = DateTime2), @p8='?' (Size = 64), @p9='?' (DbType = DateTime2), @p10='?' (DbType = Boolean), @p11='?' (DbType = Guid), @p12='?' (Size = 128), @p13='?' (Size = 500), @p14='?' (DbType = Guid)], CommandType='"Text"', CommandTimeout='30']
SET NOCOUNT ON;
INSERT INTO [AuditLogs] ([Id], [Action], [CreatedAtUtc], [Details], [IpAddress], [UserAgent], [UserId])
VALUES (@p0, @p1, @p2, @p3, @p4, @p5, @p6);
UPDATE [RefreshTokens] SET [CreatedAtUtc] = @p7, [CreatedByIp] = @p8, [ExpiresAtUtc] = @p9, [IsRevoked] = @p10, [ReplacedByTokenId] = @p11, [TokenHash] = @p12, [UserAgent] = @p13, [UserId] = @p14
OUTPUT 1
WHERE [Id] = @p15;
2026-07-04 19:56:55.443 +03:00 [DBG] Microsoft.EntityFrameworkCore.DbUpdateConcurrencyException: The database operation was expected to affect 1 row(s), but actually affected 0 row(s); data may have been modified or deleted since entities were loaded. See https://go.microsoft.com/fwlink/?LinkId=527962 for information on understanding and handling optimistic concurrency exceptions.
2026-07-04 19:56:55.444 +03:00 [DBG] Closing data reader to 'SmartHorseDb' on server 'localhost\SQLEXPRESS01'.
2026-07-04 19:56:55.446 +03:00 [DBG] A data reader for 'SmartHorseDb' on server 'localhost\SQLEXPRESS01' is being disposed after spending 7ms reading results.
2026-07-04 19:56:55.449 +03:00 [DBG] Disposing transaction.
2026-07-04 19:56:55.450 +03:00 [DBG] Closing connection to database 'SmartHorseDb' on server 'localhost\SQLEXPRESS01'.
2026-07-04 19:56:55.452 +03:00 [DBG] Closed connection to database 'SmartHorseDb' on server 'localhost\SQLEXPRESS01' (1ms).
2026-07-04 19:56:55.457 +03:00 [INF] Executed action SmartHorse.API.Controllers.AuthController.Login (SmartHorse.API) in 609.0685ms
2026-07-04 19:56:55.459 +03:00 [INF] Executed endpoint 'SmartHorse.API.Controllers.AuthController.Login (SmartHorse.API)'
2026-07-04 19:56:55.460 +03:00 [ERR] HTTP POST /api/v1/auth/login responded 500 in 635.8436 ms
Microsoft.EntityFrameworkCore.DbUpdateConcurrencyException: The database operation was expected to affect 1 row(s), but actually affected 0 row(s); data may have been modified or deleted since entities were loaded. See https://go.microsoft.com/fwlink/?LinkId=527962 for information on understanding and handling optimistic concurrency exceptions.
   at Microsoft.EntityFrameworkCore.Update.AffectedCountModificationCommandBatch.ThrowAggregateUpdateConcurrencyExceptionAsync(RelationalDataReader reader, Int32 commandIndex, Int32 expectedRowsAffected, Int32 rowsAffected, CancellationToken cancellationToken)
   at Microsoft.EntityFrameworkCore.Update.AffectedCountModificationCommandBatch.ConsumeResultSetWithRowsAffectedOnlyAsync(Int32 commandIndex, RelationalDataReader reader, CancellationToken cancellationToken)
   at Microsoft.EntityFrameworkCore.Update.AffectedCountModificationCommandBatch.ConsumeAsync(RelationalDataReader reader, CancellationToken cancellationToken)
   at Microsoft.EntityFrameworkCore.Update.ReaderModificationCommandBatch.ExecuteAsync(IRelationalConnection connection, CancellationToken cancellationToken)
   at Microsoft.EntityFrameworkCore.Update.ReaderModificationCommandBatch.ExecuteAsync(IRelationalConnection connection, CancellationToken cancellationToken)
   at Microsoft.EntityFrameworkCore.SqlServer.Update.Internal.SqlServerModificationCommandBatch.ExecuteAsync(IRelationalConnection connection, CancellationToken cancellationToken)
   at Microsoft.EntityFrameworkCore.Update.Internal.BatchExecutor.ExecuteAsync(IEnumerable`1 commandBatches, IRelationalConnection connection, CancellationToken cancellationToken)
   at Microsoft.EntityFrameworkCore.Update.Internal.BatchExecutor.ExecuteAsync(IEnumerable`1 commandBatches, IRelationalConnection connection, CancellationToken cancellationToken)
   at Microsoft.EntityFrameworkCore.Update.Internal.BatchExecutor.ExecuteAsync(IEnumerable`1 commandBatches, IRelationalConnection connection, CancellationToken cancellationToken)
   at Microsoft.EntityFrameworkCore.ChangeTracking.Internal.StateManager.SaveChangesAsync(IList`1 entriesToSave, CancellationToken cancellationToken)
   at Microsoft.EntityFrameworkCore.ChangeTracking.Internal.StateManager.SaveChangesAsync(StateManager stateManager, Boolean acceptAllChangesOnSuccess, CancellationToken cancellationToken)
   at Microsoft.EntityFrameworkCore.SqlServer.Storage.Internal.SqlServerExecutionStrategy.ExecuteAsync[TState,TResult](TState state, Func`4 operation, Func`4 verifySucceeded, CancellationToken cancellationToken)
   at Microsoft.EntityFrameworkCore.DbContext.SaveChangesAsync(Boolean acceptAllChangesOnSuccess, CancellationToken cancellationToken)
   at SmartHorse.Application.Auth.Commands.Login.LoginCommandHandler.Handle(LoginCommand request, CancellationToken cancellationToken) in D:\Graduation Project\SmartHorse.Backend\src\SmartHorse.Application\Auth\Commands\Login\LoginCommandHandler.cs:line 102
   at SmartHorse.Application.Common.Behaviors.ValidationBehavior`2.Handle(TRequest request, RequestHandlerDelegate`1 next, CancellationToken cancellationToken) in D:\Graduation Project\SmartHorse.Backend\src\SmartHorse.Application\Common\Behaviors\ValidationBehavior.cs:line 54
   at SmartHorse.API.Controllers.AuthController.Login(LoginCommand command, CancellationToken cancellationToken) in D:\Graduation Project\SmartHorse.Backend\src\SmartHorse.API\Controllers\AuthController.cs:line 65
   at lambda_method533(Closure, Object)
   at Microsoft.AspNetCore.Mvc.Infrastructure.ActionMethodExecutor.AwaitableObjectResultExecutor.Execute(ActionContext actionContext, IActionResultTypeMapper mapper, ObjectMethodExecutor executor, Object controller, Object[] arguments)
   at Microsoft.AspNetCore.Mvc.Infrastructure.ControllerActionInvoker.<InvokeActionMethodAsync>g__Awaited|12_0(ControllerActionInvoker invoker, ValueTask`1 actionResultValueTask)
   at Microsoft.AspNetCore.Mvc.Infrastructure.ControllerActionInvoker.<InvokeNextActionFilterAsync>g__Awaited|10_0(ControllerActionInvoker invoker, Task lastTask, State next, Scope scope, Object state, Boolean isCompleted)
   at Microsoft.AspNetCore.Mvc.Infrastructure.ControllerActionInvoker.Rethrow(ActionExecutedContextSealed context)
   at Microsoft.AspNetCore.Mvc.Infrastructure.ControllerActionInvoker.Next(State& next, Scope& scope, Object& state, Boolean& isCompleted)
   at Microsoft.AspNetCore.Mvc.Infrastructure.ControllerActionInvoker.<InvokeInnerFilterAsync>g__Awaited|13_0(ControllerActionInvoker invoker, Task lastTask, State next, Scope scope, Object state, Boolean isCompleted)
   at Microsoft.AspNetCore.Mvc.Infrastructure.ResourceInvoker.<InvokeFilterPipelineAsync>g__Awaited|20_0(ResourceInvoker invoker, Task lastTask, State next, Scope scope, Object state, Boolean isCompleted)
   at Microsoft.AspNetCore.Mvc.Infrastructure.ResourceInvoker.<InvokeAsync>g__Logged|17_1(ResourceInvoker invoker)
   at Microsoft.AspNetCore.Mvc.Infrastructure.ResourceInvoker.<InvokeAsync>g__Logged|17_1(ResourceInvoker invoker)
   at Microsoft.AspNetCore.Routing.EndpointMiddleware.<Invoke>g__AwaitRequestTask|7_0(Endpoint endpoint, Task requestTask, ILogger logger)
   at Microsoft.AspNetCore.Authorization.AuthorizationMiddleware.Invoke(HttpContext context)
   at Microsoft.AspNetCore.Authentication.AuthenticationMiddleware.Invoke(HttpContext context)
   at Microsoft.AspNetCore.RateLimiting.RateLimitingMiddleware.InvokeInternal(HttpContext context, EnableRateLimitingAttribute enableRateLimitingAttribute)
   at Swashbuckle.AspNetCore.SwaggerUI.SwaggerUIMiddleware.Invoke(HttpContext httpContext)
   at Swashbuckle.AspNetCore.Swagger.SwaggerMiddleware.Invoke(HttpContext httpContext, ISwaggerProvider swaggerProvider)
   at Serilog.AspNetCore.RequestLoggingMiddleware.Invoke(HttpContext httpContext)
2026-07-04 19:56:55.484 +03:00 [ERR] Unhandled exception processing POST /api/v1/auth/login
Microsoft.EntityFrameworkCore.DbUpdateConcurrencyException: The database operation was expected to affect 1 row(s), but actually affected 0 row(s); data may have been modified or deleted since entities were loaded. See https://go.microsoft.com/fwlink/?LinkId=527962 for information on understanding and handling optimistic concurrency exceptions.
   at Microsoft.EntityFrameworkCore.Update.AffectedCountModificationCommandBatch.ThrowAggregateUpdateConcurrencyExceptionAsync(RelationalDataReader reader, Int32 commandIndex, Int32 expectedRowsAffected, Int32 rowsAffected, CancellationToken cancellationToken)
   at Microsoft.EntityFrameworkCore.Update.AffectedCountModificationCommandBatch.ConsumeResultSetWithRowsAffectedOnlyAsync(Int32 commandIndex, RelationalDataReader reader, CancellationToken cancellationToken)
   at Microsoft.EntityFrameworkCore.Update.AffectedCountModificationCommandBatch.ConsumeAsync(RelationalDataReader reader, CancellationToken cancellationToken)
   at Microsoft.EntityFrameworkCore.Update.ReaderModificationCommandBatch.ExecuteAsync(IRelationalConnection connection, CancellationToken cancellationToken)
   at Microsoft.EntityFrameworkCore.Update.ReaderModificationCommandBatch.ExecuteAsync(IRelationalConnection connection, CancellationToken cancellationToken)
   at Microsoft.EntityFrameworkCore.SqlServer.Update.Internal.SqlServerModificationCommandBatch.ExecuteAsync(IRelationalConnection connection, CancellationToken cancellationToken)
   at Microsoft.EntityFrameworkCore.Update.Internal.BatchExecutor.ExecuteAsync(IEnumerable`1 commandBatches, IRelationalConnection connection, CancellationToken cancellationToken)
   at Microsoft.EntityFrameworkCore.Update.Internal.BatchExecutor.ExecuteAsync(IEnumerable`1 commandBatches, IRelationalConnection connection, CancellationToken cancellationToken)
   at Microsoft.EntityFrameworkCore.Update.Internal.BatchExecutor.ExecuteAsync(IEnumerable`1 commandBatches, IRelationalConnection connection, CancellationToken cancellationToken)
   at Microsoft.EntityFrameworkCore.ChangeTracking.Internal.StateManager.SaveChangesAsync(IList`1 entriesToSave, CancellationToken cancellationToken)
   at Microsoft.EntityFrameworkCore.ChangeTracking.Internal.StateManager.SaveChangesAsync(StateManager stateManager, Boolean acceptAllChangesOnSuccess, CancellationToken cancellationToken)
   at Microsoft.EntityFrameworkCore.SqlServer.Storage.Internal.SqlServerExecutionStrategy.ExecuteAsync[TState,TResult](TState state, Func`4 operation, Func`4 verifySucceeded, CancellationToken cancellationToken)
   at Microsoft.EntityFrameworkCore.DbContext.SaveChangesAsync(Boolean acceptAllChangesOnSuccess, CancellationToken cancellationToken)
   at SmartHorse.Application.Auth.Commands.Login.LoginCommandHandler.Handle(LoginCommand request, CancellationToken cancellationToken) in D:\Graduation Project\SmartHorse.Backend\src\SmartHorse.Application\Auth\Commands\Login\LoginCommandHandler.cs:line 102
   at SmartHorse.Application.Common.Behaviors.ValidationBehavior`2.Handle(TRequest request, RequestHandlerDelegate`1 next, CancellationToken cancellationToken) in D:\Graduation Project\SmartHorse.Backend\src\SmartHorse.Application\Common\Behaviors\ValidationBehavior.cs:line 54
   at SmartHorse.API.Controllers.AuthController.Login(LoginCommand command, CancellationToken cancellationToken) in D:\Graduation Project\SmartHorse.Backend\src\SmartHorse.API\Controllers\AuthController.cs:line 65
   at lambda_method533(Closure, Object)
   at Microsoft.AspNetCore.Mvc.Infrastructure.ActionMethodExecutor.AwaitableObjectResultExecutor.Execute(ActionContext actionContext, IActionResultTypeMapper mapper, ObjectMethodExecutor executor, Object controller, Object[] arguments)
   at Microsoft.AspNetCore.Mvc.Infrastructure.ControllerActionInvoker.<InvokeActionMethodAsync>g__Awaited|12_0(ControllerActionInvoker invoker, ValueTask`1 actionResultValueTask)
   at Microsoft.AspNetCore.Mvc.Infrastructure.ControllerActionInvoker.<InvokeNextActionFilterAsync>g__Awaited|10_0(ControllerActionInvoker invoker, Task lastTask, State next, Scope scope, Object state, Boolean isCompleted)
   at Microsoft.AspNetCore.Mvc.Infrastructure.ControllerActionInvoker.Rethrow(ActionExecutedContextSealed context)
   at Microsoft.AspNetCore.Mvc.Infrastructure.ControllerActionInvoker.Next(State& next, Scope& scope, Object& state, Boolean& isCompleted)
   at Microsoft.AspNetCore.Mvc.Infrastructure.ControllerActionInvoker.<InvokeInnerFilterAsync>g__Awaited|13_0(ControllerActionInvoker invoker, Task lastTask, State next, Scope scope, Object state, Boolean isCompleted)
   at Microsoft.AspNetCore.Mvc.Infrastructure.ResourceInvoker.<InvokeFilterPipelineAsync>g__Awaited|20_0(ResourceInvoker invoker, Task lastTask, State next, Scope scope, Object state, Boolean isCompleted)
   at Microsoft.AspNetCore.Mvc.Infrastructure.ResourceInvoker.<InvokeAsync>g__Logged|17_1(ResourceInvoker invoker)
   at Microsoft.AspNetCore.Mvc.Infrastructure.ResourceInvoker.<InvokeAsync>g__Logged|17_1(ResourceInvoker invoker)
   at Microsoft.AspNetCore.Routing.EndpointMiddleware.<Invoke>g__AwaitRequestTask|7_0(Endpoint endpoint, Task requestTask, ILogger logger)
   at Microsoft.AspNetCore.Authorization.AuthorizationMiddleware.Invoke(HttpContext context)
   at Microsoft.AspNetCore.Authentication.AuthenticationMiddleware.Invoke(HttpContext context)
   at Microsoft.AspNetCore.RateLimiting.RateLimitingMiddleware.InvokeInternal(HttpContext context, EnableRateLimitingAttribute enableRateLimitingAttribute)
   at Swashbuckle.AspNetCore.SwaggerUI.SwaggerUIMiddleware.Invoke(HttpContext httpContext)
   at Swashbuckle.AspNetCore.Swagger.SwaggerMiddleware.Invoke(HttpContext httpContext, ISwaggerProvider swaggerProvider)
   at Serilog.AspNetCore.RequestLoggingMiddleware.Invoke(HttpContext httpContext)
   at SmartHorse.API.Middleware.CorrelationIdMiddleware.InvokeAsync(HttpContext context) in D:\Graduation Project\SmartHorse.Backend\src\SmartHorse.API\Middleware\CorrelationIdMiddleware.cs:line 31
   at SmartHorse.API.Middleware.ExceptionHandlingMiddleware.InvokeAsync(HttpContext context) in D:\Graduation Project\SmartHorse.Backend\src\SmartHorse.API\Middleware\ExceptionHandlingMiddleware.cs:line 37
2026-07-04 19:56:55.502 +03:00 [DBG] 'ApplicationDbContext' disposed.
2026-07-04 19:56:55.503 +03:00 [DBG] Disposing connection to database 'SmartHorseDb' on server 'localhost\SQLEXPRESS01'.
2026-07-04 19:56:55.505 +03:00 [DBG] Disposed connection to database '' on server '' (1ms).
2026-07-04 19:56:55.506 +03:00 [INF] Request finished HTTP/2 POST https://localhost:7080/api/v1/auth/login - 500 null application/problem+json 695.1069ms
2026-07-04 19:59:06.950 +03:00 [DBG] Connection id "0HNMPTHM1JOO0" is closing.
2026-07-04 19:59:06.951 +03:00 [DBG] Connection id "0HNMPTHM1JOO0" is closed. The last processed stream ID was 1.
2026-07-04 19:59:06.953 +03:00 [DBG] The connection queue processing loop for 0HNMPTHM1JOO0 completed.
2026-07-04 19:59:06.953 +03:00 [DBG] Connection id "0HNMPTHM1JOO0" received FIN.
2026-07-04 19:59:06.955 +03:00 [DBG] Connection id "0HNMPTHM1JOO0" stopped.
2026-07-04 19:59:06.957 +03:00 [DBG] Connection id "0HNMPTHM1JOO0" sending FIN because: "The Socket transport's send loop completed gracefully."
2026-07-04 20:10:18.036 +03:00 [INF] Application is shutting down...
2026-07-04 20:10:18.037 +03:00 [DBG] Hosting stopping
2026-07-04 20:10:18.045 +03:00 [DBG] Hosting stopped
2026-07-04 20:10:28.009 +03:00 [DBG] An 'IServiceProvider' was created for internal use by Entity Framework.
2026-07-04 20:10:28.436 +03:00 [DBG] The index {'UserId'} was not created on entity type 'AuditLog' as the properties are already covered by the index {'UserId', 'CreatedAtUtc'}.
2026-07-04 20:10:28.439 +03:00 [DBG] The index {'RoleId'} was not created on entity type 'RolePermission' as the properties are already covered by the index {'RoleId', 'PermissionId'}.
2026-07-04 20:10:28.441 +03:00 [DBG] The index {'UserId'} was not created on entity type 'UserPermissionOverride' as the properties are already covered by the index {'UserId', 'PermissionId'}.
2026-07-04 20:10:28.442 +03:00 [DBG] The index {'UserId'} was not created on entity type 'UserRole' as the properties are already covered by the index {'UserId', 'RoleId'}.
2026-07-04 20:10:28.670 +03:00 [DBG] Entity Framework Core 8.0.8 initialized 'ApplicationDbContext' using provider 'Microsoft.EntityFrameworkCore.SqlServer:8.0.8' with options: MigrationsAssembly=SmartHorse.Infrastructure, Version=1.0.0.0, Culture=neutral, PublicKeyToken=null 
2026-07-04 20:10:28.678 +03:00 [DBG] Creating DbConnection.
2026-07-04 20:10:28.710 +03:00 [DBG] Created DbConnection. (29ms).
2026-07-04 20:10:28.715 +03:00 [DBG] Migrating using database 'SmartHorseDb' on server 'localhost\SQLEXPRESS01'.
2026-07-04 20:10:28.724 +03:00 [DBG] Opening connection to database 'SmartHorseDb' on server 'localhost\SQLEXPRESS01'.
2026-07-04 20:10:28.924 +03:00 [DBG] Opened connection to database 'SmartHorseDb' on server 'localhost\SQLEXPRESS01'.
2026-07-04 20:10:28.933 +03:00 [DBG] Creating DbCommand for 'ExecuteNonQuery'.
2026-07-04 20:10:28.939 +03:00 [DBG] Created DbCommand for 'ExecuteNonQuery' (5ms).
2026-07-04 20:10:28.942 +03:00 [DBG] Initialized DbCommand for 'ExecuteNonQuery' (11ms).
2026-07-04 20:10:28.949 +03:00 [DBG] Executing DbCommand [Parameters=[], CommandType='"Text"', CommandTimeout='30']
SELECT 1
2026-07-04 20:10:28.982 +03:00 [INF] Executed DbCommand (31ms) [Parameters=[], CommandType='"Text"', CommandTimeout='30']
SELECT 1
2026-07-04 20:10:28.989 +03:00 [DBG] Closing connection to database 'SmartHorseDb' on server 'localhost\SQLEXPRESS01'.
2026-07-04 20:10:29.001 +03:00 [DBG] Closed connection to database 'SmartHorseDb' on server 'localhost\SQLEXPRESS01' (8ms).
2026-07-04 20:10:29.006 +03:00 [DBG] Creating DbCommand for 'ExecuteScalar'.
2026-07-04 20:10:29.007 +03:00 [DBG] Created DbCommand for 'ExecuteScalar' (1ms).
2026-07-04 20:10:29.008 +03:00 [DBG] Initialized DbCommand for 'ExecuteScalar' (2ms).
2026-07-04 20:10:29.009 +03:00 [DBG] Opening connection to database 'SmartHorseDb' on server 'localhost\SQLEXPRESS01'.
2026-07-04 20:10:29.010 +03:00 [DBG] Opened connection to database 'SmartHorseDb' on server 'localhost\SQLEXPRESS01'.
2026-07-04 20:10:29.012 +03:00 [DBG] Executing DbCommand [Parameters=[], CommandType='"Text"', CommandTimeout='30']
SELECT OBJECT_ID(N'[__EFMigrationsHistory]');
2026-07-04 20:10:29.031 +03:00 [INF] Executed DbCommand (19ms) [Parameters=[], CommandType='"Text"', CommandTimeout='30']
SELECT OBJECT_ID(N'[__EFMigrationsHistory]');
2026-07-04 20:10:29.033 +03:00 [DBG] Closing connection to database 'SmartHorseDb' on server 'localhost\SQLEXPRESS01'.
2026-07-04 20:10:29.034 +03:00 [DBG] Closed connection to database 'SmartHorseDb' on server 'localhost\SQLEXPRESS01' (1ms).
2026-07-04 20:10:29.036 +03:00 [DBG] Opening connection to database 'SmartHorseDb' on server 'localhost\SQLEXPRESS01'.
2026-07-04 20:10:29.037 +03:00 [DBG] Opened connection to database 'SmartHorseDb' on server 'localhost\SQLEXPRESS01'.
2026-07-04 20:10:29.038 +03:00 [DBG] Creating DbCommand for 'ExecuteNonQuery'.
2026-07-04 20:10:29.039 +03:00 [DBG] Created DbCommand for 'ExecuteNonQuery' (0ms).
2026-07-04 20:10:29.040 +03:00 [DBG] Initialized DbCommand for 'ExecuteNonQuery' (1ms).
2026-07-04 20:10:29.041 +03:00 [DBG] Executing DbCommand [Parameters=[], CommandType='"Text"', CommandTimeout='30']
SELECT 1
2026-07-04 20:10:29.043 +03:00 [INF] Executed DbCommand (2ms) [Parameters=[], CommandType='"Text"', CommandTimeout='30']
SELECT 1
2026-07-04 20:10:29.045 +03:00 [DBG] Closing connection to database 'SmartHorseDb' on server 'localhost\SQLEXPRESS01'.
2026-07-04 20:10:29.047 +03:00 [DBG] Closed connection to database 'SmartHorseDb' on server 'localhost\SQLEXPRESS01' (1ms).
2026-07-04 20:10:29.048 +03:00 [DBG] Creating DbCommand for 'ExecuteScalar'.
2026-07-04 20:10:29.049 +03:00 [DBG] Created DbCommand for 'ExecuteScalar' (0ms).
2026-07-04 20:10:29.050 +03:00 [DBG] Initialized DbCommand for 'ExecuteScalar' (1ms).
2026-07-04 20:10:29.051 +03:00 [DBG] Opening connection to database 'SmartHorseDb' on server 'localhost\SQLEXPRESS01'.
2026-07-04 20:10:29.052 +03:00 [DBG] Opened connection to database 'SmartHorseDb' on server 'localhost\SQLEXPRESS01'.
2026-07-04 20:10:29.053 +03:00 [DBG] Executing DbCommand [Parameters=[], CommandType='"Text"', CommandTimeout='30']
SELECT OBJECT_ID(N'[__EFMigrationsHistory]');
2026-07-04 20:10:29.056 +03:00 [INF] Executed DbCommand (2ms) [Parameters=[], CommandType='"Text"', CommandTimeout='30']
SELECT OBJECT_ID(N'[__EFMigrationsHistory]');
2026-07-04 20:10:29.057 +03:00 [DBG] Closing connection to database 'SmartHorseDb' on server 'localhost\SQLEXPRESS01'.
2026-07-04 20:10:29.059 +03:00 [DBG] Closed connection to database 'SmartHorseDb' on server 'localhost\SQLEXPRESS01' (1ms).
2026-07-04 20:10:29.071 +03:00 [DBG] Opening connection to database 'SmartHorseDb' on server 'localhost\SQLEXPRESS01'.
2026-07-04 20:10:29.072 +03:00 [DBG] Opened connection to database 'SmartHorseDb' on server 'localhost\SQLEXPRESS01'.
2026-07-04 20:10:29.073 +03:00 [DBG] Creating DbCommand for 'ExecuteReader'.
2026-07-04 20:10:29.074 +03:00 [DBG] Created DbCommand for 'ExecuteReader' (0ms).
2026-07-04 20:10:29.075 +03:00 [DBG] Initialized DbCommand for 'ExecuteReader' (1ms).
2026-07-04 20:10:29.076 +03:00 [DBG] Executing DbCommand [Parameters=[], CommandType='"Text"', CommandTimeout='30']
SELECT [MigrationId], [ProductVersion]
FROM [__EFMigrationsHistory]
ORDER BY [MigrationId];
2026-07-04 20:10:29.086 +03:00 [INF] Executed DbCommand (10ms) [Parameters=[], CommandType='"Text"', CommandTimeout='30']
SELECT [MigrationId], [ProductVersion]
FROM [__EFMigrationsHistory]
ORDER BY [MigrationId];
2026-07-04 20:10:29.093 +03:00 [DBG] Closing data reader to 'SmartHorseDb' on server 'localhost\SQLEXPRESS01'.
2026-07-04 20:10:29.095 +03:00 [DBG] A data reader for 'SmartHorseDb' on server 'localhost\SQLEXPRESS01' is being disposed after spending 6ms reading results.
2026-07-04 20:10:29.097 +03:00 [DBG] Closing connection to database 'SmartHorseDb' on server 'localhost\SQLEXPRESS01'.
2026-07-04 20:10:29.098 +03:00 [DBG] Closed connection to database 'SmartHorseDb' on server 'localhost\SQLEXPRESS01' (1ms).
2026-07-04 20:10:29.106 +03:00 [INF] No migrations were applied. The database is already up to date.
2026-07-04 20:10:29.131 +03:00 [DBG] Compiling query expression: 
'DbSet<Role>()'
2026-07-04 20:10:29.241 +03:00 [DBG] Generated query execution expression: 
'queryContext => new SingleQueryingEnumerable<Role>(
    (RelationalQueryContext)queryContext, 
    RelationalCommandCache.QueryExpression(
        Projection Mapping:
            EmptyProjectionMember -> Dictionary<IProperty, int> { [Property: Role.Id (int) Required PK AfterSave:Throw ValueGenerated.OnAdd, 0], [Property: Role.Name (string) Required Index MaxLength(50), 1] }
        SELECT r.Id, r.Name
        FROM Roles AS r), 
    null, 
    Func<QueryContext, DbDataReader, ResultContext, SingleQueryResultCoordinator, Role>, 
    SmartHorse.Infrastructure.Persistence.ApplicationDbContext, 
    False, 
    False, 
    True
)'
2026-07-04 20:10:29.259 +03:00 [DBG] Opening connection to database 'SmartHorseDb' on server 'localhost\SQLEXPRESS01'.
2026-07-04 20:10:29.260 +03:00 [DBG] Opened connection to database 'SmartHorseDb' on server 'localhost\SQLEXPRESS01'.
2026-07-04 20:10:29.262 +03:00 [DBG] Creating DbCommand for 'ExecuteReader'.
2026-07-04 20:10:29.263 +03:00 [DBG] Created DbCommand for 'ExecuteReader' (0ms).
2026-07-04 20:10:29.264 +03:00 [DBG] Initialized DbCommand for 'ExecuteReader' (1ms).
2026-07-04 20:10:29.265 +03:00 [DBG] Executing DbCommand [Parameters=[], CommandType='"Text"', CommandTimeout='30']
SELECT [r].[Id], [r].[Name]
FROM [Roles] AS [r]
2026-07-04 20:10:29.270 +03:00 [INF] Executed DbCommand (4ms) [Parameters=[], CommandType='"Text"', CommandTimeout='30']
SELECT [r].[Id], [r].[Name]
FROM [Roles] AS [r]
2026-07-04 20:10:29.293 +03:00 [DBG] Context 'ApplicationDbContext' started tracking 'Role' entity. Consider using 'DbContextOptionsBuilder.EnableSensitiveDataLogging' to see key values.
2026-07-04 20:10:29.305 +03:00 [DBG] Context 'ApplicationDbContext' started tracking 'Role' entity. Consider using 'DbContextOptionsBuilder.EnableSensitiveDataLogging' to see key values.
2026-07-04 20:10:29.307 +03:00 [DBG] Context 'ApplicationDbContext' started tracking 'Role' entity. Consider using 'DbContextOptionsBuilder.EnableSensitiveDataLogging' to see key values.
2026-07-04 20:10:29.308 +03:00 [DBG] Context 'ApplicationDbContext' started tracking 'Role' entity. Consider using 'DbContextOptionsBuilder.EnableSensitiveDataLogging' to see key values.
2026-07-04 20:10:29.310 +03:00 [DBG] Context 'ApplicationDbContext' started tracking 'Role' entity. Consider using 'DbContextOptionsBuilder.EnableSensitiveDataLogging' to see key values.
2026-07-04 20:10:29.311 +03:00 [DBG] Context 'ApplicationDbContext' started tracking 'Role' entity. Consider using 'DbContextOptionsBuilder.EnableSensitiveDataLogging' to see key values.
2026-07-04 20:10:29.313 +03:00 [DBG] Closing data reader to 'SmartHorseDb' on server 'localhost\SQLEXPRESS01'.
2026-07-04 20:10:29.314 +03:00 [DBG] A data reader for 'SmartHorseDb' on server 'localhost\SQLEXPRESS01' is being disposed after spending 42ms reading results.
2026-07-04 20:10:29.315 +03:00 [DBG] Closing connection to database 'SmartHorseDb' on server 'localhost\SQLEXPRESS01'.
2026-07-04 20:10:29.316 +03:00 [DBG] Closed connection to database 'SmartHorseDb' on server 'localhost\SQLEXPRESS01' (0ms).
2026-07-04 20:10:29.319 +03:00 [DBG] DetectChanges starting for 'ApplicationDbContext'.
2026-07-04 20:10:29.330 +03:00 [DBG] DetectChanges completed for 'ApplicationDbContext'.
2026-07-04 20:10:29.333 +03:00 [DBG] SaveChanges starting for 'ApplicationDbContext'.
2026-07-04 20:10:29.334 +03:00 [DBG] DetectChanges starting for 'ApplicationDbContext'.
2026-07-04 20:10:29.335 +03:00 [DBG] DetectChanges completed for 'ApplicationDbContext'.
2026-07-04 20:10:29.339 +03:00 [DBG] SaveChanges completed for 'ApplicationDbContext' with 0 entities written to the database.
2026-07-04 20:10:29.343 +03:00 [DBG] Compiling query expression: 
'DbSet<Permission>()'
2026-07-04 20:10:29.348 +03:00 [DBG] Generated query execution expression: 
'queryContext => new SingleQueryingEnumerable<Permission>(
    (RelationalQueryContext)queryContext, 
    RelationalCommandCache.QueryExpression(
        Projection Mapping:
            EmptyProjectionMember -> Dictionary<IProperty, int> { [Property: Permission.Id (int) Required PK AfterSave:Throw ValueGenerated.OnAdd, 0], [Property: Permission.Description (string) Required MaxLength(500), 1], [Property: Permission.Key (string) Required Index MaxLength(100), 2] }
        SELECT p.Id, p.Description, p.Key
        FROM Permissions AS p), 
    null, 
    Func<QueryContext, DbDataReader, ResultContext, SingleQueryResultCoordinator, Permission>, 
    SmartHorse.Infrastructure.Persistence.ApplicationDbContext, 
    False, 
    False, 
    True
)'
2026-07-04 20:10:29.349 +03:00 [DBG] Opening connection to database 'SmartHorseDb' on server 'localhost\SQLEXPRESS01'.
2026-07-04 20:10:29.351 +03:00 [DBG] Opened connection to database 'SmartHorseDb' on server 'localhost\SQLEXPRESS01'.
2026-07-04 20:10:29.352 +03:00 [DBG] Creating DbCommand for 'ExecuteReader'.
2026-07-04 20:10:29.352 +03:00 [DBG] Created DbCommand for 'ExecuteReader' (0ms).
2026-07-04 20:10:29.353 +03:00 [DBG] Initialized DbCommand for 'ExecuteReader' (1ms).
2026-07-04 20:10:29.354 +03:00 [DBG] Executing DbCommand [Parameters=[], CommandType='"Text"', CommandTimeout='30']
SELECT [p].[Id], [p].[Description], [p].[Key]
FROM [Permissions] AS [p]
2026-07-04 20:10:29.357 +03:00 [INF] Executed DbCommand (3ms) [Parameters=[], CommandType='"Text"', CommandTimeout='30']
SELECT [p].[Id], [p].[Description], [p].[Key]
FROM [Permissions] AS [p]
2026-07-04 20:10:29.363 +03:00 [DBG] Context 'ApplicationDbContext' started tracking 'Permission' entity. Consider using 'DbContextOptionsBuilder.EnableSensitiveDataLogging' to see key values.
2026-07-04 20:10:29.368 +03:00 [DBG] Context 'ApplicationDbContext' started tracking 'Permission' entity. Consider using 'DbContextOptionsBuilder.EnableSensitiveDataLogging' to see key values.
2026-07-04 20:10:29.369 +03:00 [DBG] Context 'ApplicationDbContext' started tracking 'Permission' entity. Consider using 'DbContextOptionsBuilder.EnableSensitiveDataLogging' to see key values.
2026-07-04 20:10:29.370 +03:00 [DBG] Context 'ApplicationDbContext' started tracking 'Permission' entity. Consider using 'DbContextOptionsBuilder.EnableSensitiveDataLogging' to see key values.
2026-07-04 20:10:29.371 +03:00 [DBG] Context 'ApplicationDbContext' started tracking 'Permission' entity. Consider using 'DbContextOptionsBuilder.EnableSensitiveDataLogging' to see key values.
2026-07-04 20:10:29.372 +03:00 [DBG] Context 'ApplicationDbContext' started tracking 'Permission' entity. Consider using 'DbContextOptionsBuilder.EnableSensitiveDataLogging' to see key values.
2026-07-04 20:10:29.373 +03:00 [DBG] Closing data reader to 'SmartHorseDb' on server 'localhost\SQLEXPRESS01'.
2026-07-04 20:10:29.374 +03:00 [DBG] A data reader for 'SmartHorseDb' on server 'localhost\SQLEXPRESS01' is being disposed after spending 15ms reading results.
2026-07-04 20:10:29.376 +03:00 [DBG] Closing connection to database 'SmartHorseDb' on server 'localhost\SQLEXPRESS01'.
2026-07-04 20:10:29.377 +03:00 [DBG] Closed connection to database 'SmartHorseDb' on server 'localhost\SQLEXPRESS01' (1ms).
2026-07-04 20:10:29.378 +03:00 [DBG] DetectChanges starting for 'ApplicationDbContext'.
2026-07-04 20:10:29.382 +03:00 [DBG] DetectChanges completed for 'ApplicationDbContext'.
2026-07-04 20:10:29.382 +03:00 [DBG] SaveChanges starting for 'ApplicationDbContext'.
2026-07-04 20:10:29.383 +03:00 [DBG] DetectChanges starting for 'ApplicationDbContext'.
2026-07-04 20:10:29.384 +03:00 [DBG] DetectChanges completed for 'ApplicationDbContext'.
2026-07-04 20:10:29.385 +03:00 [DBG] SaveChanges completed for 'ApplicationDbContext' with 0 entities written to the database.
2026-07-04 20:10:29.395 +03:00 [DBG] Compiling query expression: 
'DbSet<RolePermission>()
    .Where(rp => rp.RoleId == __adminRole_Id_0)
    .Select(rp => rp.PermissionId)'
2026-07-04 20:10:29.447 +03:00 [DBG] Generated query execution expression: 
'queryContext => new SingleQueryingEnumerable<int>(
    (RelationalQueryContext)queryContext, 
    RelationalCommandCache.QueryExpression(
        Projection Mapping:
            EmptyProjectionMember -> 0
        SELECT r.PermissionId
        FROM RolePermissions AS r
        WHERE r.RoleId == @__adminRole_Id_0), 
    null, 
    Func<QueryContext, DbDataReader, ResultContext, SingleQueryResultCoordinator, int>, 
    SmartHorse.Infrastructure.Persistence.ApplicationDbContext, 
    False, 
    False, 
    True
)'
2026-07-04 20:10:29.457 +03:00 [DBG] Opening connection to database 'SmartHorseDb' on server 'localhost\SQLEXPRESS01'.
2026-07-04 20:10:29.459 +03:00 [DBG] Opened connection to database 'SmartHorseDb' on server 'localhost\SQLEXPRESS01'.
2026-07-04 20:10:29.460 +03:00 [DBG] Creating DbCommand for 'ExecuteReader'.
2026-07-04 20:10:29.461 +03:00 [DBG] Created DbCommand for 'ExecuteReader' (1ms).
2026-07-04 20:10:29.464 +03:00 [DBG] Initialized DbCommand for 'ExecuteReader' (4ms).
2026-07-04 20:10:29.467 +03:00 [DBG] Executing DbCommand [Parameters=[@__adminRole_Id_0='?' (DbType = Int32)], CommandType='"Text"', CommandTimeout='30']
SELECT [r].[PermissionId]
FROM [RolePermissions] AS [r]
WHERE [r].[RoleId] = @__adminRole_Id_0
2026-07-04 20:10:29.480 +03:00 [INF] Executed DbCommand (15ms) [Parameters=[@__adminRole_Id_0='?' (DbType = Int32)], CommandType='"Text"', CommandTimeout='30']
SELECT [r].[PermissionId]
FROM [RolePermissions] AS [r]
WHERE [r].[RoleId] = @__adminRole_Id_0
2026-07-04 20:10:29.483 +03:00 [DBG] Closing data reader to 'SmartHorseDb' on server 'localhost\SQLEXPRESS01'.
2026-07-04 20:10:29.485 +03:00 [DBG] A data reader for 'SmartHorseDb' on server 'localhost\SQLEXPRESS01' is being disposed after spending 2ms reading results.
2026-07-04 20:10:29.486 +03:00 [DBG] Closing connection to database 'SmartHorseDb' on server 'localhost\SQLEXPRESS01'.
2026-07-04 20:10:29.487 +03:00 [DBG] Closed connection to database 'SmartHorseDb' on server 'localhost\SQLEXPRESS01' (1ms).
2026-07-04 20:10:29.489 +03:00 [DBG] DetectChanges starting for 'ApplicationDbContext'.
2026-07-04 20:10:29.489 +03:00 [DBG] DetectChanges completed for 'ApplicationDbContext'.
2026-07-04 20:10:29.490 +03:00 [DBG] SaveChanges starting for 'ApplicationDbContext'.
2026-07-04 20:10:29.491 +03:00 [DBG] DetectChanges starting for 'ApplicationDbContext'.
2026-07-04 20:10:29.492 +03:00 [DBG] DetectChanges completed for 'ApplicationDbContext'.
2026-07-04 20:10:29.492 +03:00 [DBG] SaveChanges completed for 'ApplicationDbContext' with 0 entities written to the database.
2026-07-04 20:10:29.496 +03:00 [WRN] Seed:AdminEmail / Seed:AdminPassword not configured — skipping Administrator seed. Set these via environment variables or user secrets before first run.
2026-07-04 20:10:29.497 +03:00 [DBG] DetectChanges starting for 'ApplicationDbContext'.
2026-07-04 20:10:29.498 +03:00 [DBG] DetectChanges completed for 'ApplicationDbContext'.
2026-07-04 20:10:29.499 +03:00 [DBG] SaveChanges starting for 'ApplicationDbContext'.
2026-07-04 20:10:29.500 +03:00 [DBG] DetectChanges starting for 'ApplicationDbContext'.
2026-07-04 20:10:29.501 +03:00 [DBG] DetectChanges completed for 'ApplicationDbContext'.
2026-07-04 20:10:29.502 +03:00 [DBG] SaveChanges completed for 'ApplicationDbContext' with 0 entities written to the database.
2026-07-04 20:10:29.504 +03:00 [DBG] 'ApplicationDbContext' disposed.
2026-07-04 20:10:29.506 +03:00 [DBG] Disposing connection to database 'SmartHorseDb' on server 'localhost\SQLEXPRESS01'.
2026-07-04 20:10:29.508 +03:00 [DBG] Disposed connection to database '' on server '' (1ms).
2026-07-04 20:10:29.542 +03:00 [DBG] Registered model binder providers, in the following order: ["Asp.Versioning.ApiVersionModelBinderProvider","Microsoft.AspNetCore.Mvc.ModelBinding.Binders.BinderTypeModelBinderProvider","Microsoft.AspNetCore.Mvc.ModelBinding.Binders.ServicesModelBinderProvider","Microsoft.AspNetCore.Mvc.ModelBinding.Binders.BodyModelBinderProvider","Microsoft.AspNetCore.Mvc.ModelBinding.Binders.HeaderModelBinderProvider","Microsoft.AspNetCore.Mvc.ModelBinding.Binders.FloatingPointTypeModelBinderProvider","Microsoft.AspNetCore.Mvc.ModelBinding.Binders.EnumTypeModelBinderProvider","Microsoft.AspNetCore.Mvc.ModelBinding.Binders.DateTimeModelBinderProvider","Microsoft.AspNetCore.Mvc.ModelBinding.Binders.SimpleTypeModelBinderProvider","Microsoft.AspNetCore.Mvc.ModelBinding.Binders.TryParseModelBinderProvider","Microsoft.AspNetCore.Mvc.ModelBinding.Binders.CancellationTokenModelBinderProvider","Microsoft.AspNetCore.Mvc.ModelBinding.Binders.ByteArrayModelBinderProvider","Microsoft.AspNetCore.Mvc.ModelBinding.Binders.FormFileModelBinderProvider","Microsoft.AspNetCore.Mvc.ModelBinding.Binders.FormCollectionModelBinderProvider","Microsoft.AspNetCore.Mvc.ModelBinding.Binders.KeyValuePairModelBinderProvider","Microsoft.AspNetCore.Mvc.ModelBinding.Binders.DictionaryModelBinderProvider","Microsoft.AspNetCore.Mvc.ModelBinding.Binders.ArrayModelBinderProvider","Microsoft.AspNetCore.Mvc.ModelBinding.Binders.CollectionModelBinderProvider","Microsoft.AspNetCore.Mvc.ModelBinding.Binders.ComplexObjectModelBinderProvider"]
2026-07-04 20:10:29.609 +03:00 [DBG] Hosting starting
2026-07-04 20:10:29.619 +03:00 [INF] User profile is available. Using 'C:\Users\hp\AppData\Local\ASP.NET\DataProtection-Keys' as key repository and Windows DPAPI to encrypt keys at rest.
2026-07-04 20:10:29.626 +03:00 [DBG] Reading data from file 'C:\Users\hp\AppData\Local\ASP.NET\DataProtection-Keys\key-a5154c86-3fed-4f46-bc83-c0f5d1c7ea14.xml'.
2026-07-04 20:10:29.631 +03:00 [DBG] Found key {a5154c86-3fed-4f46-bc83-c0f5d1c7ea14}.
2026-07-04 20:10:29.641 +03:00 [DBG] Considering key {a5154c86-3fed-4f46-bc83-c0f5d1c7ea14} with expiration date 2026-10-01 14:32:09Z as default key.
2026-07-04 20:10:29.645 +03:00 [DBG] Forwarded activator type request from Microsoft.AspNetCore.DataProtection.XmlEncryption.DpapiXmlDecryptor, Microsoft.AspNetCore.DataProtection, Version=8.0.0.0, Culture=neutral, PublicKeyToken=adb9793829ddae60 to Microsoft.AspNetCore.DataProtection.XmlEncryption.DpapiXmlDecryptor, Microsoft.AspNetCore.DataProtection, Culture=neutral, PublicKeyToken=adb9793829ddae60
2026-07-04 20:10:29.647 +03:00 [DBG] Decrypting secret element using Windows DPAPI.
2026-07-04 20:10:29.650 +03:00 [DBG] Forwarded activator type request from Microsoft.AspNetCore.DataProtection.AuthenticatedEncryption.ConfigurationModel.AuthenticatedEncryptorDescriptorDeserializer, Microsoft.AspNetCore.DataProtection, Version=8.0.0.0, Culture=neutral, PublicKeyToken=adb9793829ddae60 to Microsoft.AspNetCore.DataProtection.AuthenticatedEncryption.ConfigurationModel.AuthenticatedEncryptorDescriptorDeserializer, Microsoft.AspNetCore.DataProtection, Culture=neutral, PublicKeyToken=adb9793829ddae60
2026-07-04 20:10:29.653 +03:00 [DBG] Opening CNG algorithm 'AES' from provider 'null' with chaining mode CBC.
2026-07-04 20:10:29.655 +03:00 [DBG] Opening CNG algorithm 'SHA256' from provider 'null' with HMAC.
2026-07-04 20:10:29.657 +03:00 [DBG] Using key {a5154c86-3fed-4f46-bc83-c0f5d1c7ea14} as the default key.
2026-07-04 20:10:29.659 +03:00 [DBG] Key ring with default key {a5154c86-3fed-4f46-bc83-c0f5d1c7ea14} was loaded during application startup.
2026-07-04 20:10:29.672 +03:00 [WRN] The WebRootPath was not found: D:\Graduation Project\SmartHorse.Backend\src\SmartHorse.API\wwwroot. Static files may be unavailable.
2026-07-04 20:10:29.764 +03:00 [INF] Now listening on: https://localhost:7080
2026-07-04 20:10:29.765 +03:00 [INF] Now listening on: http://localhost:5080
2026-07-04 20:10:29.766 +03:00 [DBG] Loaded hosting startup assembly SmartHorse.API
2026-07-04 20:10:29.767 +03:00 [INF] Application started. Press Ctrl+C to shut down.
2026-07-04 20:10:29.767 +03:00 [INF] Hosting environment: Development
2026-07-04 20:10:29.768 +03:00 [INF] Content root path: D:\Graduation Project\SmartHorse.Backend\src\SmartHorse.API
2026-07-04 20:10:29.769 +03:00 [DBG] Hosting started
2026-07-04 20:10:49.013 +03:00 [DBG] Connection id "0HNMPTSOTON4G" accepted.
2026-07-04 20:10:49.016 +03:00 [DBG] Connection id "0HNMPTSOTON4H" accepted.
2026-07-04 20:10:49.016 +03:00 [DBG] Connection id "0HNMPTSOTON4G" started.
2026-07-04 20:10:49.017 +03:00 [DBG] Connection id "0HNMPTSOTON4I" accepted.
2026-07-04 20:10:49.018 +03:00 [DBG] Connection id "0HNMPTSOTON4H" started.
2026-07-04 20:10:49.021 +03:00 [DBG] Connection id "0HNMPTSOTON4I" started.
2026-07-04 20:10:49.058 +03:00 [INF] Request starting HTTP/1.1 GET http://localhost:5080/ - null null
2026-07-04 20:10:49.060 +03:00 [DBG] Connection 0HNMPTSOTON4I established using the following protocol: "Tls13"
2026-07-04 20:10:49.065 +03:00 [DBG] Wildcard detected, all requests with hosts will be allowed.
2026-07-04 20:10:49.109 +03:00 [DBG] No candidates found for the request path '/'
2026-07-04 20:10:49.111 +03:00 [DBG] Request did not match any endpoints
2026-07-04 20:10:49.134 +03:00 [DBG] The request path  does not match the path filter
2026-07-04 20:10:49.137 +03:00 [DBG] Https port '7080' discovered from server endpoints.
2026-07-04 20:10:49.139 +03:00 [DBG] Redirecting to 'https://localhost:7080/'.
2026-07-04 20:10:49.142 +03:00 [INF] HTTP GET / responded 307 in 24.3603 ms
2026-07-04 20:10:49.149 +03:00 [DBG] Connection id "0HNMPTSOTON4G" completed keep alive response.
2026-07-04 20:10:49.151 +03:00 [INF] Request finished HTTP/1.1 GET http://localhost:5080/ - 307 0 null 95.3409ms
2026-07-04 20:10:49.159 +03:00 [INF] Request starting HTTP/2 GET https://localhost:7080/ - null null
2026-07-04 20:10:49.163 +03:00 [DBG] No candidates found for the request path '/'
2026-07-04 20:10:49.164 +03:00 [DBG] Request did not match any endpoints
2026-07-04 20:10:49.167 +03:00 [DBG] The request path  does not match the path filter
2026-07-04 20:10:49.184 +03:00 [DBG] The request path / does not match a supported file type
2026-07-04 20:10:49.210 +03:00 [DBG] AuthenticationScheme: Bearer was not authenticated.
2026-07-04 20:10:49.213 +03:00 [INF] HTTP GET / responded 404 in 47.0883 ms
2026-07-04 20:10:49.216 +03:00 [INF] Request finished HTTP/2 GET https://localhost:7080/ - 404 0 null 56.9472ms
2026-07-04 20:10:49.221 +03:00 [INF] Request reached the end of the middleware pipeline without being handled by application code. Request path: GET https://localhost:7080/, Response status code: 404
2026-07-04 20:11:44.344 +03:00 [DBG] Connection id "0HNMPTSOTON4I" received FIN.
2026-07-04 20:11:44.428 +03:00 [DBG] Connection id "0HNMPTSOTON4H" received FIN.
2026-07-04 20:11:44.443 +03:00 [DBG] Connection id "0HNMPTSOTON4G" received FIN.
2026-07-04 20:11:44.537 +03:00 [DBG] The connection queue processing loop for 0HNMPTSOTON4I completed.
2026-07-04 20:11:44.537 +03:00 [DBG] Connection id "0HNMPTSOTON4I" is closed. The last processed stream ID was 1.
2026-07-04 20:11:44.606 +03:00 [DBG] Connection id "0HNMPTSOTON4I" sending FIN because: "The Socket transport's send loop completed gracefully."
2026-07-04 20:11:44.558 +03:00 [DBG] Connection id "0HNMPTSOTON4G" sending FIN because: "The Socket transport's send loop completed gracefully."
2026-07-04 20:11:44.538 +03:00 [DBG] Connection id "0HNMPTSOTON4H" disconnecting.
2026-07-04 20:11:44.625 +03:00 [DBG] Connection id "0HNMPTSOTON4I" stopped.
2026-07-04 20:11:44.668 +03:00 [DBG] Connection id "0HNMPTSOTON4G" disconnecting.
2026-07-04 20:11:44.670 +03:00 [DBG] Connection id "0HNMPTSOTON4H" sending FIN because: "The Socket transport's send loop completed gracefully."
2026-07-04 20:11:44.719 +03:00 [DBG] Connection id "0HNMPTSOTON4G" stopped.
2026-07-04 20:11:44.734 +03:00 [DBG] Connection id "0HNMPTSOTON4H" stopped.
