2026-07-03 16:04:33.561 +03:00 [DBG] An 'IServiceProvider' was created for internal use by Entity Framework.
2026-07-03 16:04:33.931 +03:00 [DBG] The index {'UserId'} was not created on entity type 'AuditLog' as the properties are already covered by the index {'UserId', 'CreatedAtUtc'}.
2026-07-03 16:04:33.933 +03:00 [DBG] The index {'RoleId'} was not created on entity type 'RolePermission' as the properties are already covered by the index {'RoleId', 'PermissionId'}.
2026-07-03 16:04:33.935 +03:00 [DBG] The index {'UserId'} was not created on entity type 'UserPermissionOverride' as the properties are already covered by the index {'UserId', 'PermissionId'}.
2026-07-03 16:04:33.936 +03:00 [DBG] The index {'UserId'} was not created on entity type 'UserRole' as the properties are already covered by the index {'UserId', 'RoleId'}.
2026-07-03 16:04:34.119 +03:00 [DBG] Entity Framework Core 8.0.8 initialized 'ApplicationDbContext' using provider 'Microsoft.EntityFrameworkCore.SqlServer:8.0.8' with options: MigrationsAssembly=SmartHorse.Infrastructure, Version=1.0.0.0, Culture=neutral, PublicKeyToken=null 
2026-07-03 16:04:34.126 +03:00 [DBG] Creating DbConnection.
2026-07-03 16:04:34.157 +03:00 [DBG] Created DbConnection. (28ms).
2026-07-03 16:04:34.160 +03:00 [DBG] Migrating using database 'SmartHorseDb' on server '(localdb)\mssqllocaldb'.
2026-07-03 16:04:34.171 +03:00 [DBG] Opening connection to database 'SmartHorseDb' on server '(localdb)\mssqllocaldb'.
2026-07-03 16:04:48.845 +03:00 [DBG] An error occurred using the connection to database 'SmartHorseDb' on server '(localdb)\mssqllocaldb'.
2026-07-03 16:04:48.854 +03:00 [DBG] 'ApplicationDbContext' disposed.
2026-07-03 16:04:48.857 +03:00 [DBG] Disposing connection to database 'SmartHorseDb' on server '(localdb)\mssqllocaldb'.
2026-07-03 16:04:48.860 +03:00 [DBG] Disposed connection to database '' on server '' (1ms).
2026-07-03 16:04:48.862 +03:00 [FTL] SmartHorse API terminated unexpectedly during startup.
Microsoft.Data.SqlClient.SqlException (0x80131904): A network-related or instance-specific error occurred while establishing a connection to SQL Server. The server was not found or was not accessible. Verify that the instance name is correct and that SQL Server is configured to allow remote connections. (provider: SQL Network Interfaces, error: 52 - Unable to locate a Local Database Runtime installation. Verify that SQL Server Express is properly installed and that the Local Database Runtime feature is enabled.)
 ---> System.ComponentModel.Win32Exception (2): The system cannot find the file specified.
   at Microsoft.Data.SqlClient.SqlInternalConnection.OnError(SqlException exception, Boolean breakConnection, Action`1 wrapCloseInAction)
   at Microsoft.Data.SqlClient.TdsParser.ThrowExceptionAndWarning(TdsParserStateObject stateObj, SqlCommand command, Boolean callerHasConnectionLock, Boolean asyncClose)
   at Microsoft.Data.SqlClient.TdsParser.Connect(ServerInfo serverInfo, SqlInternalConnectionTds connHandler, TimeoutTimer timeout, SqlConnectionString connectionOptions, Boolean withFailover)
   at Microsoft.Data.SqlClient.SqlInternalConnectionTds.AttemptOneLogin(ServerInfo serverInfo, String newPassword, SecureString newSecurePassword, TimeoutTimer timeout, Boolean withFailover)
   at Microsoft.Data.SqlClient.SqlInternalConnectionTds.LoginNoFailover(ServerInfo serverInfo, String newPassword, SecureString newSecurePassword, Boolean redirectedUserInstance, SqlConnectionString connectionOptions, SqlCredential credential, TimeoutTimer timeout)
   at Microsoft.Data.SqlClient.SqlInternalConnectionTds.OpenLoginEnlist(TimeoutTimer timeout, SqlConnectionString connectionOptions, SqlCredential credential, String newPassword, SecureString newSecurePassword, Boolean redirectedUserInstance)
   at Microsoft.Data.SqlClient.SqlInternalConnectionTds..ctor(DbConnectionPoolIdentity identity, SqlConnectionString connectionOptions, SqlCredential credential, Object providerInfo, String newPassword, SecureString newSecurePassword, Boolean redirectedUserInstance, SqlConnectionString userConnectionOptions, SessionData reconnectSessionData, Boolean applyTransientFaultHandling, String accessToken, DbConnectionPool pool, Func`3 accessTokenCallback)
   at Microsoft.Data.SqlClient.SqlConnectionFactory.CreateConnection(DbConnectionOptions options, DbConnectionPoolKey poolKey, Object poolGroupProviderInfo, DbConnectionPool pool, DbConnection owningConnection, DbConnectionOptions userOptions)
   at Microsoft.Data.ProviderBase.DbConnectionFactory.CreatePooledConnection(DbConnectionPool pool, DbConnection owningObject, DbConnectionOptions options, DbConnectionPoolKey poolKey, DbConnectionOptions userOptions)
   at Microsoft.Data.ProviderBase.DbConnectionPool.CreateObject(DbConnection owningObject, DbConnectionOptions userOptions, DbConnectionInternal oldConnection)
   at Microsoft.Data.ProviderBase.DbConnectionPool.UserCreateRequest(DbConnection owningObject, DbConnectionOptions userOptions, DbConnectionInternal oldConnection)
   at Microsoft.Data.ProviderBase.DbConnectionPool.TryGetConnection(DbConnection owningObject, UInt32 waitForMultipleObjectsTimeout, Boolean allowCreate, Boolean onlyOneCheckConnection, DbConnectionOptions userOptions, DbConnectionInternal& connection)
   at Microsoft.Data.ProviderBase.DbConnectionPool.WaitForPendingOpen()
--- End of stack trace from previous location ---
   at Microsoft.EntityFrameworkCore.Storage.RelationalConnection.OpenInternalAsync(Boolean errorsExpected, CancellationToken cancellationToken)
   at Microsoft.EntityFrameworkCore.Storage.RelationalConnection.OpenInternalAsync(Boolean errorsExpected, CancellationToken cancellationToken)
   at Microsoft.EntityFrameworkCore.Storage.RelationalConnection.OpenAsync(CancellationToken cancellationToken, Boolean errorsExpected)
   at Microsoft.EntityFrameworkCore.SqlServer.Storage.Internal.SqlServerDatabaseCreator.<>c__DisplayClass20_0.<<ExistsAsync>b__0>d.MoveNext()
--- End of stack trace from previous location ---
   at Microsoft.EntityFrameworkCore.SqlServer.Storage.Internal.SqlServerDatabaseCreator.<>c__DisplayClass20_0.<<ExistsAsync>b__0>d.MoveNext()
--- End of stack trace from previous location ---
   at Microsoft.EntityFrameworkCore.SqlServer.Storage.Internal.SqlServerDatabaseCreator.<>c__DisplayClass20_0.<<ExistsAsync>b__0>d.MoveNext()
--- End of stack trace from previous location ---
   at Microsoft.EntityFrameworkCore.SqlServer.Storage.Internal.SqlServerExecutionStrategy.ExecuteAsync[TState,TResult](TState state, Func`4 operation, Func`4 verifySucceeded, CancellationToken cancellationToken)
   at Microsoft.EntityFrameworkCore.Migrations.HistoryRepository.ExistsAsync(CancellationToken cancellationToken)
   at Microsoft.EntityFrameworkCore.Migrations.Internal.Migrator.MigrateAsync(String targetMigration, CancellationToken cancellationToken)
   at SmartHorse.Infrastructure.Persistence.Seed.DbSeeder.SeedAsync() in D:\Graduation Project\SmartHorse.Backend\src\SmartHorse.Infrastructure\Persistence\Seed\DbSeeder.cs:line 48
   at Program.<Main>$(String[] args) in D:\Graduation Project\SmartHorse.Backend\src\SmartHorse.API\Program.cs:line 118
ClientConnectionId:00000000-0000-0000-0000-000000000000
Error Number:2,State:0,Class:20
2026-07-03 17:08:52.547 +03:00 [DBG] An 'IServiceProvider' was created for internal use by Entity Framework.
2026-07-03 17:08:53.105 +03:00 [DBG] The index {'UserId'} was not created on entity type 'AuditLog' as the properties are already covered by the index {'UserId', 'CreatedAtUtc'}.
2026-07-03 17:08:53.109 +03:00 [DBG] The index {'RoleId'} was not created on entity type 'RolePermission' as the properties are already covered by the index {'RoleId', 'PermissionId'}.
2026-07-03 17:08:53.112 +03:00 [DBG] The index {'UserId'} was not created on entity type 'UserPermissionOverride' as the properties are already covered by the index {'UserId', 'PermissionId'}.
2026-07-03 17:08:53.114 +03:00 [DBG] The index {'UserId'} was not created on entity type 'UserRole' as the properties are already covered by the index {'UserId', 'RoleId'}.
2026-07-03 17:08:53.364 +03:00 [DBG] Entity Framework Core 8.0.8 initialized 'ApplicationDbContext' using provider 'Microsoft.EntityFrameworkCore.SqlServer:8.0.8' with options: MigrationsAssembly=SmartHorse.Infrastructure, Version=1.0.0.0, Culture=neutral, PublicKeyToken=null 
2026-07-03 17:08:53.377 +03:00 [DBG] Creating DbConnection.
2026-07-03 17:08:53.425 +03:00 [DBG] Created DbConnection. (45ms).
2026-07-03 17:08:53.431 +03:00 [DBG] Migrating using database 'SmartHorseDb' on server 'localhost\SQLEXPRESS01'.
2026-07-03 17:08:53.444 +03:00 [DBG] Opening connection to database 'SmartHorseDb' on server 'localhost\SQLEXPRESS01'.
2026-07-03 17:09:03.717 +03:00 [DBG] An error occurred using the connection to database 'SmartHorseDb' on server 'localhost\SQLEXPRESS01'.
2026-07-03 17:09:03.727 +03:00 [DBG] Opening connection to database 'SmartHorseDb' on server 'localhost\SQLEXPRESS01'.
2026-07-03 17:09:03.736 +03:00 [DBG] An error occurred using the connection to database 'SmartHorseDb' on server 'localhost\SQLEXPRESS01'.
2026-07-03 17:09:03.816 +03:00 [DBG] The index {'UserId'} was not created on entity type 'AuditLog' as the properties are already covered by the index {'UserId', 'CreatedAtUtc'}.
2026-07-03 17:09:03.818 +03:00 [DBG] The index {'RoleId'} was not created on entity type 'RolePermission' as the properties are already covered by the index {'RoleId', 'PermissionId'}.
2026-07-03 17:09:03.820 +03:00 [DBG] The index {'UserId'} was not created on entity type 'UserPermissionOverride' as the properties are already covered by the index {'UserId', 'PermissionId'}.
2026-07-03 17:09:03.822 +03:00 [DBG] The index {'UserId'} was not created on entity type 'UserRole' as the properties are already covered by the index {'UserId', 'RoleId'}.
2026-07-03 17:09:03.862 +03:00 [DBG] Creating DbConnection.
2026-07-03 17:09:03.863 +03:00 [DBG] Created DbConnection. (1ms).
2026-07-03 17:09:03.864 +03:00 [DBG] Opening connection to database 'master' on server 'localhost\SQLEXPRESS01'.
2026-07-03 17:09:03.886 +03:00 [DBG] Opened connection to database 'master' on server 'localhost\SQLEXPRESS01'.
2026-07-03 17:09:03.897 +03:00 [DBG] Creating DbCommand for 'ExecuteNonQuery'.
2026-07-03 17:09:03.906 +03:00 [DBG] Created DbCommand for 'ExecuteNonQuery' (7ms).
2026-07-03 17:09:03.911 +03:00 [DBG] Initialized DbCommand for 'ExecuteNonQuery' (16ms).
2026-07-03 17:09:03.920 +03:00 [DBG] Executing DbCommand [Parameters=[], CommandType='"Text"', CommandTimeout='60']
CREATE DATABASE [SmartHorseDb];
2026-07-03 17:09:04.293 +03:00 [INF] Executed DbCommand (372ms) [Parameters=[], CommandType='"Text"', CommandTimeout='60']
CREATE DATABASE [SmartHorseDb];
2026-07-03 17:09:04.299 +03:00 [DBG] Creating DbCommand for 'ExecuteNonQuery'.
2026-07-03 17:09:04.300 +03:00 [DBG] Created DbCommand for 'ExecuteNonQuery' (1ms).
2026-07-03 17:09:04.302 +03:00 [DBG] Initialized DbCommand for 'ExecuteNonQuery' (2ms).
2026-07-03 17:09:04.303 +03:00 [DBG] Executing DbCommand [Parameters=[], CommandType='"Text"', CommandTimeout='60']
IF SERVERPROPERTY('EngineEdition') <> 5
BEGIN
    ALTER DATABASE [SmartHorseDb] SET READ_COMMITTED_SNAPSHOT ON;
END;
2026-07-03 17:09:04.514 +03:00 [INF] Executed DbCommand (210ms) [Parameters=[], CommandType='"Text"', CommandTimeout='60']
IF SERVERPROPERTY('EngineEdition') <> 5
BEGIN
    ALTER DATABASE [SmartHorseDb] SET READ_COMMITTED_SNAPSHOT ON;
END;
2026-07-03 17:09:04.518 +03:00 [DBG] Closing connection to database 'master' on server 'localhost\SQLEXPRESS01'.
2026-07-03 17:09:04.527 +03:00 [DBG] Closed connection to database 'master' on server 'localhost\SQLEXPRESS01' (6ms).
2026-07-03 17:09:04.533 +03:00 [DBG] Disposing connection to database 'master' on server 'localhost\SQLEXPRESS01'.
2026-07-03 17:09:04.535 +03:00 [DBG] Disposed connection to database '' on server '' (2ms).
2026-07-03 17:09:04.536 +03:00 [DBG] Opening connection to database 'SmartHorseDb' on server 'localhost\SQLEXPRESS01'.
2026-07-03 17:09:04.543 +03:00 [DBG] Opened connection to database 'SmartHorseDb' on server 'localhost\SQLEXPRESS01'.
2026-07-03 17:09:04.546 +03:00 [DBG] Creating DbCommand for 'ExecuteNonQuery'.
2026-07-03 17:09:04.547 +03:00 [DBG] Created DbCommand for 'ExecuteNonQuery' (1ms).
2026-07-03 17:09:04.549 +03:00 [DBG] Initialized DbCommand for 'ExecuteNonQuery' (3ms).
2026-07-03 17:09:04.551 +03:00 [DBG] Executing DbCommand [Parameters=[], CommandType='"Text"', CommandTimeout='30']
SELECT 1
2026-07-03 17:09:04.562 +03:00 [INF] Executed DbCommand (11ms) [Parameters=[], CommandType='"Text"', CommandTimeout='30']
SELECT 1
2026-07-03 17:09:04.564 +03:00 [DBG] Closing connection to database 'SmartHorseDb' on server 'localhost\SQLEXPRESS01'.
2026-07-03 17:09:04.566 +03:00 [DBG] Closed connection to database 'SmartHorseDb' on server 'localhost\SQLEXPRESS01' (1ms).
2026-07-03 17:09:04.623 +03:00 [DBG] Creating DbCommand for 'ExecuteNonQuery'.
2026-07-03 17:09:04.625 +03:00 [DBG] Created DbCommand for 'ExecuteNonQuery' (2ms).
2026-07-03 17:09:04.627 +03:00 [DBG] Initialized DbCommand for 'ExecuteNonQuery' (3ms).
2026-07-03 17:09:04.628 +03:00 [DBG] Opening connection to database 'SmartHorseDb' on server 'localhost\SQLEXPRESS01'.
2026-07-03 17:09:04.630 +03:00 [DBG] Opened connection to database 'SmartHorseDb' on server 'localhost\SQLEXPRESS01'.
2026-07-03 17:09:04.632 +03:00 [DBG] Executing DbCommand [Parameters=[], CommandType='"Text"', CommandTimeout='30']
CREATE TABLE [__EFMigrationsHistory] (
    [MigrationId] nvarchar(150) NOT NULL,
    [ProductVersion] nvarchar(32) NOT NULL,
    CONSTRAINT [PK___EFMigrationsHistory] PRIMARY KEY ([MigrationId])
);
2026-07-03 17:09:04.656 +03:00 [INF] Executed DbCommand (24ms) [Parameters=[], CommandType='"Text"', CommandTimeout='30']
CREATE TABLE [__EFMigrationsHistory] (
    [MigrationId] nvarchar(150) NOT NULL,
    [ProductVersion] nvarchar(32) NOT NULL,
    CONSTRAINT [PK___EFMigrationsHistory] PRIMARY KEY ([MigrationId])
);
2026-07-03 17:09:04.660 +03:00 [DBG] Closing connection to database 'SmartHorseDb' on server 'localhost\SQLEXPRESS01'.
2026-07-03 17:09:04.663 +03:00 [DBG] Closed connection to database 'SmartHorseDb' on server 'localhost\SQLEXPRESS01' (2ms).
2026-07-03 17:09:04.667 +03:00 [DBG] Opening connection to database 'SmartHorseDb' on server 'localhost\SQLEXPRESS01'.
2026-07-03 17:09:04.669 +03:00 [DBG] Opened connection to database 'SmartHorseDb' on server 'localhost\SQLEXPRESS01'.
2026-07-03 17:09:04.670 +03:00 [DBG] Creating DbCommand for 'ExecuteNonQuery'.
2026-07-03 17:09:04.672 +03:00 [DBG] Created DbCommand for 'ExecuteNonQuery' (1ms).
2026-07-03 17:09:04.674 +03:00 [DBG] Initialized DbCommand for 'ExecuteNonQuery' (3ms).
2026-07-03 17:09:04.677 +03:00 [DBG] Executing DbCommand [Parameters=[], CommandType='"Text"', CommandTimeout='30']
SELECT 1
2026-07-03 17:09:04.681 +03:00 [INF] Executed DbCommand (4ms) [Parameters=[], CommandType='"Text"', CommandTimeout='30']
SELECT 1
2026-07-03 17:09:04.684 +03:00 [DBG] Closing connection to database 'SmartHorseDb' on server 'localhost\SQLEXPRESS01'.
2026-07-03 17:09:04.686 +03:00 [DBG] Closed connection to database 'SmartHorseDb' on server 'localhost\SQLEXPRESS01' (1ms).
2026-07-03 17:09:04.692 +03:00 [DBG] Creating DbCommand for 'ExecuteScalar'.
2026-07-03 17:09:04.693 +03:00 [DBG] Created DbCommand for 'ExecuteScalar' (1ms).
2026-07-03 17:09:04.695 +03:00 [DBG] Initialized DbCommand for 'ExecuteScalar' (2ms).
2026-07-03 17:09:04.696 +03:00 [DBG] Opening connection to database 'SmartHorseDb' on server 'localhost\SQLEXPRESS01'.
2026-07-03 17:09:04.698 +03:00 [DBG] Opened connection to database 'SmartHorseDb' on server 'localhost\SQLEXPRESS01'.
2026-07-03 17:09:04.700 +03:00 [DBG] Executing DbCommand [Parameters=[], CommandType='"Text"', CommandTimeout='30']
SELECT OBJECT_ID(N'[__EFMigrationsHistory]');
2026-07-03 17:09:04.726 +03:00 [INF] Executed DbCommand (26ms) [Parameters=[], CommandType='"Text"', CommandTimeout='30']
SELECT OBJECT_ID(N'[__EFMigrationsHistory]');
2026-07-03 17:09:04.729 +03:00 [DBG] Closing connection to database 'SmartHorseDb' on server 'localhost\SQLEXPRESS01'.
2026-07-03 17:09:04.731 +03:00 [DBG] Closed connection to database 'SmartHorseDb' on server 'localhost\SQLEXPRESS01' (1ms).
2026-07-03 17:09:04.736 +03:00 [DBG] Opening connection to database 'SmartHorseDb' on server 'localhost\SQLEXPRESS01'.
2026-07-03 17:09:04.737 +03:00 [DBG] Opened connection to database 'SmartHorseDb' on server 'localhost\SQLEXPRESS01'.
2026-07-03 17:09:04.739 +03:00 [DBG] Creating DbCommand for 'ExecuteReader'.
2026-07-03 17:09:04.740 +03:00 [DBG] Created DbCommand for 'ExecuteReader' (1ms).
2026-07-03 17:09:04.742 +03:00 [DBG] Initialized DbCommand for 'ExecuteReader' (3ms).
2026-07-03 17:09:04.745 +03:00 [DBG] Executing DbCommand [Parameters=[], CommandType='"Text"', CommandTimeout='30']
SELECT [MigrationId], [ProductVersion]
FROM [__EFMigrationsHistory]
ORDER BY [MigrationId];
2026-07-03 17:09:04.774 +03:00 [INF] Executed DbCommand (29ms) [Parameters=[], CommandType='"Text"', CommandTimeout='30']
SELECT [MigrationId], [ProductVersion]
FROM [__EFMigrationsHistory]
ORDER BY [MigrationId];
2026-07-03 17:09:04.785 +03:00 [DBG] Closing data reader to 'SmartHorseDb' on server 'localhost\SQLEXPRESS01'.
2026-07-03 17:09:04.788 +03:00 [DBG] A data reader for 'SmartHorseDb' on server 'localhost\SQLEXPRESS01' is being disposed after spending 9ms reading results.
2026-07-03 17:09:04.791 +03:00 [DBG] Closing connection to database 'SmartHorseDb' on server 'localhost\SQLEXPRESS01'.
2026-07-03 17:09:04.793 +03:00 [DBG] Closed connection to database 'SmartHorseDb' on server 'localhost\SQLEXPRESS01' (2ms).
2026-07-03 17:09:04.803 +03:00 [DBG] No migrations were found in assembly 'SmartHorse.Infrastructure'.
2026-07-03 17:09:04.808 +03:00 [INF] No migrations were applied. The database is already up to date.
2026-07-03 17:09:04.837 +03:00 [DBG] Compiling query expression: 
'DbSet<Role>()'
2026-07-03 17:09:05.023 +03:00 [DBG] Generated query execution expression: 
'queryContext => new SingleQueryingEnumerable<Role>(
    (RelationalQueryContext)queryContext, 
    RelationalCommandCache.QueryExpression(
        Projection Mapping:
            EmptyProjectionMember -> Dictionary<IProperty, int> { [Property: Role.Id (int) Required PK AfterSave:Throw ValueGenerated.OnAdd, 0], [Property: Role.Name (string) Required Index MaxLength(50), 1] }
        SELECT r.Id, r.Name
        FROM Roles AS r), 
    null, 
    Func<QueryContext, DbDataReader, ResultContext, SingleQueryResultCoordinator, Role>, 
    SmartHorse.Infrastructure.Persistence.ApplicationDbContext, 
    False, 
    False, 
    True
)'
2026-07-03 17:09:05.056 +03:00 [DBG] Opening connection to database 'SmartHorseDb' on server 'localhost\SQLEXPRESS01'.
2026-07-03 17:09:05.059 +03:00 [DBG] Opened connection to database 'SmartHorseDb' on server 'localhost\SQLEXPRESS01'.
2026-07-03 17:09:05.061 +03:00 [DBG] Creating DbCommand for 'ExecuteReader'.
2026-07-03 17:09:05.062 +03:00 [DBG] Created DbCommand for 'ExecuteReader' (1ms).
2026-07-03 17:09:05.063 +03:00 [DBG] Initialized DbCommand for 'ExecuteReader' (2ms).
2026-07-03 17:09:05.065 +03:00 [DBG] Executing DbCommand [Parameters=[], CommandType='"Text"', CommandTimeout='30']
SELECT [r].[Id], [r].[Name]
FROM [Roles] AS [r]
2026-07-03 17:09:05.078 +03:00 [ERR] Failed executing DbCommand (12ms) [Parameters=[], CommandType='"Text"', CommandTimeout='30']
SELECT [r].[Id], [r].[Name]
FROM [Roles] AS [r]
2026-07-03 17:09:05.080 +03:00 [DBG] Closing connection to database 'SmartHorseDb' on server 'localhost\SQLEXPRESS01'.
2026-07-03 17:09:05.082 +03:00 [DBG] Closed connection to database 'SmartHorseDb' on server 'localhost\SQLEXPRESS01' (1ms).
2026-07-03 17:09:05.107 +03:00 [ERR] An exception occurred while iterating over the results of a query for context type 'SmartHorse.Infrastructure.Persistence.ApplicationDbContext'.
Microsoft.Data.SqlClient.SqlException (0x80131904): Invalid object name 'Roles'.
   at Microsoft.Data.SqlClient.SqlCommand.<>c.<ExecuteDbDataReaderAsync>b__195_0(Task`1 result)
   at System.Threading.Tasks.ContinuationResultTaskFromResultTask`2.InnerInvoke()
   at System.Threading.ExecutionContext.RunInternal(ExecutionContext executionContext, ContextCallback callback, Object state)
--- End of stack trace from previous location ---
   at System.Threading.ExecutionContext.RunInternal(ExecutionContext executionContext, ContextCallback callback, Object state)
   at System.Threading.Tasks.Task.ExecuteWithThreadLocal(Task& currentTaskSlot, Thread threadPoolThread)
--- End of stack trace from previous location ---
   at Microsoft.EntityFrameworkCore.Storage.RelationalCommand.ExecuteReaderAsync(RelationalCommandParameterObject parameterObject, CancellationToken cancellationToken)
   at Microsoft.EntityFrameworkCore.Storage.RelationalCommand.ExecuteReaderAsync(RelationalCommandParameterObject parameterObject, CancellationToken cancellationToken)
   at Microsoft.EntityFrameworkCore.Query.Internal.SingleQueryingEnumerable`1.AsyncEnumerator.InitializeReaderAsync(AsyncEnumerator enumerator, CancellationToken cancellationToken)
   at Microsoft.EntityFrameworkCore.SqlServer.Storage.Internal.SqlServerExecutionStrategy.ExecuteAsync[TState,TResult](TState state, Func`4 operation, Func`4 verifySucceeded, CancellationToken cancellationToken)
   at Microsoft.EntityFrameworkCore.Query.Internal.SingleQueryingEnumerable`1.AsyncEnumerator.MoveNextAsync()
ClientConnectionId:de3e937c-5980-4ad9-a42d-19c4d954d30c
Error Number:208,State:1,Class:16
Microsoft.Data.SqlClient.SqlException (0x80131904): Invalid object name 'Roles'.
   at Microsoft.Data.SqlClient.SqlCommand.<>c.<ExecuteDbDataReaderAsync>b__195_0(Task`1 result)
   at System.Threading.Tasks.ContinuationResultTaskFromResultTask`2.InnerInvoke()
   at System.Threading.ExecutionContext.RunInternal(ExecutionContext executionContext, ContextCallback callback, Object state)
--- End of stack trace from previous location ---
   at System.Threading.ExecutionContext.RunInternal(ExecutionContext executionContext, ContextCallback callback, Object state)
   at System.Threading.Tasks.Task.ExecuteWithThreadLocal(Task& currentTaskSlot, Thread threadPoolThread)
--- End of stack trace from previous location ---
   at Microsoft.EntityFrameworkCore.Storage.RelationalCommand.ExecuteReaderAsync(RelationalCommandParameterObject parameterObject, CancellationToken cancellationToken)
   at Microsoft.EntityFrameworkCore.Storage.RelationalCommand.ExecuteReaderAsync(RelationalCommandParameterObject parameterObject, CancellationToken cancellationToken)
   at Microsoft.EntityFrameworkCore.Query.Internal.SingleQueryingEnumerable`1.AsyncEnumerator.InitializeReaderAsync(AsyncEnumerator enumerator, CancellationToken cancellationToken)
   at Microsoft.EntityFrameworkCore.SqlServer.Storage.Internal.SqlServerExecutionStrategy.ExecuteAsync[TState,TResult](TState state, Func`4 operation, Func`4 verifySucceeded, CancellationToken cancellationToken)
   at Microsoft.EntityFrameworkCore.Query.Internal.SingleQueryingEnumerable`1.AsyncEnumerator.MoveNextAsync()
ClientConnectionId:de3e937c-5980-4ad9-a42d-19c4d954d30c
Error Number:208,State:1,Class:16
2026-07-03 17:09:05.127 +03:00 [DBG] 'ApplicationDbContext' disposed.
2026-07-03 17:09:05.131 +03:00 [DBG] Disposing connection to database 'SmartHorseDb' on server 'localhost\SQLEXPRESS01'.
2026-07-03 17:09:05.134 +03:00 [DBG] Disposed connection to database '' on server '' (2ms).
2026-07-03 17:09:05.137 +03:00 [FTL] SmartHorse API terminated unexpectedly during startup.
Microsoft.Data.SqlClient.SqlException (0x80131904): Invalid object name 'Roles'.
   at Microsoft.Data.SqlClient.SqlCommand.<>c.<ExecuteDbDataReaderAsync>b__195_0(Task`1 result)
   at System.Threading.Tasks.ContinuationResultTaskFromResultTask`2.InnerInvoke()
   at System.Threading.ExecutionContext.RunInternal(ExecutionContext executionContext, ContextCallback callback, Object state)
--- End of stack trace from previous location ---
   at System.Threading.ExecutionContext.RunInternal(ExecutionContext executionContext, ContextCallback callback, Object state)
   at System.Threading.Tasks.Task.ExecuteWithThreadLocal(Task& currentTaskSlot, Thread threadPoolThread)
--- End of stack trace from previous location ---
   at Microsoft.EntityFrameworkCore.Storage.RelationalCommand.ExecuteReaderAsync(RelationalCommandParameterObject parameterObject, CancellationToken cancellationToken)
   at Microsoft.EntityFrameworkCore.Storage.RelationalCommand.ExecuteReaderAsync(RelationalCommandParameterObject parameterObject, CancellationToken cancellationToken)
   at Microsoft.EntityFrameworkCore.Query.Internal.SingleQueryingEnumerable`1.AsyncEnumerator.InitializeReaderAsync(AsyncEnumerator enumerator, CancellationToken cancellationToken)
   at Microsoft.EntityFrameworkCore.SqlServer.Storage.Internal.SqlServerExecutionStrategy.ExecuteAsync[TState,TResult](TState state, Func`4 operation, Func`4 verifySucceeded, CancellationToken cancellationToken)
   at Microsoft.EntityFrameworkCore.Query.Internal.SingleQueryingEnumerable`1.AsyncEnumerator.MoveNextAsync()
   at Microsoft.EntityFrameworkCore.EntityFrameworkQueryableExtensions.ToDictionaryAsync[TSource,TKey,TElement](IQueryable`1 source, Func`2 keySelector, Func`2 elementSelector, IEqualityComparer`1 comparer, CancellationToken cancellationToken)
   at Microsoft.EntityFrameworkCore.EntityFrameworkQueryableExtensions.ToDictionaryAsync[TSource,TKey,TElement](IQueryable`1 source, Func`2 keySelector, Func`2 elementSelector, IEqualityComparer`1 comparer, CancellationToken cancellationToken)
   at SmartHorse.Infrastructure.Persistence.Seed.DbSeeder.SeedRolesAsync() in D:\Graduation Project\SmartHorse.Backend\src\SmartHorse.Infrastructure\Persistence\Seed\DbSeeder.cs:line 64
   at SmartHorse.Infrastructure.Persistence.Seed.DbSeeder.SeedAsync() in D:\Graduation Project\SmartHorse.Backend\src\SmartHorse.Infrastructure\Persistence\Seed\DbSeeder.cs:line 55
   at Program.<Main>$(String[] args) in D:\Graduation Project\SmartHorse.Backend\src\SmartHorse.API\Program.cs:line 118
ClientConnectionId:de3e937c-5980-4ad9-a42d-19c4d954d30c
Error Number:208,State:1,Class:16
2026-07-03 17:14:57.088 +03:00 [FTL] SmartHorse API terminated unexpectedly during startup.
Microsoft.Extensions.Hosting.HostAbortedException: The host was aborted.
   at Microsoft.Extensions.Hosting.HostFactoryResolver.HostingListener.ThrowHostAborted()
   at Microsoft.Extensions.Hosting.HostFactoryResolver.HostingListener.OnNext(KeyValuePair`2 value)
   at System.Diagnostics.DiagnosticListener.Write(String name, Object value)
   at Microsoft.Extensions.Hosting.HostBuilder.ResolveHost(IServiceProvider serviceProvider, DiagnosticListener diagnosticListener)
   at Microsoft.Extensions.Hosting.HostApplicationBuilder.Build()
   at Microsoft.AspNetCore.Builder.WebApplicationBuilder.Build()
   at Program.<Main>$(String[] args) in D:\Graduation Project\SmartHorse.Backend\src\SmartHorse.API\Program.cs:line 112
2026-07-03 17:16:15.243 +03:00 [FTL] SmartHorse API terminated unexpectedly during startup.
Microsoft.Extensions.Hosting.HostAbortedException: The host was aborted.
   at Microsoft.Extensions.Hosting.HostFactoryResolver.HostingListener.ThrowHostAborted()
   at Microsoft.Extensions.Hosting.HostFactoryResolver.HostingListener.OnNext(KeyValuePair`2 value)
   at System.Diagnostics.DiagnosticListener.Write(String name, Object value)
   at Microsoft.Extensions.Hosting.HostBuilder.ResolveHost(IServiceProvider serviceProvider, DiagnosticListener diagnosticListener)
   at Microsoft.Extensions.Hosting.HostApplicationBuilder.Build()
   at Microsoft.AspNetCore.Builder.WebApplicationBuilder.Build()
   at Program.<Main>$(String[] args) in D:\Graduation Project\SmartHorse.Backend\src\SmartHorse.API\Program.cs:line 112
2026-07-03 17:17:16.457 +03:00 [FTL] SmartHorse API terminated unexpectedly during startup.
Microsoft.Extensions.Hosting.HostAbortedException: The host was aborted.
   at Microsoft.Extensions.Hosting.HostFactoryResolver.HostingListener.ThrowHostAborted()
   at Microsoft.Extensions.Hosting.HostFactoryResolver.HostingListener.OnNext(KeyValuePair`2 value)
   at System.Diagnostics.DiagnosticListener.Write(String name, Object value)
   at Microsoft.Extensions.Hosting.HostBuilder.ResolveHost(IServiceProvider serviceProvider, DiagnosticListener diagnosticListener)
   at Microsoft.Extensions.Hosting.HostApplicationBuilder.Build()
   at Microsoft.AspNetCore.Builder.WebApplicationBuilder.Build()
   at Program.<Main>$(String[] args) in D:\Graduation Project\SmartHorse.Backend\src\SmartHorse.API\Program.cs:line 112
2026-07-03 17:18:08.957 +03:00 [DBG] An 'IServiceProvider' was created for internal use by Entity Framework.
2026-07-03 17:18:09.504 +03:00 [DBG] The index {'UserId'} was not created on entity type 'AuditLog' as the properties are already covered by the index {'UserId', 'CreatedAtUtc'}.
2026-07-03 17:18:09.510 +03:00 [DBG] The index {'RoleId'} was not created on entity type 'RolePermission' as the properties are already covered by the index {'RoleId', 'PermissionId'}.
2026-07-03 17:18:09.513 +03:00 [DBG] The index {'UserId'} was not created on entity type 'UserPermissionOverride' as the properties are already covered by the index {'UserId', 'PermissionId'}.
2026-07-03 17:18:09.515 +03:00 [DBG] The index {'UserId'} was not created on entity type 'UserRole' as the properties are already covered by the index {'UserId', 'RoleId'}.
2026-07-03 17:18:09.806 +03:00 [DBG] Entity Framework Core 8.0.8 initialized 'ApplicationDbContext' using provider 'Microsoft.EntityFrameworkCore.SqlServer:8.0.8' with options: MigrationsAssembly=SmartHorse.Infrastructure, Version=1.0.0.0, Culture=neutral, PublicKeyToken=null 
2026-07-03 17:18:09.819 +03:00 [DBG] Creating DbConnection.
2026-07-03 17:18:09.870 +03:00 [DBG] Created DbConnection. (47ms).
2026-07-03 17:18:09.877 +03:00 [DBG] Migrating using database 'SmartHorseDb' on server 'localhost\SQLEXPRESS01'.
2026-07-03 17:18:09.891 +03:00 [DBG] Opening connection to database 'SmartHorseDb' on server 'localhost\SQLEXPRESS01'.
2026-07-03 17:18:10.219 +03:00 [DBG] Opened connection to database 'SmartHorseDb' on server 'localhost\SQLEXPRESS01'.
2026-07-03 17:18:10.229 +03:00 [DBG] Creating DbCommand for 'ExecuteNonQuery'.
2026-07-03 17:18:10.236 +03:00 [DBG] Created DbCommand for 'ExecuteNonQuery' (6ms).
2026-07-03 17:18:10.241 +03:00 [DBG] Initialized DbCommand for 'ExecuteNonQuery' (13ms).
2026-07-03 17:18:10.250 +03:00 [DBG] Executing DbCommand [Parameters=[], CommandType='"Text"', CommandTimeout='30']
SELECT 1
2026-07-03 17:18:10.293 +03:00 [INF] Executed DbCommand (40ms) [Parameters=[], CommandType='"Text"', CommandTimeout='30']
SELECT 1
2026-07-03 17:18:10.301 +03:00 [DBG] Closing connection to database 'SmartHorseDb' on server 'localhost\SQLEXPRESS01'.
2026-07-03 17:18:10.312 +03:00 [DBG] Closed connection to database 'SmartHorseDb' on server 'localhost\SQLEXPRESS01' (7ms).
2026-07-03 17:18:10.319 +03:00 [DBG] Creating DbCommand for 'ExecuteScalar'.
2026-07-03 17:18:10.320 +03:00 [DBG] Created DbCommand for 'ExecuteScalar' (1ms).
2026-07-03 17:18:10.322 +03:00 [DBG] Initialized DbCommand for 'ExecuteScalar' (3ms).
2026-07-03 17:18:10.324 +03:00 [DBG] Opening connection to database 'SmartHorseDb' on server 'localhost\SQLEXPRESS01'.
2026-07-03 17:18:10.328 +03:00 [DBG] Opened connection to database 'SmartHorseDb' on server 'localhost\SQLEXPRESS01'.
2026-07-03 17:18:10.331 +03:00 [DBG] Executing DbCommand [Parameters=[], CommandType='"Text"', CommandTimeout='30']
SELECT OBJECT_ID(N'[__EFMigrationsHistory]');
2026-07-03 17:18:10.365 +03:00 [INF] Executed DbCommand (34ms) [Parameters=[], CommandType='"Text"', CommandTimeout='30']
SELECT OBJECT_ID(N'[__EFMigrationsHistory]');
2026-07-03 17:18:10.368 +03:00 [DBG] Closing connection to database 'SmartHorseDb' on server 'localhost\SQLEXPRESS01'.
2026-07-03 17:18:10.370 +03:00 [DBG] Closed connection to database 'SmartHorseDb' on server 'localhost\SQLEXPRESS01' (2ms).
2026-07-03 17:18:10.377 +03:00 [DBG] Opening connection to database 'SmartHorseDb' on server 'localhost\SQLEXPRESS01'.
2026-07-03 17:18:10.379 +03:00 [DBG] Opened connection to database 'SmartHorseDb' on server 'localhost\SQLEXPRESS01'.
2026-07-03 17:18:10.381 +03:00 [DBG] Creating DbCommand for 'ExecuteNonQuery'.
2026-07-03 17:18:10.383 +03:00 [DBG] Created DbCommand for 'ExecuteNonQuery' (1ms).
2026-07-03 17:18:10.385 +03:00 [DBG] Initialized DbCommand for 'ExecuteNonQuery' (3ms).
2026-07-03 17:18:10.387 +03:00 [DBG] Executing DbCommand [Parameters=[], CommandType='"Text"', CommandTimeout='30']
SELECT 1
2026-07-03 17:18:10.391 +03:00 [INF] Executed DbCommand (4ms) [Parameters=[], CommandType='"Text"', CommandTimeout='30']
SELECT 1
2026-07-03 17:18:10.395 +03:00 [DBG] Closing connection to database 'SmartHorseDb' on server 'localhost\SQLEXPRESS01'.
2026-07-03 17:18:10.397 +03:00 [DBG] Closed connection to database 'SmartHorseDb' on server 'localhost\SQLEXPRESS01' (2ms).
2026-07-03 17:18:10.400 +03:00 [DBG] Creating DbCommand for 'ExecuteScalar'.
2026-07-03 17:18:10.401 +03:00 [DBG] Created DbCommand for 'ExecuteScalar' (1ms).
2026-07-03 17:18:10.403 +03:00 [DBG] Initialized DbCommand for 'ExecuteScalar' (3ms).
2026-07-03 17:18:10.405 +03:00 [DBG] Opening connection to database 'SmartHorseDb' on server 'localhost\SQLEXPRESS01'.
2026-07-03 17:18:10.408 +03:00 [DBG] Opened connection to database 'SmartHorseDb' on server 'localhost\SQLEXPRESS01'.
2026-07-03 17:18:10.411 +03:00 [DBG] Executing DbCommand [Parameters=[], CommandType='"Text"', CommandTimeout='30']
SELECT OBJECT_ID(N'[__EFMigrationsHistory]');
2026-07-03 17:18:10.414 +03:00 [INF] Executed DbCommand (3ms) [Parameters=[], CommandType='"Text"', CommandTimeout='30']
SELECT OBJECT_ID(N'[__EFMigrationsHistory]');
2026-07-03 17:18:10.417 +03:00 [DBG] Closing connection to database 'SmartHorseDb' on server 'localhost\SQLEXPRESS01'.
2026-07-03 17:18:10.419 +03:00 [DBG] Closed connection to database 'SmartHorseDb' on server 'localhost\SQLEXPRESS01' (1ms).
2026-07-03 17:18:10.435 +03:00 [DBG] Opening connection to database 'SmartHorseDb' on server 'localhost\SQLEXPRESS01'.
2026-07-03 17:18:10.437 +03:00 [DBG] Opened connection to database 'SmartHorseDb' on server 'localhost\SQLEXPRESS01'.
2026-07-03 17:18:10.439 +03:00 [DBG] Creating DbCommand for 'ExecuteReader'.
2026-07-03 17:18:10.440 +03:00 [DBG] Created DbCommand for 'ExecuteReader' (1ms).
2026-07-03 17:18:10.443 +03:00 [DBG] Initialized DbCommand for 'ExecuteReader' (3ms).
2026-07-03 17:18:10.445 +03:00 [DBG] Executing DbCommand [Parameters=[], CommandType='"Text"', CommandTimeout='30']
SELECT [MigrationId], [ProductVersion]
FROM [__EFMigrationsHistory]
ORDER BY [MigrationId];
2026-07-03 17:18:10.458 +03:00 [INF] Executed DbCommand (13ms) [Parameters=[], CommandType='"Text"', CommandTimeout='30']
SELECT [MigrationId], [ProductVersion]
FROM [__EFMigrationsHistory]
ORDER BY [MigrationId];
2026-07-03 17:18:10.470 +03:00 [DBG] Closing data reader to 'SmartHorseDb' on server 'localhost\SQLEXPRESS01'.
2026-07-03 17:18:10.474 +03:00 [DBG] A data reader for 'SmartHorseDb' on server 'localhost\SQLEXPRESS01' is being disposed after spending 10ms reading results.
2026-07-03 17:18:10.477 +03:00 [DBG] Closing connection to database 'SmartHorseDb' on server 'localhost\SQLEXPRESS01'.
2026-07-03 17:18:10.479 +03:00 [DBG] Closed connection to database 'SmartHorseDb' on server 'localhost\SQLEXPRESS01' (2ms).
2026-07-03 17:18:10.492 +03:00 [INF] No migrations were applied. The database is already up to date.
2026-07-03 17:18:10.532 +03:00 [DBG] Compiling query expression: 
'DbSet<Role>()'
2026-07-03 17:18:10.699 +03:00 [DBG] Generated query execution expression: 
'queryContext => new SingleQueryingEnumerable<Role>(
    (RelationalQueryContext)queryContext, 
    RelationalCommandCache.QueryExpression(
        Projection Mapping:
            EmptyProjectionMember -> Dictionary<IProperty, int> { [Property: Role.Id (int) Required PK AfterSave:Throw ValueGenerated.OnAdd, 0], [Property: Role.Name (string) Required Index MaxLength(50), 1] }
        SELECT r.Id, r.Name
        FROM Roles AS r), 
    null, 
    Func<QueryContext, DbDataReader, ResultContext, SingleQueryResultCoordinator, Role>, 
    SmartHorse.Infrastructure.Persistence.ApplicationDbContext, 
    False, 
    False, 
    True
)'
2026-07-03 17:18:10.726 +03:00 [DBG] Opening connection to database 'SmartHorseDb' on server 'localhost\SQLEXPRESS01'.
2026-07-03 17:18:10.728 +03:00 [DBG] Opened connection to database 'SmartHorseDb' on server 'localhost\SQLEXPRESS01'.
2026-07-03 17:18:10.730 +03:00 [DBG] Creating DbCommand for 'ExecuteReader'.
2026-07-03 17:18:10.733 +03:00 [DBG] Created DbCommand for 'ExecuteReader' (2ms).
2026-07-03 17:18:10.735 +03:00 [DBG] Initialized DbCommand for 'ExecuteReader' (4ms).
2026-07-03 17:18:10.738 +03:00 [DBG] Executing DbCommand [Parameters=[], CommandType='"Text"', CommandTimeout='30']
SELECT [r].[Id], [r].[Name]
FROM [Roles] AS [r]
2026-07-03 17:18:10.746 +03:00 [INF] Executed DbCommand (8ms) [Parameters=[], CommandType='"Text"', CommandTimeout='30']
SELECT [r].[Id], [r].[Name]
FROM [Roles] AS [r]
2026-07-03 17:18:10.754 +03:00 [DBG] Closing data reader to 'SmartHorseDb' on server 'localhost\SQLEXPRESS01'.
2026-07-03 17:18:10.756 +03:00 [DBG] A data reader for 'SmartHorseDb' on server 'localhost\SQLEXPRESS01' is being disposed after spending 6ms reading results.
2026-07-03 17:18:10.760 +03:00 [DBG] Closing connection to database 'SmartHorseDb' on server 'localhost\SQLEXPRESS01'.
2026-07-03 17:18:10.763 +03:00 [DBG] Closed connection to database 'SmartHorseDb' on server 'localhost\SQLEXPRESS01' (2ms).
2026-07-03 17:18:10.792 +03:00 [DBG] 'ApplicationDbContext' generated a temporary value for the property 'Role.Id'. Consider using 'DbContextOptionsBuilder.EnableSensitiveDataLogging' to see key values.
2026-07-03 17:18:10.849 +03:00 [DBG] Context 'ApplicationDbContext' started tracking 'Role' entity. Consider using 'DbContextOptionsBuilder.EnableSensitiveDataLogging' to see key values.
2026-07-03 17:18:10.855 +03:00 [INF] Seeded role Owner.
2026-07-03 17:18:10.858 +03:00 [DBG] 'ApplicationDbContext' generated a temporary value for the property 'Role.Id'. Consider using 'DbContextOptionsBuilder.EnableSensitiveDataLogging' to see key values.
2026-07-03 17:18:10.862 +03:00 [DBG] Context 'ApplicationDbContext' started tracking 'Role' entity. Consider using 'DbContextOptionsBuilder.EnableSensitiveDataLogging' to see key values.
2026-07-03 17:18:10.864 +03:00 [INF] Seeded role Veterinarian.
2026-07-03 17:18:10.866 +03:00 [DBG] 'ApplicationDbContext' generated a temporary value for the property 'Role.Id'. Consider using 'DbContextOptionsBuilder.EnableSensitiveDataLogging' to see key values.
2026-07-03 17:18:10.869 +03:00 [DBG] Context 'ApplicationDbContext' started tracking 'Role' entity. Consider using 'DbContextOptionsBuilder.EnableSensitiveDataLogging' to see key values.
2026-07-03 17:18:10.872 +03:00 [INF] Seeded role Trainer.
2026-07-03 17:18:10.874 +03:00 [DBG] 'ApplicationDbContext' generated a temporary value for the property 'Role.Id'. Consider using 'DbContextOptionsBuilder.EnableSensitiveDataLogging' to see key values.
2026-07-03 17:18:10.878 +03:00 [DBG] Context 'ApplicationDbContext' started tracking 'Role' entity. Consider using 'DbContextOptionsBuilder.EnableSensitiveDataLogging' to see key values.
2026-07-03 17:18:10.881 +03:00 [INF] Seeded role Worker.
2026-07-03 17:18:10.883 +03:00 [DBG] 'ApplicationDbContext' generated a temporary value for the property 'Role.Id'. Consider using 'DbContextOptionsBuilder.EnableSensitiveDataLogging' to see key values.
2026-07-03 17:18:10.886 +03:00 [DBG] Context 'ApplicationDbContext' started tracking 'Role' entity. Consider using 'DbContextOptionsBuilder.EnableSensitiveDataLogging' to see key values.
2026-07-03 17:18:10.888 +03:00 [INF] Seeded role Buyer.
2026-07-03 17:18:10.890 +03:00 [DBG] 'ApplicationDbContext' generated a temporary value for the property 'Role.Id'. Consider using 'DbContextOptionsBuilder.EnableSensitiveDataLogging' to see key values.
2026-07-03 17:18:10.893 +03:00 [DBG] Context 'ApplicationDbContext' started tracking 'Role' entity. Consider using 'DbContextOptionsBuilder.EnableSensitiveDataLogging' to see key values.
2026-07-03 17:18:10.895 +03:00 [INF] Seeded role Administrator.
2026-07-03 17:18:10.899 +03:00 [DBG] DetectChanges starting for 'ApplicationDbContext'.
2026-07-03 17:18:10.909 +03:00 [DBG] DetectChanges completed for 'ApplicationDbContext'.
2026-07-03 17:18:10.914 +03:00 [DBG] SaveChanges starting for 'ApplicationDbContext'.
2026-07-03 17:18:10.916 +03:00 [DBG] DetectChanges starting for 'ApplicationDbContext'.
2026-07-03 17:18:10.917 +03:00 [DBG] DetectChanges completed for 'ApplicationDbContext'.
2026-07-03 17:18:10.986 +03:00 [DBG] Executing 6 update commands as a batch.
2026-07-03 17:18:10.998 +03:00 [DBG] Opening connection to database 'SmartHorseDb' on server 'localhost\SQLEXPRESS01'.
2026-07-03 17:18:11.000 +03:00 [DBG] Opened connection to database 'SmartHorseDb' on server 'localhost\SQLEXPRESS01'.
2026-07-03 17:18:11.005 +03:00 [DBG] Creating DbCommand for 'ExecuteReader'.
2026-07-03 17:18:11.006 +03:00 [DBG] Created DbCommand for 'ExecuteReader' (1ms).
2026-07-03 17:18:11.012 +03:00 [DBG] Initialized DbCommand for 'ExecuteReader' (7ms).
2026-07-03 17:18:11.016 +03:00 [DBG] Executing DbCommand [Parameters=[@p0='?' (Size = 50), @p1='?' (Size = 50), @p2='?' (Size = 50), @p3='?' (Size = 50), @p4='?' (Size = 50), @p5='?' (Size = 50)], CommandType='"Text"', CommandTimeout='30']
SET IMPLICIT_TRANSACTIONS OFF;
SET NOCOUNT ON;
MERGE [Roles] USING (
VALUES (@p0, 0),
(@p1, 1),
(@p2, 2),
(@p3, 3),
(@p4, 4),
(@p5, 5)) AS i ([Name], _Position) ON 1=0
WHEN NOT MATCHED THEN
INSERT ([Name])
VALUES (i.[Name])
OUTPUT INSERTED.[Id], i._Position;
2026-07-03 17:18:11.070 +03:00 [INF] Executed DbCommand (56ms) [Parameters=[@p0='?' (Size = 50), @p1='?' (Size = 50), @p2='?' (Size = 50), @p3='?' (Size = 50), @p4='?' (Size = 50), @p5='?' (Size = 50)], CommandType='"Text"', CommandTimeout='30']
SET IMPLICIT_TRANSACTIONS OFF;
SET NOCOUNT ON;
MERGE [Roles] USING (
VALUES (@p0, 0),
(@p1, 1),
(@p2, 2),
(@p3, 3),
(@p4, 4),
(@p5, 5)) AS i ([Name], _Position) ON 1=0
WHEN NOT MATCHED THEN
INSERT ([Name])
VALUES (i.[Name])
OUTPUT INSERTED.[Id], i._Position;
2026-07-03 17:18:11.084 +03:00 [DBG] The foreign key property 'Role.Id' was detected as changed. Consider using 'DbContextOptionsBuilder.EnableSensitiveDataLogging' to see property values.
2026-07-03 17:18:11.090 +03:00 [DBG] The foreign key property 'Role.Id' was detected as changed. Consider using 'DbContextOptionsBuilder.EnableSensitiveDataLogging' to see property values.
2026-07-03 17:18:11.092 +03:00 [DBG] The foreign key property 'Role.Id' was detected as changed. Consider using 'DbContextOptionsBuilder.EnableSensitiveDataLogging' to see property values.
2026-07-03 17:18:11.094 +03:00 [DBG] The foreign key property 'Role.Id' was detected as changed. Consider using 'DbContextOptionsBuilder.EnableSensitiveDataLogging' to see property values.
2026-07-03 17:18:11.097 +03:00 [DBG] The foreign key property 'Role.Id' was detected as changed. Consider using 'DbContextOptionsBuilder.EnableSensitiveDataLogging' to see property values.
2026-07-03 17:18:11.099 +03:00 [DBG] The foreign key property 'Role.Id' was detected as changed. Consider using 'DbContextOptionsBuilder.EnableSensitiveDataLogging' to see property values.
2026-07-03 17:18:11.103 +03:00 [DBG] Closing data reader to 'SmartHorseDb' on server 'localhost\SQLEXPRESS01'.
2026-07-03 17:18:11.106 +03:00 [DBG] A data reader for 'SmartHorseDb' on server 'localhost\SQLEXPRESS01' is being disposed after spending 32ms reading results.
2026-07-03 17:18:11.109 +03:00 [DBG] Closing connection to database 'SmartHorseDb' on server 'localhost\SQLEXPRESS01'.
2026-07-03 17:18:11.111 +03:00 [DBG] Closed connection to database 'SmartHorseDb' on server 'localhost\SQLEXPRESS01' (2ms).
2026-07-03 17:18:11.124 +03:00 [DBG] An entity of type 'Role' tracked by 'ApplicationDbContext' changed state from '"Added"' to '"Unchanged"'. Consider using 'DbContextOptionsBuilder.EnableSensitiveDataLogging' to see key values.
2026-07-03 17:18:11.127 +03:00 [DBG] An entity of type 'Role' tracked by 'ApplicationDbContext' changed state from '"Added"' to '"Unchanged"'. Consider using 'DbContextOptionsBuilder.EnableSensitiveDataLogging' to see key values.
2026-07-03 17:18:11.130 +03:00 [DBG] An entity of type 'Role' tracked by 'ApplicationDbContext' changed state from '"Added"' to '"Unchanged"'. Consider using 'DbContextOptionsBuilder.EnableSensitiveDataLogging' to see key values.
2026-07-03 17:18:11.133 +03:00 [DBG] An entity of type 'Role' tracked by 'ApplicationDbContext' changed state from '"Added"' to '"Unchanged"'. Consider using 'DbContextOptionsBuilder.EnableSensitiveDataLogging' to see key values.
2026-07-03 17:18:11.136 +03:00 [DBG] An entity of type 'Role' tracked by 'ApplicationDbContext' changed state from '"Added"' to '"Unchanged"'. Consider using 'DbContextOptionsBuilder.EnableSensitiveDataLogging' to see key values.
2026-07-03 17:18:11.138 +03:00 [DBG] An entity of type 'Role' tracked by 'ApplicationDbContext' changed state from '"Added"' to '"Unchanged"'. Consider using 'DbContextOptionsBuilder.EnableSensitiveDataLogging' to see key values.
2026-07-03 17:18:11.143 +03:00 [DBG] SaveChanges completed for 'ApplicationDbContext' with 6 entities written to the database.
2026-07-03 17:18:11.149 +03:00 [DBG] Compiling query expression: 
'DbSet<Permission>()'
2026-07-03 17:18:11.154 +03:00 [DBG] Generated query execution expression: 
'queryContext => new SingleQueryingEnumerable<Permission>(
    (RelationalQueryContext)queryContext, 
    RelationalCommandCache.QueryExpression(
        Projection Mapping:
            EmptyProjectionMember -> Dictionary<IProperty, int> { [Property: Permission.Id (int) Required PK AfterSave:Throw ValueGenerated.OnAdd, 0], [Property: Permission.Description (string) Required MaxLength(500), 1], [Property: Permission.Key (string) Required Index MaxLength(100), 2] }
        SELECT p.Id, p.Description, p.Key
        FROM Permissions AS p), 
    null, 
    Func<QueryContext, DbDataReader, ResultContext, SingleQueryResultCoordinator, Permission>, 
    SmartHorse.Infrastructure.Persistence.ApplicationDbContext, 
    False, 
    False, 
    True
)'
2026-07-03 17:18:11.158 +03:00 [DBG] Opening connection to database 'SmartHorseDb' on server 'localhost\SQLEXPRESS01'.
2026-07-03 17:18:11.160 +03:00 [DBG] Opened connection to database 'SmartHorseDb' on server 'localhost\SQLEXPRESS01'.
2026-07-03 17:18:11.162 +03:00 [DBG] Creating DbCommand for 'ExecuteReader'.
2026-07-03 17:18:11.163 +03:00 [DBG] Created DbCommand for 'ExecuteReader' (1ms).
2026-07-03 17:18:11.166 +03:00 [DBG] Initialized DbCommand for 'ExecuteReader' (3ms).
2026-07-03 17:18:11.168 +03:00 [DBG] Executing DbCommand [Parameters=[], CommandType='"Text"', CommandTimeout='30']
SELECT [p].[Id], [p].[Description], [p].[Key]
FROM [Permissions] AS [p]
2026-07-03 17:18:11.175 +03:00 [INF] Executed DbCommand (7ms) [Parameters=[], CommandType='"Text"', CommandTimeout='30']
SELECT [p].[Id], [p].[Description], [p].[Key]
FROM [Permissions] AS [p]
2026-07-03 17:18:11.180 +03:00 [DBG] Closing data reader to 'SmartHorseDb' on server 'localhost\SQLEXPRESS01'.
2026-07-03 17:18:11.182 +03:00 [DBG] A data reader for 'SmartHorseDb' on server 'localhost\SQLEXPRESS01' is being disposed after spending 2ms reading results.
2026-07-03 17:18:11.184 +03:00 [DBG] Closing connection to database 'SmartHorseDb' on server 'localhost\SQLEXPRESS01'.
2026-07-03 17:18:11.186 +03:00 [DBG] Closed connection to database 'SmartHorseDb' on server 'localhost\SQLEXPRESS01' (2ms).
2026-07-03 17:18:11.190 +03:00 [DBG] 'ApplicationDbContext' generated a temporary value for the property 'Permission.Id'. Consider using 'DbContextOptionsBuilder.EnableSensitiveDataLogging' to see key values.
2026-07-03 17:18:11.202 +03:00 [DBG] Context 'ApplicationDbContext' started tracking 'Permission' entity. Consider using 'DbContextOptionsBuilder.EnableSensitiveDataLogging' to see key values.
2026-07-03 17:18:11.204 +03:00 [DBG] 'ApplicationDbContext' generated a temporary value for the property 'Permission.Id'. Consider using 'DbContextOptionsBuilder.EnableSensitiveDataLogging' to see key values.
2026-07-03 17:18:11.207 +03:00 [DBG] Context 'ApplicationDbContext' started tracking 'Permission' entity. Consider using 'DbContextOptionsBuilder.EnableSensitiveDataLogging' to see key values.
2026-07-03 17:18:11.209 +03:00 [DBG] 'ApplicationDbContext' generated a temporary value for the property 'Permission.Id'. Consider using 'DbContextOptionsBuilder.EnableSensitiveDataLogging' to see key values.
2026-07-03 17:18:11.212 +03:00 [DBG] Context 'ApplicationDbContext' started tracking 'Permission' entity. Consider using 'DbContextOptionsBuilder.EnableSensitiveDataLogging' to see key values.
2026-07-03 17:18:11.214 +03:00 [DBG] 'ApplicationDbContext' generated a temporary value for the property 'Permission.Id'. Consider using 'DbContextOptionsBuilder.EnableSensitiveDataLogging' to see key values.
2026-07-03 17:18:11.216 +03:00 [DBG] Context 'ApplicationDbContext' started tracking 'Permission' entity. Consider using 'DbContextOptionsBuilder.EnableSensitiveDataLogging' to see key values.
2026-07-03 17:18:11.219 +03:00 [DBG] 'ApplicationDbContext' generated a temporary value for the property 'Permission.Id'. Consider using 'DbContextOptionsBuilder.EnableSensitiveDataLogging' to see key values.
2026-07-03 17:18:11.222 +03:00 [DBG] Context 'ApplicationDbContext' started tracking 'Permission' entity. Consider using 'DbContextOptionsBuilder.EnableSensitiveDataLogging' to see key values.
2026-07-03 17:18:11.224 +03:00 [DBG] 'ApplicationDbContext' generated a temporary value for the property 'Permission.Id'. Consider using 'DbContextOptionsBuilder.EnableSensitiveDataLogging' to see key values.
2026-07-03 17:18:11.227 +03:00 [DBG] Context 'ApplicationDbContext' started tracking 'Permission' entity. Consider using 'DbContextOptionsBuilder.EnableSensitiveDataLogging' to see key values.
2026-07-03 17:18:11.229 +03:00 [DBG] DetectChanges starting for 'ApplicationDbContext'.
2026-07-03 17:18:11.234 +03:00 [DBG] DetectChanges completed for 'ApplicationDbContext'.
2026-07-03 17:18:11.236 +03:00 [DBG] SaveChanges starting for 'ApplicationDbContext'.
2026-07-03 17:18:11.238 +03:00 [DBG] DetectChanges starting for 'ApplicationDbContext'.
2026-07-03 17:18:11.241 +03:00 [DBG] DetectChanges completed for 'ApplicationDbContext'.
2026-07-03 17:18:11.245 +03:00 [DBG] Executing 6 update commands as a batch.
2026-07-03 17:18:11.247 +03:00 [DBG] Opening connection to database 'SmartHorseDb' on server 'localhost\SQLEXPRESS01'.
2026-07-03 17:18:11.249 +03:00 [DBG] Opened connection to database 'SmartHorseDb' on server 'localhost\SQLEXPRESS01'.
2026-07-03 17:18:11.251 +03:00 [DBG] Creating DbCommand for 'ExecuteReader'.
2026-07-03 17:18:11.252 +03:00 [DBG] Created DbCommand for 'ExecuteReader' (1ms).
2026-07-03 17:18:11.254 +03:00 [DBG] Initialized DbCommand for 'ExecuteReader' (3ms).
2026-07-03 17:18:11.257 +03:00 [DBG] Executing DbCommand [Parameters=[@p0='?' (Size = 500), @p1='?' (Size = 100), @p2='?' (Size = 500), @p3='?' (Size = 100), @p4='?' (Size = 500), @p5='?' (Size = 100), @p6='?' (Size = 500), @p7='?' (Size = 100), @p8='?' (Size = 500), @p9='?' (Size = 100), @p10='?' (Size = 500), @p11='?' (Size = 100)], CommandType='"Text"', CommandTimeout='30']
SET IMPLICIT_TRANSACTIONS OFF;
SET NOCOUNT ON;
MERGE [Permissions] USING (
VALUES (@p0, @p1, 0),
(@p2, @p3, 1),
(@p4, @p5, 2),
(@p6, @p7, 3),
(@p8, @p9, 4),
(@p10, @p11, 5)) AS i ([Description], [Key], _Position) ON 1=0
WHEN NOT MATCHED THEN
INSERT ([Description], [Key])
VALUES (i.[Description], i.[Key])
OUTPUT INSERTED.[Id], i._Position;
2026-07-03 17:18:11.271 +03:00 [INF] Executed DbCommand (14ms) [Parameters=[@p0='?' (Size = 500), @p1='?' (Size = 100), @p2='?' (Size = 500), @p3='?' (Size = 100), @p4='?' (Size = 500), @p5='?' (Size = 100), @p6='?' (Size = 500), @p7='?' (Size = 100), @p8='?' (Size = 500), @p9='?' (Size = 100), @p10='?' (Size = 500), @p11='?' (Size = 100)], CommandType='"Text"', CommandTimeout='30']
SET IMPLICIT_TRANSACTIONS OFF;
SET NOCOUNT ON;
MERGE [Permissions] USING (
VALUES (@p0, @p1, 0),
(@p2, @p3, 1),
(@p4, @p5, 2),
(@p6, @p7, 3),
(@p8, @p9, 4),
(@p10, @p11, 5)) AS i ([Description], [Key], _Position) ON 1=0
WHEN NOT MATCHED THEN
INSERT ([Description], [Key])
VALUES (i.[Description], i.[Key])
OUTPUT INSERTED.[Id], i._Position;
2026-07-03 17:18:11.276 +03:00 [DBG] The foreign key property 'Permission.Id' was detected as changed. Consider using 'DbContextOptionsBuilder.EnableSensitiveDataLogging' to see property values.
2026-07-03 17:18:11.278 +03:00 [DBG] The foreign key property 'Permission.Id' was detected as changed. Consider using 'DbContextOptionsBuilder.EnableSensitiveDataLogging' to see property values.
2026-07-03 17:18:11.280 +03:00 [DBG] The foreign key property 'Permission.Id' was detected as changed. Consider using 'DbContextOptionsBuilder.EnableSensitiveDataLogging' to see property values.
2026-07-03 17:18:11.282 +03:00 [DBG] The foreign key property 'Permission.Id' was detected as changed. Consider using 'DbContextOptionsBuilder.EnableSensitiveDataLogging' to see property values.
2026-07-03 17:18:11.284 +03:00 [DBG] The foreign key property 'Permission.Id' was detected as changed. Consider using 'DbContextOptionsBuilder.EnableSensitiveDataLogging' to see property values.
2026-07-03 17:18:11.286 +03:00 [DBG] The foreign key property 'Permission.Id' was detected as changed. Consider using 'DbContextOptionsBuilder.EnableSensitiveDataLogging' to see property values.
2026-07-03 17:18:11.288 +03:00 [DBG] Closing data reader to 'SmartHorseDb' on server 'localhost\SQLEXPRESS01'.
2026-07-03 17:18:11.291 +03:00 [DBG] A data reader for 'SmartHorseDb' on server 'localhost\SQLEXPRESS01' is being disposed after spending 15ms reading results.
2026-07-03 17:18:11.293 +03:00 [DBG] Closing connection to database 'SmartHorseDb' on server 'localhost\SQLEXPRESS01'.
2026-07-03 17:18:11.295 +03:00 [DBG] Closed connection to database 'SmartHorseDb' on server 'localhost\SQLEXPRESS01' (2ms).
2026-07-03 17:18:11.299 +03:00 [DBG] An entity of type 'Permission' tracked by 'ApplicationDbContext' changed state from '"Added"' to '"Unchanged"'. Consider using 'DbContextOptionsBuilder.EnableSensitiveDataLogging' to see key values.
2026-07-03 17:18:11.302 +03:00 [DBG] An entity of type 'Permission' tracked by 'ApplicationDbContext' changed state from '"Added"' to '"Unchanged"'. Consider using 'DbContextOptionsBuilder.EnableSensitiveDataLogging' to see key values.
2026-07-03 17:18:11.305 +03:00 [DBG] An entity of type 'Permission' tracked by 'ApplicationDbContext' changed state from '"Added"' to '"Unchanged"'. Consider using 'DbContextOptionsBuilder.EnableSensitiveDataLogging' to see key values.
2026-07-03 17:18:11.308 +03:00 [DBG] An entity of type 'Permission' tracked by 'ApplicationDbContext' changed state from '"Added"' to '"Unchanged"'. Consider using 'DbContextOptionsBuilder.EnableSensitiveDataLogging' to see key values.
2026-07-03 17:18:11.311 +03:00 [DBG] An entity of type 'Permission' tracked by 'ApplicationDbContext' changed state from '"Added"' to '"Unchanged"'. Consider using 'DbContextOptionsBuilder.EnableSensitiveDataLogging' to see key values.
2026-07-03 17:18:11.314 +03:00 [DBG] An entity of type 'Permission' tracked by 'ApplicationDbContext' changed state from '"Added"' to '"Unchanged"'. Consider using 'DbContextOptionsBuilder.EnableSensitiveDataLogging' to see key values.
2026-07-03 17:18:11.317 +03:00 [DBG] SaveChanges completed for 'ApplicationDbContext' with 6 entities written to the database.
2026-07-03 17:18:11.340 +03:00 [DBG] Compiling query expression: 
'DbSet<RolePermission>()
    .Where(rp => rp.RoleId == __adminRole_Id_0)
    .Select(rp => rp.PermissionId)'
2026-07-03 17:18:11.417 +03:00 [DBG] Generated query execution expression: 
'queryContext => new SingleQueryingEnumerable<int>(
    (RelationalQueryContext)queryContext, 
    RelationalCommandCache.QueryExpression(
        Projection Mapping:
            EmptyProjectionMember -> 0
        SELECT r.PermissionId
        FROM RolePermissions AS r
        WHERE r.RoleId == @__adminRole_Id_0), 
    null, 
    Func<QueryContext, DbDataReader, ResultContext, SingleQueryResultCoordinator, int>, 
    SmartHorse.Infrastructure.Persistence.ApplicationDbContext, 
    False, 
    False, 
    True
)'
2026-07-03 17:18:11.430 +03:00 [DBG] Opening connection to database 'SmartHorseDb' on server 'localhost\SQLEXPRESS01'.
2026-07-03 17:18:11.432 +03:00 [DBG] Opened connection to database 'SmartHorseDb' on server 'localhost\SQLEXPRESS01'.
2026-07-03 17:18:11.434 +03:00 [DBG] Creating DbCommand for 'ExecuteReader'.
2026-07-03 17:18:11.436 +03:00 [DBG] Created DbCommand for 'ExecuteReader' (1ms).
2026-07-03 17:18:11.438 +03:00 [DBG] Initialized DbCommand for 'ExecuteReader' (3ms).
2026-07-03 17:18:11.441 +03:00 [DBG] Executing DbCommand [Parameters=[@__adminRole_Id_0='?' (DbType = Int32)], CommandType='"Text"', CommandTimeout='30']
SELECT [r].[PermissionId]
FROM [RolePermissions] AS [r]
WHERE [r].[RoleId] = @__adminRole_Id_0
2026-07-03 17:18:11.447 +03:00 [INF] Executed DbCommand (7ms) [Parameters=[@__adminRole_Id_0='?' (DbType = Int32)], CommandType='"Text"', CommandTimeout='30']
SELECT [r].[PermissionId]
FROM [RolePermissions] AS [r]
WHERE [r].[RoleId] = @__adminRole_Id_0
2026-07-03 17:18:11.452 +03:00 [DBG] Closing data reader to 'SmartHorseDb' on server 'localhost\SQLEXPRESS01'.
2026-07-03 17:18:11.454 +03:00 [DBG] A data reader for 'SmartHorseDb' on server 'localhost\SQLEXPRESS01' is being disposed after spending 3ms reading results.
2026-07-03 17:18:11.457 +03:00 [DBG] Closing connection to database 'SmartHorseDb' on server 'localhost\SQLEXPRESS01'.
2026-07-03 17:18:11.459 +03:00 [DBG] Closed connection to database 'SmartHorseDb' on server 'localhost\SQLEXPRESS01' (2ms).
2026-07-03 17:18:11.482 +03:00 [DBG] The navigation 'RolePermission.Permission' was detected as changed. Consider using 'DbContextOptionsBuilder.EnableSensitiveDataLogging' to see key values.
2026-07-03 17:18:11.487 +03:00 [DBG] The navigation 'RolePermission.Role' was detected as changed. Consider using 'DbContextOptionsBuilder.EnableSensitiveDataLogging' to see key values.
2026-07-03 17:18:11.497 +03:00 [DBG] Context 'ApplicationDbContext' started tracking 'RolePermission' entity. Consider using 'DbContextOptionsBuilder.EnableSensitiveDataLogging' to see key values.
2026-07-03 17:18:11.500 +03:00 [DBG] The navigation 'RolePermission.Permission' was detected as changed. Consider using 'DbContextOptionsBuilder.EnableSensitiveDataLogging' to see key values.
2026-07-03 17:18:11.502 +03:00 [DBG] The navigation 'RolePermission.Role' was detected as changed. Consider using 'DbContextOptionsBuilder.EnableSensitiveDataLogging' to see key values.
2026-07-03 17:18:11.504 +03:00 [DBG] Context 'ApplicationDbContext' started tracking 'RolePermission' entity. Consider using 'DbContextOptionsBuilder.EnableSensitiveDataLogging' to see key values.
2026-07-03 17:18:11.506 +03:00 [DBG] The navigation 'RolePermission.Permission' was detected as changed. Consider using 'DbContextOptionsBuilder.EnableSensitiveDataLogging' to see key values.
2026-07-03 17:18:11.509 +03:00 [DBG] The navigation 'RolePermission.Role' was detected as changed. Consider using 'DbContextOptionsBuilder.EnableSensitiveDataLogging' to see key values.
2026-07-03 17:18:11.511 +03:00 [DBG] Context 'ApplicationDbContext' started tracking 'RolePermission' entity. Consider using 'DbContextOptionsBuilder.EnableSensitiveDataLogging' to see key values.
2026-07-03 17:18:11.514 +03:00 [DBG] The navigation 'RolePermission.Permission' was detected as changed. Consider using 'DbContextOptionsBuilder.EnableSensitiveDataLogging' to see key values.
2026-07-03 17:18:11.517 +03:00 [DBG] The navigation 'RolePermission.Role' was detected as changed. Consider using 'DbContextOptionsBuilder.EnableSensitiveDataLogging' to see key values.
2026-07-03 17:18:11.520 +03:00 [DBG] Context 'ApplicationDbContext' started tracking 'RolePermission' entity. Consider using 'DbContextOptionsBuilder.EnableSensitiveDataLogging' to see key values.
2026-07-03 17:18:11.523 +03:00 [DBG] The navigation 'RolePermission.Permission' was detected as changed. Consider using 'DbContextOptionsBuilder.EnableSensitiveDataLogging' to see key values.
2026-07-03 17:18:11.525 +03:00 [DBG] The navigation 'RolePermission.Role' was detected as changed. Consider using 'DbContextOptionsBuilder.EnableSensitiveDataLogging' to see key values.
2026-07-03 17:18:11.527 +03:00 [DBG] Context 'ApplicationDbContext' started tracking 'RolePermission' entity. Consider using 'DbContextOptionsBuilder.EnableSensitiveDataLogging' to see key values.
2026-07-03 17:18:11.529 +03:00 [DBG] The navigation 'RolePermission.Permission' was detected as changed. Consider using 'DbContextOptionsBuilder.EnableSensitiveDataLogging' to see key values.
2026-07-03 17:18:11.531 +03:00 [DBG] The navigation 'RolePermission.Role' was detected as changed. Consider using 'DbContextOptionsBuilder.EnableSensitiveDataLogging' to see key values.
2026-07-03 17:18:11.533 +03:00 [DBG] Context 'ApplicationDbContext' started tracking 'RolePermission' entity. Consider using 'DbContextOptionsBuilder.EnableSensitiveDataLogging' to see key values.
2026-07-03 17:18:11.535 +03:00 [DBG] DetectChanges starting for 'ApplicationDbContext'.
2026-07-03 17:18:11.537 +03:00 [DBG] DetectChanges completed for 'ApplicationDbContext'.
2026-07-03 17:18:11.539 +03:00 [DBG] SaveChanges starting for 'ApplicationDbContext'.
2026-07-03 17:18:11.541 +03:00 [DBG] DetectChanges starting for 'ApplicationDbContext'.
2026-07-03 17:18:11.542 +03:00 [DBG] DetectChanges completed for 'ApplicationDbContext'.
2026-07-03 17:18:11.548 +03:00 [DBG] Executing 6 update commands as a batch.
2026-07-03 17:18:11.552 +03:00 [DBG] Opening connection to database 'SmartHorseDb' on server 'localhost\SQLEXPRESS01'.
2026-07-03 17:18:11.554 +03:00 [DBG] Opened connection to database 'SmartHorseDb' on server 'localhost\SQLEXPRESS01'.
2026-07-03 17:18:11.555 +03:00 [DBG] Creating DbCommand for 'ExecuteReader'.
2026-07-03 17:18:11.558 +03:00 [DBG] Created DbCommand for 'ExecuteReader' (2ms).
2026-07-03 17:18:11.560 +03:00 [DBG] Initialized DbCommand for 'ExecuteReader' (4ms).
2026-07-03 17:18:11.562 +03:00 [DBG] Executing DbCommand [Parameters=[@p0='?' (DbType = Int32), @p1='?' (DbType = Int32), @p2='?' (DbType = Int32), @p3='?' (DbType = Int32), @p4='?' (DbType = Int32), @p5='?' (DbType = Int32), @p6='?' (DbType = Int32), @p7='?' (DbType = Int32), @p8='?' (DbType = Int32), @p9='?' (DbType = Int32), @p10='?' (DbType = Int32), @p11='?' (DbType = Int32)], CommandType='"Text"', CommandTimeout='30']
SET IMPLICIT_TRANSACTIONS OFF;
SET NOCOUNT ON;
INSERT INTO [RolePermissions] ([PermissionId], [RoleId])
VALUES (@p0, @p1),
(@p2, @p3),
(@p4, @p5),
(@p6, @p7),
(@p8, @p9),
(@p10, @p11);
2026-07-03 17:18:11.581 +03:00 [INF] Executed DbCommand (19ms) [Parameters=[@p0='?' (DbType = Int32), @p1='?' (DbType = Int32), @p2='?' (DbType = Int32), @p3='?' (DbType = Int32), @p4='?' (DbType = Int32), @p5='?' (DbType = Int32), @p6='?' (DbType = Int32), @p7='?' (DbType = Int32), @p8='?' (DbType = Int32), @p9='?' (DbType = Int32), @p10='?' (DbType = Int32), @p11='?' (DbType = Int32)], CommandType='"Text"', CommandTimeout='30']
SET IMPLICIT_TRANSACTIONS OFF;
SET NOCOUNT ON;
INSERT INTO [RolePermissions] ([PermissionId], [RoleId])
VALUES (@p0, @p1),
(@p2, @p3),
(@p4, @p5),
(@p6, @p7),
(@p8, @p9),
(@p10, @p11);
2026-07-03 17:18:11.587 +03:00 [DBG] Closing data reader to 'SmartHorseDb' on server 'localhost\SQLEXPRESS01'.
2026-07-03 17:18:11.591 +03:00 [DBG] A data reader for 'SmartHorseDb' on server 'localhost\SQLEXPRESS01' is being disposed after spending 4ms reading results.
2026-07-03 17:18:11.595 +03:00 [DBG] Closing connection to database 'SmartHorseDb' on server 'localhost\SQLEXPRESS01'.
2026-07-03 17:18:11.598 +03:00 [DBG] Closed connection to database 'SmartHorseDb' on server 'localhost\SQLEXPRESS01' (3ms).
2026-07-03 17:18:11.603 +03:00 [DBG] An entity of type 'RolePermission' tracked by 'ApplicationDbContext' changed state from '"Added"' to '"Unchanged"'. Consider using 'DbContextOptionsBuilder.EnableSensitiveDataLogging' to see key values.
2026-07-03 17:18:11.608 +03:00 [DBG] An entity of type 'RolePermission' tracked by 'ApplicationDbContext' changed state from '"Added"' to '"Unchanged"'. Consider using 'DbContextOptionsBuilder.EnableSensitiveDataLogging' to see key values.
2026-07-03 17:18:11.614 +03:00 [DBG] An entity of type 'RolePermission' tracked by 'ApplicationDbContext' changed state from '"Added"' to '"Unchanged"'. Consider using 'DbContextOptionsBuilder.EnableSensitiveDataLogging' to see key values.
2026-07-03 17:18:11.619 +03:00 [DBG] An entity of type 'RolePermission' tracked by 'ApplicationDbContext' changed state from '"Added"' to '"Unchanged"'. Consider using 'DbContextOptionsBuilder.EnableSensitiveDataLogging' to see key values.
2026-07-03 17:18:11.624 +03:00 [DBG] An entity of type 'RolePermission' tracked by 'ApplicationDbContext' changed state from '"Added"' to '"Unchanged"'. Consider using 'DbContextOptionsBuilder.EnableSensitiveDataLogging' to see key values.
2026-07-03 17:18:11.629 +03:00 [DBG] An entity of type 'RolePermission' tracked by 'ApplicationDbContext' changed state from '"Added"' to '"Unchanged"'. Consider using 'DbContextOptionsBuilder.EnableSensitiveDataLogging' to see key values.
2026-07-03 17:18:11.634 +03:00 [DBG] SaveChanges completed for 'ApplicationDbContext' with 6 entities written to the database.
2026-07-03 17:18:11.640 +03:00 [WRN] Seed:AdminEmail / Seed:AdminPassword not configured — skipping Administrator seed. Set these via environment variables or user secrets before first run.
2026-07-03 17:18:11.644 +03:00 [DBG] DetectChanges starting for 'ApplicationDbContext'.
2026-07-03 17:18:11.647 +03:00 [DBG] DetectChanges completed for 'ApplicationDbContext'.
2026-07-03 17:18:11.649 +03:00 [DBG] SaveChanges starting for 'ApplicationDbContext'.
2026-07-03 17:18:11.652 +03:00 [DBG] DetectChanges starting for 'ApplicationDbContext'.
2026-07-03 17:18:11.655 +03:00 [DBG] DetectChanges completed for 'ApplicationDbContext'.
2026-07-03 17:18:11.659 +03:00 [DBG] SaveChanges completed for 'ApplicationDbContext' with 0 entities written to the database.
2026-07-03 17:18:11.665 +03:00 [DBG] 'ApplicationDbContext' disposed.
2026-07-03 17:18:11.671 +03:00 [DBG] Disposing connection to database 'SmartHorseDb' on server 'localhost\SQLEXPRESS01'.
2026-07-03 17:18:11.677 +03:00 [DBG] Disposed connection to database '' on server '' (5ms).
2026-07-03 17:18:11.807 +03:00 [DBG] Registered model binder providers, in the following order: ["Asp.Versioning.ApiVersionModelBinderProvider","Microsoft.AspNetCore.Mvc.ModelBinding.Binders.BinderTypeModelBinderProvider","Microsoft.AspNetCore.Mvc.ModelBinding.Binders.ServicesModelBinderProvider","Microsoft.AspNetCore.Mvc.ModelBinding.Binders.BodyModelBinderProvider","Microsoft.AspNetCore.Mvc.ModelBinding.Binders.HeaderModelBinderProvider","Microsoft.AspNetCore.Mvc.ModelBinding.Binders.FloatingPointTypeModelBinderProvider","Microsoft.AspNetCore.Mvc.ModelBinding.Binders.EnumTypeModelBinderProvider","Microsoft.AspNetCore.Mvc.ModelBinding.Binders.DateTimeModelBinderProvider","Microsoft.AspNetCore.Mvc.ModelBinding.Binders.SimpleTypeModelBinderProvider","Microsoft.AspNetCore.Mvc.ModelBinding.Binders.TryParseModelBinderProvider","Microsoft.AspNetCore.Mvc.ModelBinding.Binders.CancellationTokenModelBinderProvider","Microsoft.AspNetCore.Mvc.ModelBinding.Binders.ByteArrayModelBinderProvider","Microsoft.AspNetCore.Mvc.ModelBinding.Binders.FormFileModelBinderProvider","Microsoft.AspNetCore.Mvc.ModelBinding.Binders.FormCollectionModelBinderProvider","Microsoft.AspNetCore.Mvc.ModelBinding.Binders.KeyValuePairModelBinderProvider","Microsoft.AspNetCore.Mvc.ModelBinding.Binders.DictionaryModelBinderProvider","Microsoft.AspNetCore.Mvc.ModelBinding.Binders.ArrayModelBinderProvider","Microsoft.AspNetCore.Mvc.ModelBinding.Binders.CollectionModelBinderProvider","Microsoft.AspNetCore.Mvc.ModelBinding.Binders.ComplexObjectModelBinderProvider"]
2026-07-03 17:18:11.961 +03:00 [DBG] Hosting starting
2026-07-03 17:18:11.983 +03:00 [INF] User profile is available. Using 'C:\Users\hp\AppData\Local\ASP.NET\DataProtection-Keys' as key repository and Windows DPAPI to encrypt keys at rest.
2026-07-03 17:18:11.992 +03:00 [ERR] Hosting failed to start
Microsoft.Extensions.Options.OptionsValidationException: Jwt:PrivateKeyPem is required (RS256 private key, PEM format). See README for generation instructions.; Jwt:PublicKeyPem is required (RS256 public key, PEM format).
   at Microsoft.Extensions.Options.OptionsFactory`1.Create(String name)
   at System.Lazy`1.ViaFactory(LazyThreadSafetyMode mode)
   at System.Lazy`1.ExecutionAndPublication(LazyHelper executionAndPublication, Boolean useDefaultConstructor)
   at System.Lazy`1.CreateValue()
   at Microsoft.Extensions.Options.OptionsCache`1.GetOrAdd[TArg](String name, Func`3 createOptions, TArg factoryArgument)
   at Microsoft.Extensions.Options.OptionsMonitor`1.Get(String name)
   at Microsoft.Extensions.DependencyInjection.OptionsBuilderExtensions.<>c__DisplayClass0_1`1.<ValidateOnStart>b__1()
   at Microsoft.Extensions.Options.StartupValidator.Validate()
--- End of stack trace from previous location ---
   at Microsoft.Extensions.Options.StartupValidator.Validate()
   at Microsoft.Extensions.Hosting.Internal.Host.StartAsync(CancellationToken cancellationToken)
2026-07-03 17:18:12.007 +03:00 [FTL] SmartHorse API terminated unexpectedly during startup.
Microsoft.Extensions.Options.OptionsValidationException: Jwt:PrivateKeyPem is required (RS256 private key, PEM format). See README for generation instructions.; Jwt:PublicKeyPem is required (RS256 public key, PEM format).
   at Microsoft.Extensions.Options.OptionsFactory`1.Create(String name)
   at System.Lazy`1.ViaFactory(LazyThreadSafetyMode mode)
   at System.Lazy`1.ExecutionAndPublication(LazyHelper executionAndPublication, Boolean useDefaultConstructor)
   at System.Lazy`1.CreateValue()
   at Microsoft.Extensions.Options.OptionsCache`1.GetOrAdd[TArg](String name, Func`3 createOptions, TArg factoryArgument)
   at Microsoft.Extensions.Options.OptionsMonitor`1.Get(String name)
   at Microsoft.Extensions.DependencyInjection.OptionsBuilderExtensions.<>c__DisplayClass0_1`1.<ValidateOnStart>b__1()
   at Microsoft.Extensions.Options.StartupValidator.Validate()
--- End of stack trace from previous location ---
   at Microsoft.Extensions.Options.StartupValidator.Validate()
   at Microsoft.Extensions.Hosting.Internal.Host.StartAsync(CancellationToken cancellationToken)
   at Microsoft.Extensions.Hosting.Internal.Host.StartAsync(CancellationToken cancellationToken)
   at Microsoft.Extensions.Hosting.HostingAbstractionsHostExtensions.RunAsync(IHost host, CancellationToken token)
   at Microsoft.Extensions.Hosting.HostingAbstractionsHostExtensions.RunAsync(IHost host, CancellationToken token)
   at Microsoft.Extensions.Hosting.HostingAbstractionsHostExtensions.Run(IHost host)
   at Program.<Main>$(String[] args) in D:\Graduation Project\SmartHorse.Backend\src\SmartHorse.API\Program.cs:line 163
2026-07-03 17:32:07.824 +03:00 [DBG] An 'IServiceProvider' was created for internal use by Entity Framework.
2026-07-03 17:32:08.254 +03:00 [DBG] The index {'UserId'} was not created on entity type 'AuditLog' as the properties are already covered by the index {'UserId', 'CreatedAtUtc'}.
2026-07-03 17:32:08.257 +03:00 [DBG] The index {'RoleId'} was not created on entity type 'RolePermission' as the properties are already covered by the index {'RoleId', 'PermissionId'}.
2026-07-03 17:32:08.259 +03:00 [DBG] The index {'UserId'} was not created on entity type 'UserPermissionOverride' as the properties are already covered by the index {'UserId', 'PermissionId'}.
2026-07-03 17:32:08.261 +03:00 [DBG] The index {'UserId'} was not created on entity type 'UserRole' as the properties are already covered by the index {'UserId', 'RoleId'}.
2026-07-03 17:32:08.492 +03:00 [DBG] Entity Framework Core 8.0.8 initialized 'ApplicationDbContext' using provider 'Microsoft.EntityFrameworkCore.SqlServer:8.0.8' with options: MigrationsAssembly=SmartHorse.Infrastructure, Version=1.0.0.0, Culture=neutral, PublicKeyToken=null 
2026-07-03 17:32:08.502 +03:00 [DBG] Creating DbConnection.
2026-07-03 17:32:08.537 +03:00 [DBG] Created DbConnection. (32ms).
2026-07-03 17:32:08.544 +03:00 [DBG] Migrating using database 'SmartHorseDb' on server 'localhost\SQLEXPRESS01'.
2026-07-03 17:32:08.556 +03:00 [DBG] Opening connection to database 'SmartHorseDb' on server 'localhost\SQLEXPRESS01'.
2026-07-03 17:32:08.928 +03:00 [DBG] Opened connection to database 'SmartHorseDb' on server 'localhost\SQLEXPRESS01'.
2026-07-03 17:32:08.940 +03:00 [DBG] Creating DbCommand for 'ExecuteNonQuery'.
2026-07-03 17:32:08.948 +03:00 [DBG] Created DbCommand for 'ExecuteNonQuery' (7ms).
2026-07-03 17:32:08.951 +03:00 [DBG] Initialized DbCommand for 'ExecuteNonQuery' (14ms).
2026-07-03 17:32:08.959 +03:00 [DBG] Executing DbCommand [Parameters=[], CommandType='"Text"', CommandTimeout='30']
SELECT 1
2026-07-03 17:32:08.994 +03:00 [INF] Executed DbCommand (34ms) [Parameters=[], CommandType='"Text"', CommandTimeout='30']
SELECT 1
2026-07-03 17:32:09.000 +03:00 [DBG] Closing connection to database 'SmartHorseDb' on server 'localhost\SQLEXPRESS01'.
2026-07-03 17:32:09.010 +03:00 [DBG] Closed connection to database 'SmartHorseDb' on server 'localhost\SQLEXPRESS01' (6ms).
2026-07-03 17:32:09.017 +03:00 [DBG] Creating DbCommand for 'ExecuteScalar'.
2026-07-03 17:32:09.018 +03:00 [DBG] Created DbCommand for 'ExecuteScalar' (1ms).
2026-07-03 17:32:09.020 +03:00 [DBG] Initialized DbCommand for 'ExecuteScalar' (3ms).
2026-07-03 17:32:09.022 +03:00 [DBG] Opening connection to database 'SmartHorseDb' on server 'localhost\SQLEXPRESS01'.
2026-07-03 17:32:09.025 +03:00 [DBG] Opened connection to database 'SmartHorseDb' on server 'localhost\SQLEXPRESS01'.
2026-07-03 17:32:09.027 +03:00 [DBG] Executing DbCommand [Parameters=[], CommandType='"Text"', CommandTimeout='30']
SELECT OBJECT_ID(N'[__EFMigrationsHistory]');
2026-07-03 17:32:09.066 +03:00 [INF] Executed DbCommand (39ms) [Parameters=[], CommandType='"Text"', CommandTimeout='30']
SELECT OBJECT_ID(N'[__EFMigrationsHistory]');
2026-07-03 17:32:09.069 +03:00 [DBG] Closing connection to database 'SmartHorseDb' on server 'localhost\SQLEXPRESS01'.
2026-07-03 17:32:09.071 +03:00 [DBG] Closed connection to database 'SmartHorseDb' on server 'localhost\SQLEXPRESS01' (1ms).
2026-07-03 17:32:09.076 +03:00 [DBG] Opening connection to database 'SmartHorseDb' on server 'localhost\SQLEXPRESS01'.
2026-07-03 17:32:09.078 +03:00 [DBG] Opened connection to database 'SmartHorseDb' on server 'localhost\SQLEXPRESS01'.
2026-07-03 17:32:09.080 +03:00 [DBG] Creating DbCommand for 'ExecuteNonQuery'.
2026-07-03 17:32:09.082 +03:00 [DBG] Created DbCommand for 'ExecuteNonQuery' (1ms).
2026-07-03 17:32:09.084 +03:00 [DBG] Initialized DbCommand for 'ExecuteNonQuery' (3ms).
2026-07-03 17:32:09.086 +03:00 [DBG] Executing DbCommand [Parameters=[], CommandType='"Text"', CommandTimeout='30']
SELECT 1
2026-07-03 17:32:09.091 +03:00 [INF] Executed DbCommand (5ms) [Parameters=[], CommandType='"Text"', CommandTimeout='30']
SELECT 1
2026-07-03 17:32:09.095 +03:00 [DBG] Closing connection to database 'SmartHorseDb' on server 'localhost\SQLEXPRESS01'.
2026-07-03 17:32:09.097 +03:00 [DBG] Closed connection to database 'SmartHorseDb' on server 'localhost\SQLEXPRESS01' (2ms).
2026-07-03 17:32:09.100 +03:00 [DBG] Creating DbCommand for 'ExecuteScalar'.
2026-07-03 17:32:09.101 +03:00 [DBG] Created DbCommand for 'ExecuteScalar' (1ms).
2026-07-03 17:32:09.103 +03:00 [DBG] Initialized DbCommand for 'ExecuteScalar' (3ms).
2026-07-03 17:32:09.106 +03:00 [DBG] Opening connection to database 'SmartHorseDb' on server 'localhost\SQLEXPRESS01'.
2026-07-03 17:32:09.109 +03:00 [DBG] Opened connection to database 'SmartHorseDb' on server 'localhost\SQLEXPRESS01'.
2026-07-03 17:32:09.111 +03:00 [DBG] Executing DbCommand [Parameters=[], CommandType='"Text"', CommandTimeout='30']
SELECT OBJECT_ID(N'[__EFMigrationsHistory]');
2026-07-03 17:32:09.115 +03:00 [INF] Executed DbCommand (4ms) [Parameters=[], CommandType='"Text"', CommandTimeout='30']
SELECT OBJECT_ID(N'[__EFMigrationsHistory]');
2026-07-03 17:32:09.118 +03:00 [DBG] Closing connection to database 'SmartHorseDb' on server 'localhost\SQLEXPRESS01'.
2026-07-03 17:32:09.120 +03:00 [DBG] Closed connection to database 'SmartHorseDb' on server 'localhost\SQLEXPRESS01' (2ms).
2026-07-03 17:32:09.135 +03:00 [DBG] Opening connection to database 'SmartHorseDb' on server 'localhost\SQLEXPRESS01'.
2026-07-03 17:32:09.138 +03:00 [DBG] Opened connection to database 'SmartHorseDb' on server 'localhost\SQLEXPRESS01'.
2026-07-03 17:32:09.140 +03:00 [DBG] Creating DbCommand for 'ExecuteReader'.
2026-07-03 17:32:09.142 +03:00 [DBG] Created DbCommand for 'ExecuteReader' (1ms).
2026-07-03 17:32:09.144 +03:00 [DBG] Initialized DbCommand for 'ExecuteReader' (3ms).
2026-07-03 17:32:09.146 +03:00 [DBG] Executing DbCommand [Parameters=[], CommandType='"Text"', CommandTimeout='30']
SELECT [MigrationId], [ProductVersion]
FROM [__EFMigrationsHistory]
ORDER BY [MigrationId];
2026-07-03 17:32:09.171 +03:00 [INF] Executed DbCommand (25ms) [Parameters=[], CommandType='"Text"', CommandTimeout='30']
SELECT [MigrationId], [ProductVersion]
FROM [__EFMigrationsHistory]
ORDER BY [MigrationId];
2026-07-03 17:32:09.184 +03:00 [DBG] Closing data reader to 'SmartHorseDb' on server 'localhost\SQLEXPRESS01'.
2026-07-03 17:32:09.187 +03:00 [DBG] A data reader for 'SmartHorseDb' on server 'localhost\SQLEXPRESS01' is being disposed after spending 11ms reading results.
2026-07-03 17:32:09.190 +03:00 [DBG] Closing connection to database 'SmartHorseDb' on server 'localhost\SQLEXPRESS01'.
2026-07-03 17:32:09.192 +03:00 [DBG] Closed connection to database 'SmartHorseDb' on server 'localhost\SQLEXPRESS01' (1ms).
2026-07-03 17:32:09.203 +03:00 [INF] No migrations were applied. The database is already up to date.
2026-07-03 17:32:09.232 +03:00 [DBG] Compiling query expression: 
'DbSet<Role>()'
2026-07-03 17:32:09.367 +03:00 [DBG] Generated query execution expression: 
'queryContext => new SingleQueryingEnumerable<Role>(
    (RelationalQueryContext)queryContext, 
    RelationalCommandCache.QueryExpression(
        Projection Mapping:
            EmptyProjectionMember -> Dictionary<IProperty, int> { [Property: Role.Id (int) Required PK AfterSave:Throw ValueGenerated.OnAdd, 0], [Property: Role.Name (string) Required Index MaxLength(50), 1] }
        SELECT r.Id, r.Name
        FROM Roles AS r), 
    null, 
    Func<QueryContext, DbDataReader, ResultContext, SingleQueryResultCoordinator, Role>, 
    SmartHorse.Infrastructure.Persistence.ApplicationDbContext, 
    False, 
    False, 
    True
)'
2026-07-03 17:32:09.394 +03:00 [DBG] Opening connection to database 'SmartHorseDb' on server 'localhost\SQLEXPRESS01'.
2026-07-03 17:32:09.396 +03:00 [DBG] Opened connection to database 'SmartHorseDb' on server 'localhost\SQLEXPRESS01'.
2026-07-03 17:32:09.398 +03:00 [DBG] Creating DbCommand for 'ExecuteReader'.
2026-07-03 17:32:09.399 +03:00 [DBG] Created DbCommand for 'ExecuteReader' (1ms).
2026-07-03 17:32:09.401 +03:00 [DBG] Initialized DbCommand for 'ExecuteReader' (3ms).
2026-07-03 17:32:09.403 +03:00 [DBG] Executing DbCommand [Parameters=[], CommandType='"Text"', CommandTimeout='30']
SELECT [r].[Id], [r].[Name]
FROM [Roles] AS [r]
2026-07-03 17:32:09.411 +03:00 [INF] Executed DbCommand (8ms) [Parameters=[], CommandType='"Text"', CommandTimeout='30']
SELECT [r].[Id], [r].[Name]
FROM [Roles] AS [r]
2026-07-03 17:32:09.447 +03:00 [DBG] Context 'ApplicationDbContext' started tracking 'Role' entity. Consider using 'DbContextOptionsBuilder.EnableSensitiveDataLogging' to see key values.
2026-07-03 17:32:09.462 +03:00 [DBG] Context 'ApplicationDbContext' started tracking 'Role' entity. Consider using 'DbContextOptionsBuilder.EnableSensitiveDataLogging' to see key values.
2026-07-03 17:32:09.464 +03:00 [DBG] Context 'ApplicationDbContext' started tracking 'Role' entity. Consider using 'DbContextOptionsBuilder.EnableSensitiveDataLogging' to see key values.
2026-07-03 17:32:09.465 +03:00 [DBG] Context 'ApplicationDbContext' started tracking 'Role' entity. Consider using 'DbContextOptionsBuilder.EnableSensitiveDataLogging' to see key values.
2026-07-03 17:32:09.467 +03:00 [DBG] Context 'ApplicationDbContext' started tracking 'Role' entity. Consider using 'DbContextOptionsBuilder.EnableSensitiveDataLogging' to see key values.
2026-07-03 17:32:09.469 +03:00 [DBG] Context 'ApplicationDbContext' started tracking 'Role' entity. Consider using 'DbContextOptionsBuilder.EnableSensitiveDataLogging' to see key values.
2026-07-03 17:32:09.471 +03:00 [DBG] Closing data reader to 'SmartHorseDb' on server 'localhost\SQLEXPRESS01'.
2026-07-03 17:32:09.473 +03:00 [DBG] A data reader for 'SmartHorseDb' on server 'localhost\SQLEXPRESS01' is being disposed after spending 57ms reading results.
2026-07-03 17:32:09.475 +03:00 [DBG] Closing connection to database 'SmartHorseDb' on server 'localhost\SQLEXPRESS01'.
2026-07-03 17:32:09.476 +03:00 [DBG] Closed connection to database 'SmartHorseDb' on server 'localhost\SQLEXPRESS01' (1ms).
2026-07-03 17:32:09.482 +03:00 [DBG] DetectChanges starting for 'ApplicationDbContext'.
2026-07-03 17:32:09.498 +03:00 [DBG] DetectChanges completed for 'ApplicationDbContext'.
2026-07-03 17:32:09.502 +03:00 [DBG] SaveChanges starting for 'ApplicationDbContext'.
2026-07-03 17:32:09.504 +03:00 [DBG] DetectChanges starting for 'ApplicationDbContext'.
2026-07-03 17:32:09.506 +03:00 [DBG] DetectChanges completed for 'ApplicationDbContext'.
2026-07-03 17:32:09.512 +03:00 [DBG] SaveChanges completed for 'ApplicationDbContext' with 0 entities written to the database.
2026-07-03 17:32:09.516 +03:00 [DBG] Compiling query expression: 
'DbSet<Permission>()'
2026-07-03 17:32:09.522 +03:00 [DBG] Generated query execution expression: 
'queryContext => new SingleQueryingEnumerable<Permission>(
    (RelationalQueryContext)queryContext, 
    RelationalCommandCache.QueryExpression(
        Projection Mapping:
            EmptyProjectionMember -> Dictionary<IProperty, int> { [Property: Permission.Id (int) Required PK AfterSave:Throw ValueGenerated.OnAdd, 0], [Property: Permission.Description (string) Required MaxLength(500), 1], [Property: Permission.Key (string) Required Index MaxLength(100), 2] }
        SELECT p.Id, p.Description, p.Key
        FROM Permissions AS p), 
    null, 
    Func<QueryContext, DbDataReader, ResultContext, SingleQueryResultCoordinator, Permission>, 
    SmartHorse.Infrastructure.Persistence.ApplicationDbContext, 
    False, 
    False, 
    True
)'
2026-07-03 17:32:09.525 +03:00 [DBG] Opening connection to database 'SmartHorseDb' on server 'localhost\SQLEXPRESS01'.
2026-07-03 17:32:09.527 +03:00 [DBG] Opened connection to database 'SmartHorseDb' on server 'localhost\SQLEXPRESS01'.
2026-07-03 17:32:09.529 +03:00 [DBG] Creating DbCommand for 'ExecuteReader'.
2026-07-03 17:32:09.530 +03:00 [DBG] Created DbCommand for 'ExecuteReader' (1ms).
2026-07-03 17:32:09.532 +03:00 [DBG] Initialized DbCommand for 'ExecuteReader' (3ms).
2026-07-03 17:32:09.534 +03:00 [DBG] Executing DbCommand [Parameters=[], CommandType='"Text"', CommandTimeout='30']
SELECT [p].[Id], [p].[Description], [p].[Key]
FROM [Permissions] AS [p]
2026-07-03 17:32:09.552 +03:00 [INF] Executed DbCommand (18ms) [Parameters=[], CommandType='"Text"', CommandTimeout='30']
SELECT [p].[Id], [p].[Description], [p].[Key]
FROM [Permissions] AS [p]
2026-07-03 17:32:09.561 +03:00 [DBG] Context 'ApplicationDbContext' started tracking 'Permission' entity. Consider using 'DbContextOptionsBuilder.EnableSensitiveDataLogging' to see key values.
2026-07-03 17:32:09.568 +03:00 [DBG] Context 'ApplicationDbContext' started tracking 'Permission' entity. Consider using 'DbContextOptionsBuilder.EnableSensitiveDataLogging' to see key values.
2026-07-03 17:32:09.570 +03:00 [DBG] Context 'ApplicationDbContext' started tracking 'Permission' entity. Consider using 'DbContextOptionsBuilder.EnableSensitiveDataLogging' to see key values.
2026-07-03 17:32:09.572 +03:00 [DBG] Context 'ApplicationDbContext' started tracking 'Permission' entity. Consider using 'DbContextOptionsBuilder.EnableSensitiveDataLogging' to see key values.
2026-07-03 17:32:09.575 +03:00 [DBG] Context 'ApplicationDbContext' started tracking 'Permission' entity. Consider using 'DbContextOptionsBuilder.EnableSensitiveDataLogging' to see key values.
2026-07-03 17:32:09.577 +03:00 [DBG] Context 'ApplicationDbContext' started tracking 'Permission' entity. Consider using 'DbContextOptionsBuilder.EnableSensitiveDataLogging' to see key values.
2026-07-03 17:32:09.579 +03:00 [DBG] Closing data reader to 'SmartHorseDb' on server 'localhost\SQLEXPRESS01'.
2026-07-03 17:32:09.581 +03:00 [DBG] A data reader for 'SmartHorseDb' on server 'localhost\SQLEXPRESS01' is being disposed after spending 25ms reading results.
2026-07-03 17:32:09.583 +03:00 [DBG] Closing connection to database 'SmartHorseDb' on server 'localhost\SQLEXPRESS01'.
2026-07-03 17:32:09.585 +03:00 [DBG] Closed connection to database 'SmartHorseDb' on server 'localhost\SQLEXPRESS01' (2ms).
2026-07-03 17:32:09.587 +03:00 [DBG] DetectChanges starting for 'ApplicationDbContext'.
2026-07-03 17:32:09.595 +03:00 [DBG] DetectChanges completed for 'ApplicationDbContext'.
2026-07-03 17:32:09.597 +03:00 [DBG] SaveChanges starting for 'ApplicationDbContext'.
2026-07-03 17:32:09.598 +03:00 [DBG] DetectChanges starting for 'ApplicationDbContext'.
2026-07-03 17:32:09.600 +03:00 [DBG] DetectChanges completed for 'ApplicationDbContext'.
2026-07-03 17:32:09.601 +03:00 [DBG] SaveChanges completed for 'ApplicationDbContext' with 0 entities written to the database.
2026-07-03 17:32:09.616 +03:00 [DBG] Compiling query expression: 
'DbSet<RolePermission>()
    .Where(rp => rp.RoleId == __adminRole_Id_0)
    .Select(rp => rp.PermissionId)'
2026-07-03 17:32:09.682 +03:00 [DBG] Generated query execution expression: 
'queryContext => new SingleQueryingEnumerable<int>(
    (RelationalQueryContext)queryContext, 
    RelationalCommandCache.QueryExpression(
        Projection Mapping:
            EmptyProjectionMember -> 0
        SELECT r.PermissionId
        FROM RolePermissions AS r
        WHERE r.RoleId == @__adminRole_Id_0), 
    null, 
    Func<QueryContext, DbDataReader, ResultContext, SingleQueryResultCoordinator, int>, 
    SmartHorse.Infrastructure.Persistence.ApplicationDbContext, 
    False, 
    False, 
    True
)'
2026-07-03 17:32:09.693 +03:00 [DBG] Opening connection to database 'SmartHorseDb' on server 'localhost\SQLEXPRESS01'.
2026-07-03 17:32:09.694 +03:00 [DBG] Opened connection to database 'SmartHorseDb' on server 'localhost\SQLEXPRESS01'.
2026-07-03 17:32:09.696 +03:00 [DBG] Creating DbCommand for 'ExecuteReader'.
2026-07-03 17:32:09.697 +03:00 [DBG] Created DbCommand for 'ExecuteReader' (0ms).
2026-07-03 17:32:09.700 +03:00 [DBG] Initialized DbCommand for 'ExecuteReader' (4ms).
2026-07-03 17:32:09.704 +03:00 [DBG] Executing DbCommand [Parameters=[@__adminRole_Id_0='?' (DbType = Int32)], CommandType='"Text"', CommandTimeout='30']
SELECT [r].[PermissionId]
FROM [RolePermissions] AS [r]
WHERE [r].[RoleId] = @__adminRole_Id_0
2026-07-03 17:32:09.725 +03:00 [INF] Executed DbCommand (23ms) [Parameters=[@__adminRole_Id_0='?' (DbType = Int32)], CommandType='"Text"', CommandTimeout='30']
SELECT [r].[PermissionId]
FROM [RolePermissions] AS [r]
WHERE [r].[RoleId] = @__adminRole_Id_0
2026-07-03 17:32:09.729 +03:00 [DBG] Closing data reader to 'SmartHorseDb' on server 'localhost\SQLEXPRESS01'.
2026-07-03 17:32:09.731 +03:00 [DBG] A data reader for 'SmartHorseDb' on server 'localhost\SQLEXPRESS01' is being disposed after spending 3ms reading results.
2026-07-03 17:32:09.733 +03:00 [DBG] Closing connection to database 'SmartHorseDb' on server 'localhost\SQLEXPRESS01'.
2026-07-03 17:32:09.734 +03:00 [DBG] Closed connection to database 'SmartHorseDb' on server 'localhost\SQLEXPRESS01' (1ms).
2026-07-03 17:32:09.736 +03:00 [DBG] DetectChanges starting for 'ApplicationDbContext'.
2026-07-03 17:32:09.738 +03:00 [DBG] DetectChanges completed for 'ApplicationDbContext'.
2026-07-03 17:32:09.740 +03:00 [DBG] SaveChanges starting for 'ApplicationDbContext'.
2026-07-03 17:32:09.741 +03:00 [DBG] DetectChanges starting for 'ApplicationDbContext'.
2026-07-03 17:32:09.743 +03:00 [DBG] DetectChanges completed for 'ApplicationDbContext'.
2026-07-03 17:32:09.744 +03:00 [DBG] SaveChanges completed for 'ApplicationDbContext' with 0 entities written to the database.
2026-07-03 17:32:09.748 +03:00 [WRN] Seed:AdminEmail / Seed:AdminPassword not configured — skipping Administrator seed. Set these via environment variables or user secrets before first run.
2026-07-03 17:32:09.750 +03:00 [DBG] DetectChanges starting for 'ApplicationDbContext'.
2026-07-03 17:32:09.751 +03:00 [DBG] DetectChanges completed for 'ApplicationDbContext'.
2026-07-03 17:32:09.753 +03:00 [DBG] SaveChanges starting for 'ApplicationDbContext'.
2026-07-03 17:32:09.754 +03:00 [DBG] DetectChanges starting for 'ApplicationDbContext'.
2026-07-03 17:32:09.755 +03:00 [DBG] DetectChanges completed for 'ApplicationDbContext'.
2026-07-03 17:32:09.757 +03:00 [DBG] SaveChanges completed for 'ApplicationDbContext' with 0 entities written to the database.
2026-07-03 17:32:09.759 +03:00 [DBG] 'ApplicationDbContext' disposed.
2026-07-03 17:32:09.762 +03:00 [DBG] Disposing connection to database 'SmartHorseDb' on server 'localhost\SQLEXPRESS01'.
2026-07-03 17:32:09.764 +03:00 [DBG] Disposed connection to database '' on server '' (2ms).
2026-07-03 17:32:09.812 +03:00 [DBG] Registered model binder providers, in the following order: ["Asp.Versioning.ApiVersionModelBinderProvider","Microsoft.AspNetCore.Mvc.ModelBinding.Binders.BinderTypeModelBinderProvider","Microsoft.AspNetCore.Mvc.ModelBinding.Binders.ServicesModelBinderProvider","Microsoft.AspNetCore.Mvc.ModelBinding.Binders.BodyModelBinderProvider","Microsoft.AspNetCore.Mvc.ModelBinding.Binders.HeaderModelBinderProvider","Microsoft.AspNetCore.Mvc.ModelBinding.Binders.FloatingPointTypeModelBinderProvider","Microsoft.AspNetCore.Mvc.ModelBinding.Binders.EnumTypeModelBinderProvider","Microsoft.AspNetCore.Mvc.ModelBinding.Binders.DateTimeModelBinderProvider","Microsoft.AspNetCore.Mvc.ModelBinding.Binders.SimpleTypeModelBinderProvider","Microsoft.AspNetCore.Mvc.ModelBinding.Binders.TryParseModelBinderProvider","Microsoft.AspNetCore.Mvc.ModelBinding.Binders.CancellationTokenModelBinderProvider","Microsoft.AspNetCore.Mvc.ModelBinding.Binders.ByteArrayModelBinderProvider","Microsoft.AspNetCore.Mvc.ModelBinding.Binders.FormFileModelBinderProvider","Microsoft.AspNetCore.Mvc.ModelBinding.Binders.FormCollectionModelBinderProvider","Microsoft.AspNetCore.Mvc.ModelBinding.Binders.KeyValuePairModelBinderProvider","Microsoft.AspNetCore.Mvc.ModelBinding.Binders.DictionaryModelBinderProvider","Microsoft.AspNetCore.Mvc.ModelBinding.Binders.ArrayModelBinderProvider","Microsoft.AspNetCore.Mvc.ModelBinding.Binders.CollectionModelBinderProvider","Microsoft.AspNetCore.Mvc.ModelBinding.Binders.ComplexObjectModelBinderProvider"]
2026-07-03 17:32:09.903 +03:00 [DBG] Hosting starting
2026-07-03 17:32:09.916 +03:00 [INF] User profile is available. Using 'C:\Users\hp\AppData\Local\ASP.NET\DataProtection-Keys' as key repository and Windows DPAPI to encrypt keys at rest.
2026-07-03 17:32:09.940 +03:00 [DBG] Repository contains no viable default key. Caller should generate a key with immediate activation.
2026-07-03 17:32:09.942 +03:00 [DBG] Policy resolution states that a new key should be added to the key ring.
2026-07-03 17:32:09.945 +03:00 [INF] Creating key {a5154c86-3fed-4f46-bc83-c0f5d1c7ea14} with creation date 2026-07-03 14:32:09Z, activation date 2026-07-03 14:32:09Z, and expiration date 2026-10-01 14:32:09Z.
2026-07-03 17:32:09.953 +03:00 [DBG] Descriptor deserializer type for key {a5154c86-3fed-4f46-bc83-c0f5d1c7ea14} is 'Microsoft.AspNetCore.DataProtection.AuthenticatedEncryption.ConfigurationModel.AuthenticatedEncryptorDescriptorDeserializer, Microsoft.AspNetCore.DataProtection, Version=8.0.0.0, Culture=neutral, PublicKeyToken=adb9793829ddae60'.
2026-07-03 17:32:09.959 +03:00 [DBG] No key escrow sink found. Not writing key {a5154c86-3fed-4f46-bc83-c0f5d1c7ea14} to escrow.
2026-07-03 17:32:09.968 +03:00 [DBG] Encrypting to Windows DPAPI for current user account (DESKTOP-UNNTDNG\hp).
2026-07-03 17:32:09.979 +03:00 [INF] Writing data to file 'C:\Users\hp\AppData\Local\ASP.NET\DataProtection-Keys\key-a5154c86-3fed-4f46-bc83-c0f5d1c7ea14.xml'.
2026-07-03 17:32:09.982 +03:00 [DBG] Key cache expiration token triggered by 'CreateNewKey' operation.
2026-07-03 17:32:09.984 +03:00 [DBG] Reading data from file 'C:\Users\hp\AppData\Local\ASP.NET\DataProtection-Keys\key-a5154c86-3fed-4f46-bc83-c0f5d1c7ea14.xml'.
2026-07-03 17:32:09.987 +03:00 [DBG] Found key {a5154c86-3fed-4f46-bc83-c0f5d1c7ea14}.
2026-07-03 17:32:09.991 +03:00 [DBG] Considering key {a5154c86-3fed-4f46-bc83-c0f5d1c7ea14} with expiration date 2026-10-01 14:32:09Z as default key.
2026-07-03 17:32:09.994 +03:00 [DBG] Forwarded activator type request from Microsoft.AspNetCore.DataProtection.XmlEncryption.DpapiXmlDecryptor, Microsoft.AspNetCore.DataProtection, Version=8.0.0.0, Culture=neutral, PublicKeyToken=adb9793829ddae60 to Microsoft.AspNetCore.DataProtection.XmlEncryption.DpapiXmlDecryptor, Microsoft.AspNetCore.DataProtection, Culture=neutral, PublicKeyToken=adb9793829ddae60
2026-07-03 17:32:09.995 +03:00 [DBG] Decrypting secret element using Windows DPAPI.
2026-07-03 17:32:09.997 +03:00 [DBG] Forwarded activator type request from Microsoft.AspNetCore.DataProtection.AuthenticatedEncryption.ConfigurationModel.AuthenticatedEncryptorDescriptorDeserializer, Microsoft.AspNetCore.DataProtection, Version=8.0.0.0, Culture=neutral, PublicKeyToken=adb9793829ddae60 to Microsoft.AspNetCore.DataProtection.AuthenticatedEncryption.ConfigurationModel.AuthenticatedEncryptorDescriptorDeserializer, Microsoft.AspNetCore.DataProtection, Culture=neutral, PublicKeyToken=adb9793829ddae60
2026-07-03 17:32:09.999 +03:00 [DBG] Opening CNG algorithm 'AES' from provider 'null' with chaining mode CBC.
2026-07-03 17:32:10.001 +03:00 [DBG] Opening CNG algorithm 'SHA256' from provider 'null' with HMAC.
2026-07-03 17:32:10.003 +03:00 [DBG] Using key {a5154c86-3fed-4f46-bc83-c0f5d1c7ea14} as the default key.
2026-07-03 17:32:10.005 +03:00 [DBG] Key ring with default key {a5154c86-3fed-4f46-bc83-c0f5d1c7ea14} was loaded during application startup.
2026-07-03 17:32:10.024 +03:00 [WRN] The WebRootPath was not found: D:\Graduation Project\SmartHorse.Backend\src\SmartHorse.API\wwwroot. Static files may be unavailable.
2026-07-03 17:32:10.101 +03:00 [WRN] The ASP.NET Core developer certificate is not trusted. For information about trusting the ASP.NET Core developer certificate, see https://aka.ms/aspnet/https-trust-dev-cert.
2026-07-03 17:32:10.176 +03:00 [INF] Now listening on: https://localhost:7080
2026-07-03 17:32:10.178 +03:00 [INF] Now listening on: http://localhost:5080
2026-07-03 17:32:10.180 +03:00 [DBG] Loaded hosting startup assembly SmartHorse.API
2026-07-03 17:32:10.181 +03:00 [INF] Application started. Press Ctrl+C to shut down.
2026-07-03 17:32:10.183 +03:00 [INF] Hosting environment: Development
2026-07-03 17:32:10.184 +03:00 [INF] Content root path: D:\Graduation Project\SmartHorse.Backend\src\SmartHorse.API
2026-07-03 17:32:10.185 +03:00 [DBG] Hosting started
2026-07-03 17:32:52.036 +03:00 [DBG] Connection id "0HNMP1VRBLHQK" accepted.
2026-07-03 17:32:52.040 +03:00 [DBG] Connection id "0HNMP1VRBLHQK" started.
2026-07-03 17:32:52.049 +03:00 [DBG] Connection id "0HNMP1VRBLHQL" accepted.
2026-07-03 17:32:52.051 +03:00 [DBG] Connection id "0HNMP1VRBLHQL" started.
2026-07-03 17:32:52.100 +03:00 [DBG] Connection id "0HNMP1VRBLHQL" received FIN.
2026-07-03 17:32:52.100 +03:00 [DBG] Connection id "0HNMP1VRBLHQK" received FIN.
2026-07-03 17:32:52.110 +03:00 [DBG] Failed to authenticate HTTPS connection.
System.Security.Authentication.AuthenticationException: Authentication failed, see inner exception.
 ---> System.ComponentModel.Win32Exception (0x80090327): An unknown error occurred while processing the certificate.
   --- End of inner exception stack trace ---
   at System.Net.Security.SslStream.ForceAuthenticationAsync[TIOAdapter](Boolean receiveFirst, Byte[] reAuthenticationData, CancellationToken cancellationToken)
   at Microsoft.AspNetCore.Server.Kestrel.Https.Internal.HttpsConnectionMiddleware.OnConnectionAsync(ConnectionContext context)
2026-07-03 17:32:52.110 +03:00 [DBG] Failed to authenticate HTTPS connection.
System.Security.Authentication.AuthenticationException: Authentication failed, see inner exception.
 ---> System.ComponentModel.Win32Exception (0x80090327): An unknown error occurred while processing the certificate.
   --- End of inner exception stack trace ---
   at System.Net.Security.SslStream.ForceAuthenticationAsync[TIOAdapter](Boolean receiveFirst, Byte[] reAuthenticationData, CancellationToken cancellationToken)
   at Microsoft.AspNetCore.Server.Kestrel.Https.Internal.HttpsConnectionMiddleware.OnConnectionAsync(ConnectionContext context)
2026-07-03 17:32:52.134 +03:00 [DBG] Connection id "0HNMP1VRBLHQL" stopped.
2026-07-03 17:32:52.134 +03:00 [DBG] Connection id "0HNMP1VRBLHQK" stopped.
2026-07-03 17:32:52.137 +03:00 [DBG] Connection id "0HNMP1VRBLHQL" sending FIN because: "The Socket transport's send loop completed gracefully."
2026-07-03 17:32:52.138 +03:00 [DBG] Connection id "0HNMP1VRBLHQK" sending FIN because: "The Socket transport's send loop completed gracefully."
2026-07-03 17:33:12.371 +03:00 [DBG] Connection id "0HNMP1VRBLHQM" accepted.
2026-07-03 17:33:12.374 +03:00 [DBG] Connection id "0HNMP1VRBLHQM" started.
2026-07-03 17:33:12.376 +03:00 [DBG] Connection id "0HNMP1VRBLHQN" accepted.
2026-07-03 17:33:12.379 +03:00 [DBG] Connection id "0HNMP1VRBLHQN" started.
2026-07-03 17:33:12.382 +03:00 [DBG] Connection id "0HNMP1VRBLHQM" received FIN.
2026-07-03 17:33:12.383 +03:00 [DBG] Failed to authenticate HTTPS connection.
System.Security.Authentication.AuthenticationException: Authentication failed, see inner exception.
 ---> System.ComponentModel.Win32Exception (0x80090327): An unknown error occurred while processing the certificate.
   --- End of inner exception stack trace ---
   at System.Net.Security.SslStream.ForceAuthenticationAsync[TIOAdapter](Boolean receiveFirst, Byte[] reAuthenticationData, CancellationToken cancellationToken)
   at Microsoft.AspNetCore.Server.Kestrel.Https.Internal.HttpsConnectionMiddleware.OnConnectionAsync(ConnectionContext context)
2026-07-03 17:33:12.385 +03:00 [DBG] Connection id "0HNMP1VRBLHQN" received FIN.
2026-07-03 17:33:12.386 +03:00 [DBG] Failed to authenticate HTTPS connection.
System.Security.Authentication.AuthenticationException: Authentication failed, see inner exception.
 ---> System.ComponentModel.Win32Exception (0x80090327): An unknown error occurred while processing the certificate.
   --- End of inner exception stack trace ---
   at System.Net.Security.SslStream.ForceAuthenticationAsync[TIOAdapter](Boolean receiveFirst, Byte[] reAuthenticationData, CancellationToken cancellationToken)
   at Microsoft.AspNetCore.Server.Kestrel.Https.Internal.HttpsConnectionMiddleware.OnConnectionAsync(ConnectionContext context)
2026-07-03 17:33:12.389 +03:00 [DBG] Connection id "0HNMP1VRBLHQM" stopped.
2026-07-03 17:33:12.394 +03:00 [DBG] Connection id "0HNMP1VRBLHQN" stopped.
2026-07-03 17:33:12.396 +03:00 [DBG] Connection id "0HNMP1VRBLHQM" sending FIN because: "The Socket transport's send loop completed gracefully."
2026-07-03 17:33:12.398 +03:00 [DBG] Connection id "0HNMP1VRBLHQN" sending FIN because: "The Socket transport's send loop completed gracefully."
2026-07-03 17:33:13.302 +03:00 [DBG] Connection id "0HNMP1VRBLHQO" accepted.
2026-07-03 17:33:13.305 +03:00 [DBG] Connection id "0HNMP1VRBLHQO" started.
2026-07-03 17:33:13.310 +03:00 [DBG] Connection id "0HNMP1VRBLHQO" received FIN.
2026-07-03 17:33:13.311 +03:00 [DBG] Failed to authenticate HTTPS connection.
System.Security.Authentication.AuthenticationException: Authentication failed, see inner exception.
 ---> System.ComponentModel.Win32Exception (0x80090327): An unknown error occurred while processing the certificate.
   --- End of inner exception stack trace ---
   at System.Net.Security.SslStream.ForceAuthenticationAsync[TIOAdapter](Boolean receiveFirst, Byte[] reAuthenticationData, CancellationToken cancellationToken)
   at Microsoft.AspNetCore.Server.Kestrel.Https.Internal.HttpsConnectionMiddleware.OnConnectionAsync(ConnectionContext context)
2026-07-03 17:33:13.313 +03:00 [DBG] Connection id "0HNMP1VRBLHQP" accepted.
2026-07-03 17:33:13.316 +03:00 [DBG] Connection id "0HNMP1VRBLHQO" stopped.
2026-07-03 17:33:13.318 +03:00 [DBG] Connection id "0HNMP1VRBLHQP" started.
2026-07-03 17:33:13.318 +03:00 [DBG] Connection id "0HNMP1VRBLHQQ" accepted.
2026-07-03 17:33:13.320 +03:00 [DBG] Connection id "0HNMP1VRBLHQO" sending FIN because: "The Socket transport's send loop completed gracefully."
2026-07-03 17:33:13.324 +03:00 [DBG] Connection id "0HNMP1VRBLHQQ" started.
2026-07-03 17:33:13.325 +03:00 [DBG] Connection id "0HNMP1VRBLHQP" received FIN.
2026-07-03 17:33:13.326 +03:00 [DBG] Failed to authenticate HTTPS connection.
System.Security.Authentication.AuthenticationException: Authentication failed, see inner exception.
 ---> System.ComponentModel.Win32Exception (0x80090327): An unknown error occurred while processing the certificate.
   --- End of inner exception stack trace ---
   at System.Net.Security.SslStream.ForceAuthenticationAsync[TIOAdapter](Boolean receiveFirst, Byte[] reAuthenticationData, CancellationToken cancellationToken)
   at Microsoft.AspNetCore.Server.Kestrel.Https.Internal.HttpsConnectionMiddleware.OnConnectionAsync(ConnectionContext context)
2026-07-03 17:33:13.332 +03:00 [DBG] Connection id "0HNMP1VRBLHQQ" received FIN.
2026-07-03 17:33:13.332 +03:00 [DBG] Failed to authenticate HTTPS connection.
System.Security.Authentication.AuthenticationException: Authentication failed, see inner exception.
 ---> System.ComponentModel.Win32Exception (0x80090327): An unknown error occurred while processing the certificate.
   --- End of inner exception stack trace ---
   at System.Net.Security.SslStream.ForceAuthenticationAsync[TIOAdapter](Boolean receiveFirst, Byte[] reAuthenticationData, CancellationToken cancellationToken)
   at Microsoft.AspNetCore.Server.Kestrel.Https.Internal.HttpsConnectionMiddleware.OnConnectionAsync(ConnectionContext context)
2026-07-03 17:33:13.334 +03:00 [DBG] Connection id "0HNMP1VRBLHQP" stopped.
2026-07-03 17:33:13.339 +03:00 [DBG] Connection id "0HNMP1VRBLHQQ" stopped.
2026-07-03 17:33:13.340 +03:00 [DBG] Connection id "0HNMP1VRBLHQP" sending FIN because: "The Socket transport's send loop completed gracefully."
2026-07-03 17:33:13.343 +03:00 [DBG] Connection id "0HNMP1VRBLHQQ" sending FIN because: "The Socket transport's send loop completed gracefully."
2026-07-03 17:33:23.981 +03:00 [DBG] Connection id "0HNMP1VRBLHQR" accepted.
2026-07-03 17:33:23.984 +03:00 [DBG] Connection id "0HNMP1VRBLHQR" started.
2026-07-03 17:33:24.045 +03:00 [DBG] Failed to authenticate HTTPS connection.
System.Security.Authentication.AuthenticationException: Authentication failed, see inner exception.
 ---> System.ComponentModel.Win32Exception (0x80090327): An unknown error occurred while processing the certificate.
   --- End of inner exception stack trace ---
   at System.Net.Security.SslStream.ForceAuthenticationAsync[TIOAdapter](Boolean receiveFirst, Byte[] reAuthenticationData, CancellationToken cancellationToken)
   at Microsoft.AspNetCore.Server.Kestrel.Https.Internal.HttpsConnectionMiddleware.OnConnectionAsync(ConnectionContext context)
2026-07-03 17:33:24.047 +03:00 [DBG] Connection id "0HNMP1VRBLHQR" received FIN.
2026-07-03 17:33:24.049 +03:00 [DBG] Connection id "0HNMP1VRBLHQS" accepted.
2026-07-03 17:33:24.049 +03:00 [DBG] Connection id "0HNMP1VRBLHQR" stopped.
2026-07-03 17:33:24.052 +03:00 [DBG] Connection id "0HNMP1VRBLHQS" started.
2026-07-03 17:33:24.052 +03:00 [DBG] Connection id "0HNMP1VRBLHQT" accepted.
2026-07-03 17:33:24.054 +03:00 [DBG] Connection id "0HNMP1VRBLHQR" sending FIN because: "The Socket transport's send loop completed gracefully."
2026-07-03 17:33:24.057 +03:00 [DBG] Connection id "0HNMP1VRBLHQT" started.
2026-07-03 17:33:24.060 +03:00 [DBG] Connection id "0HNMP1VRBLHQS" received FIN.
2026-07-03 17:33:24.060 +03:00 [DBG] Failed to authenticate HTTPS connection.
System.Security.Authentication.AuthenticationException: Authentication failed, see inner exception.
 ---> System.ComponentModel.Win32Exception (0x80090327): An unknown error occurred while processing the certificate.
   --- End of inner exception stack trace ---
   at System.Net.Security.SslStream.ForceAuthenticationAsync[TIOAdapter](Boolean receiveFirst, Byte[] reAuthenticationData, CancellationToken cancellationToken)
   at Microsoft.AspNetCore.Server.Kestrel.Https.Internal.HttpsConnectionMiddleware.OnConnectionAsync(ConnectionContext context)
2026-07-03 17:33:24.068 +03:00 [DBG] Connection id "0HNMP1VRBLHQS" stopped.
2026-07-03 17:33:24.069 +03:00 [DBG] Connection id "0HNMP1VRBLHQT" received FIN.
2026-07-03 17:33:24.070 +03:00 [DBG] Connection id "0HNMP1VRBLHQS" sending FIN because: "The Socket transport's send loop completed gracefully."
2026-07-03 17:33:24.070 +03:00 [DBG] Failed to authenticate HTTPS connection.
System.Security.Authentication.AuthenticationException: Authentication failed, see inner exception.
 ---> System.ComponentModel.Win32Exception (0x80090327): An unknown error occurred while processing the certificate.
   --- End of inner exception stack trace ---
   at System.Net.Security.SslStream.ForceAuthenticationAsync[TIOAdapter](Boolean receiveFirst, Byte[] reAuthenticationData, CancellationToken cancellationToken)
   at Microsoft.AspNetCore.Server.Kestrel.Https.Internal.HttpsConnectionMiddleware.OnConnectionAsync(ConnectionContext context)
2026-07-03 17:33:24.183 +03:00 [DBG] Connection id "0HNMP1VRBLHQT" stopped.
2026-07-03 17:33:24.299 +03:00 [DBG] Connection id "0HNMP1VRBLHQT" sending FIN because: "The Socket transport's send loop completed gracefully."
2026-07-03 17:34:08.907 +03:00 [DBG] Connection id "0HNMP1VRBLHQU" accepted.
2026-07-03 17:34:08.909 +03:00 [DBG] Connection id "0HNMP1VRBLHQU" started.
2026-07-03 17:34:08.968 +03:00 [DBG] Connection id "0HNMP1VRBLHQV" accepted.
2026-07-03 17:34:08.970 +03:00 [DBG] Connection id "0HNMP1VRBLHQV" started.
2026-07-03 17:34:08.990 +03:00 [INF] Request starting HTTP/1.1 GET http://localhost:5080/ - null null
2026-07-03 17:34:08.999 +03:00 [DBG] Wildcard detected, all requests with hosts will be allowed.
2026-07-03 17:34:09.110 +03:00 [DBG] No candidates found for the request path '/'
2026-07-03 17:34:09.114 +03:00 [DBG] Request did not match any endpoints
2026-07-03 17:34:09.207 +03:00 [DBG] The request path  does not match the path filter
2026-07-03 17:34:09.214 +03:00 [DBG] Https port '7080' discovered from server endpoints.
2026-07-03 17:34:09.223 +03:00 [DBG] Redirecting to 'https://localhost:7080/'.
2026-07-03 17:34:09.231 +03:00 [INF] HTTP GET / responded 307 in 99.1991 ms
2026-07-03 17:34:09.249 +03:00 [DBG] Connection id "0HNMP1VRBLHQU" completed keep alive response.
2026-07-03 17:34:09.255 +03:00 [INF] Request finished HTTP/1.1 GET http://localhost:5080/ - 307 0 null 270.4693ms
2026-07-03 17:34:09.260 +03:00 [DBG] Connection id "0HNMP1VRBLHR0" accepted.
2026-07-03 17:34:09.269 +03:00 [DBG] Connection id "0HNMP1VRBLHR0" started.
2026-07-03 17:34:09.278 +03:00 [DBG] Connection id "0HNMP1VRBLHR0" received FIN.
2026-07-03 17:34:09.279 +03:00 [DBG] Failed to authenticate HTTPS connection.
System.Security.Authentication.AuthenticationException: Authentication failed, see inner exception.
 ---> System.ComponentModel.Win32Exception (0x80090327): An unknown error occurred while processing the certificate.
   --- End of inner exception stack trace ---
   at System.Net.Security.SslStream.ForceAuthenticationAsync[TIOAdapter](Boolean receiveFirst, Byte[] reAuthenticationData, CancellationToken cancellationToken)
   at Microsoft.AspNetCore.Server.Kestrel.Https.Internal.HttpsConnectionMiddleware.OnConnectionAsync(ConnectionContext context)
2026-07-03 17:34:09.287 +03:00 [DBG] Connection id "0HNMP1VRBLHR0" stopped.
2026-07-03 17:34:09.291 +03:00 [DBG] Connection id "0HNMP1VRBLHR0" sending FIN because: "The Socket transport's send loop completed gracefully."
2026-07-03 17:34:19.548 +03:00 [DBG] Connection id "0HNMP1VRBLHR1" accepted.
2026-07-03 17:34:19.555 +03:00 [DBG] Connection id "0HNMP1VRBLHR1" started.
2026-07-03 17:34:19.570 +03:00 [DBG] Connection id "0HNMP1VRBLHR1" received FIN.
2026-07-03 17:34:19.571 +03:00 [DBG] Failed to authenticate HTTPS connection.
System.Security.Authentication.AuthenticationException: Authentication failed, see inner exception.
 ---> System.ComponentModel.Win32Exception (0x80090327): An unknown error occurred while processing the certificate.
   --- End of inner exception stack trace ---
   at System.Net.Security.SslStream.ForceAuthenticationAsync[TIOAdapter](Boolean receiveFirst, Byte[] reAuthenticationData, CancellationToken cancellationToken)
   at Microsoft.AspNetCore.Server.Kestrel.Https.Internal.HttpsConnectionMiddleware.OnConnectionAsync(ConnectionContext context)
2026-07-03 17:34:19.583 +03:00 [DBG] Connection id "0HNMP1VRBLHR1" stopped.
2026-07-03 17:34:19.586 +03:00 [DBG] Connection id "0HNMP1VRBLHR1" sending FIN because: "The Socket transport's send loop completed gracefully."
2026-07-03 17:34:19.590 +03:00 [DBG] Connection id "0HNMP1VRBLHR2" accepted.
2026-07-03 17:34:19.593 +03:00 [DBG] Connection id "0HNMP1VRBLHR2" started.
2026-07-03 17:34:19.597 +03:00 [DBG] Connection id "0HNMP1VRBLHR3" accepted.
2026-07-03 17:34:19.599 +03:00 [DBG] Connection id "0HNMP1VRBLHR3" started.
2026-07-03 17:34:19.599 +03:00 [DBG] Connection id "0HNMP1VRBLHR2" received FIN.
2026-07-03 17:34:19.600 +03:00 [DBG] Failed to authenticate HTTPS connection.
System.Security.Authentication.AuthenticationException: Authentication failed, see inner exception.
 ---> System.ComponentModel.Win32Exception (0x80090327): An unknown error occurred while processing the certificate.
   --- End of inner exception stack trace ---
   at System.Net.Security.SslStream.ForceAuthenticationAsync[TIOAdapter](Boolean receiveFirst, Byte[] reAuthenticationData, CancellationToken cancellationToken)
   at Microsoft.AspNetCore.Server.Kestrel.Https.Internal.HttpsConnectionMiddleware.OnConnectionAsync(ConnectionContext context)
2026-07-03 17:34:19.605 +03:00 [DBG] Connection id "0HNMP1VRBLHR3" received FIN.
2026-07-03 17:34:19.605 +03:00 [DBG] Failed to authenticate HTTPS connection.
System.Security.Authentication.AuthenticationException: Authentication failed, see inner exception.
 ---> System.ComponentModel.Win32Exception (0x80090327): An unknown error occurred while processing the certificate.
   --- End of inner exception stack trace ---
   at System.Net.Security.SslStream.ForceAuthenticationAsync[TIOAdapter](Boolean receiveFirst, Byte[] reAuthenticationData, CancellationToken cancellationToken)
   at Microsoft.AspNetCore.Server.Kestrel.Https.Internal.HttpsConnectionMiddleware.OnConnectionAsync(ConnectionContext context)
2026-07-03 17:34:19.607 +03:00 [DBG] Connection id "0HNMP1VRBLHR4" accepted.
2026-07-03 17:34:19.607 +03:00 [DBG] Connection id "0HNMP1VRBLHR2" stopped.
2026-07-03 17:34:19.613 +03:00 [DBG] Connection id "0HNMP1VRBLHR3" stopped.
2026-07-03 17:34:19.615 +03:00 [DBG] Connection id "0HNMP1VRBLHR4" started.
2026-07-03 17:34:19.617 +03:00 [DBG] Connection id "0HNMP1VRBLHR2" sending FIN because: "The Socket transport's send loop completed gracefully."
2026-07-03 17:34:19.619 +03:00 [DBG] Connection id "0HNMP1VRBLHR3" sending FIN because: "The Socket transport's send loop completed gracefully."
2026-07-03 17:34:19.634 +03:00 [DBG] Connection 0HNMP1VRBLHR4 established using the following protocol: "Tls13"
2026-07-03 17:34:19.678 +03:00 [INF] Request starting HTTP/2 GET https://localhost:7080/ - null null
2026-07-03 17:34:19.687 +03:00 [DBG] No candidates found for the request path '/'
2026-07-03 17:34:19.690 +03:00 [DBG] Request did not match any endpoints
2026-07-03 17:34:19.696 +03:00 [DBG] The request path  does not match the path filter
2026-07-03 17:34:19.737 +03:00 [DBG] The request path / does not match a supported file type
2026-07-03 17:34:19.814 +03:00 [ERR] HTTP GET / responded 500 in 120.1837 ms
System.ArgumentException: No supported key formats were found. Check that the input represents the contents of a PEM-encoded key file, not the path to such a file. (Parameter 'input')
   at System.Security.Cryptography.PemKeyHelpers.ImportPem(ReadOnlySpan`1 input, FindImportActionFunc callback)
   at SmartHorse.API.Extensions.AuthenticationExtensions.<>c.<AddSmartHorseAuthentication>b__0_1(JwtBearerOptions jwtBearerOptions, IOptions`1 jwtSettingsOptions) in D:\Graduation Project\SmartHorse.Backend\src\SmartHorse.API\Extensions\AuthenticationExtensions.cs:line 43
   at Microsoft.Extensions.Options.OptionsFactory`1.Create(String name)
   at System.Lazy`1.ViaFactory(LazyThreadSafetyMode mode)
   at System.Lazy`1.ExecutionAndPublication(LazyHelper executionAndPublication, Boolean useDefaultConstructor)
   at System.Lazy`1.CreateValue()
   at Microsoft.Extensions.Options.OptionsCache`1.GetOrAdd[TArg](String name, Func`3 createOptions, TArg factoryArgument)
   at Microsoft.Extensions.Options.OptionsMonitor`1.Get(String name)
   at Microsoft.AspNetCore.Authentication.AuthenticationHandler`1.InitializeAsync(AuthenticationScheme scheme, HttpContext context)
   at Microsoft.AspNetCore.Authentication.AuthenticationHandlerProvider.GetHandlerAsync(HttpContext context, String authenticationScheme)
   at Microsoft.AspNetCore.Authentication.AuthenticationService.AuthenticateAsync(HttpContext context, String scheme)
   at Microsoft.AspNetCore.Authentication.AuthenticationMiddleware.Invoke(HttpContext context)
   at Microsoft.AspNetCore.RateLimiting.RateLimitingMiddleware.InvokeInternal(HttpContext context, EnableRateLimitingAttribute enableRateLimitingAttribute)
   at Swashbuckle.AspNetCore.SwaggerUI.SwaggerUIMiddleware.Invoke(HttpContext httpContext)
   at Swashbuckle.AspNetCore.Swagger.SwaggerMiddleware.Invoke(HttpContext httpContext, ISwaggerProvider swaggerProvider)
   at Serilog.AspNetCore.RequestLoggingMiddleware.Invoke(HttpContext httpContext)
2026-07-03 17:34:19.842 +03:00 [ERR] Unhandled exception processing GET /
System.ArgumentException: No supported key formats were found. Check that the input represents the contents of a PEM-encoded key file, not the path to such a file. (Parameter 'input')
   at System.Security.Cryptography.PemKeyHelpers.ImportPem(ReadOnlySpan`1 input, FindImportActionFunc callback)
   at SmartHorse.API.Extensions.AuthenticationExtensions.<>c.<AddSmartHorseAuthentication>b__0_1(JwtBearerOptions jwtBearerOptions, IOptions`1 jwtSettingsOptions) in D:\Graduation Project\SmartHorse.Backend\src\SmartHorse.API\Extensions\AuthenticationExtensions.cs:line 43
   at Microsoft.Extensions.Options.OptionsFactory`1.Create(String name)
   at System.Lazy`1.ViaFactory(LazyThreadSafetyMode mode)
   at System.Lazy`1.ExecutionAndPublication(LazyHelper executionAndPublication, Boolean useDefaultConstructor)
   at System.Lazy`1.CreateValue()
   at Microsoft.Extensions.Options.OptionsCache`1.GetOrAdd[TArg](String name, Func`3 createOptions, TArg factoryArgument)
   at Microsoft.Extensions.Options.OptionsMonitor`1.Get(String name)
   at Microsoft.AspNetCore.Authentication.AuthenticationHandler`1.InitializeAsync(AuthenticationScheme scheme, HttpContext context)
   at Microsoft.AspNetCore.Authentication.AuthenticationHandlerProvider.GetHandlerAsync(HttpContext context, String authenticationScheme)
   at Microsoft.AspNetCore.Authentication.AuthenticationService.AuthenticateAsync(HttpContext context, String scheme)
   at Microsoft.AspNetCore.Authentication.AuthenticationMiddleware.Invoke(HttpContext context)
   at Microsoft.AspNetCore.RateLimiting.RateLimitingMiddleware.InvokeInternal(HttpContext context, EnableRateLimitingAttribute enableRateLimitingAttribute)
   at Swashbuckle.AspNetCore.SwaggerUI.SwaggerUIMiddleware.Invoke(HttpContext httpContext)
   at Swashbuckle.AspNetCore.Swagger.SwaggerMiddleware.Invoke(HttpContext httpContext, ISwaggerProvider swaggerProvider)
   at Serilog.AspNetCore.RequestLoggingMiddleware.Invoke(HttpContext httpContext)
   at SmartHorse.API.Middleware.CorrelationIdMiddleware.InvokeAsync(HttpContext context) in D:\Graduation Project\SmartHorse.Backend\src\SmartHorse.API\Middleware\CorrelationIdMiddleware.cs:line 31
   at SmartHorse.API.Middleware.ExceptionHandlingMiddleware.InvokeAsync(HttpContext context) in D:\Graduation Project\SmartHorse.Backend\src\SmartHorse.API\Middleware\ExceptionHandlingMiddleware.cs:line 37
2026-07-03 17:34:19.926 +03:00 [INF] Request finished HTTP/2 GET https://localhost:7080/ - 500 null application/problem+json 247.5671ms
2026-07-03 17:34:20.008 +03:00 [INF] Request starting HTTP/2 GET https://localhost:7080/favicon.ico - null null
2026-07-03 17:34:20.014 +03:00 [DBG] No candidates found for the request path '/favicon.ico'
2026-07-03 17:34:20.016 +03:00 [DBG] Request did not match any endpoints
2026-07-03 17:34:20.018 +03:00 [DBG] The request path  does not match the path filter
2026-07-03 17:34:20.021 +03:00 [DBG] The request path /favicon.ico does not match an existing file
2026-07-03 17:34:20.024 +03:00 [ERR] HTTP GET /favicon.ico responded 500 in 6.7901 ms
System.ArgumentException: No supported key formats were found. Check that the input represents the contents of a PEM-encoded key file, not the path to such a file. (Parameter 'input')
   at System.Security.Cryptography.PemKeyHelpers.ImportPem(ReadOnlySpan`1 input, FindImportActionFunc callback)
   at SmartHorse.API.Extensions.AuthenticationExtensions.<>c.<AddSmartHorseAuthentication>b__0_1(JwtBearerOptions jwtBearerOptions, IOptions`1 jwtSettingsOptions) in D:\Graduation Project\SmartHorse.Backend\src\SmartHorse.API\Extensions\AuthenticationExtensions.cs:line 43
   at Microsoft.Extensions.Options.OptionsFactory`1.Create(String name)
   at System.Lazy`1.ViaFactory(LazyThreadSafetyMode mode)
--- End of stack trace from previous location ---
   at System.Lazy`1.CreateValue()
   at Microsoft.Extensions.Options.OptionsCache`1.GetOrAdd[TArg](String name, Func`3 createOptions, TArg factoryArgument)
   at Microsoft.Extensions.Options.OptionsMonitor`1.Get(String name)
   at Microsoft.AspNetCore.Authentication.AuthenticationHandler`1.InitializeAsync(AuthenticationScheme scheme, HttpContext context)
   at Microsoft.AspNetCore.Authentication.AuthenticationHandlerProvider.GetHandlerAsync(HttpContext context, String authenticationScheme)
   at Microsoft.AspNetCore.Authentication.AuthenticationService.AuthenticateAsync(HttpContext context, String scheme)
   at Microsoft.AspNetCore.Authentication.AuthenticationMiddleware.Invoke(HttpContext context)
   at Microsoft.AspNetCore.RateLimiting.RateLimitingMiddleware.InvokeInternal(HttpContext context, EnableRateLimitingAttribute enableRateLimitingAttribute)
   at Swashbuckle.AspNetCore.SwaggerUI.SwaggerUIMiddleware.Invoke(HttpContext httpContext)
   at Swashbuckle.AspNetCore.Swagger.SwaggerMiddleware.Invoke(HttpContext httpContext, ISwaggerProvider swaggerProvider)
   at Serilog.AspNetCore.RequestLoggingMiddleware.Invoke(HttpContext httpContext)
2026-07-03 17:34:20.032 +03:00 [ERR] Unhandled exception processing GET /favicon.ico
System.ArgumentException: No supported key formats were found. Check that the input represents the contents of a PEM-encoded key file, not the path to such a file. (Parameter 'input')
   at System.Security.Cryptography.PemKeyHelpers.ImportPem(ReadOnlySpan`1 input, FindImportActionFunc callback)
   at SmartHorse.API.Extensions.AuthenticationExtensions.<>c.<AddSmartHorseAuthentication>b__0_1(JwtBearerOptions jwtBearerOptions, IOptions`1 jwtSettingsOptions) in D:\Graduation Project\SmartHorse.Backend\src\SmartHorse.API\Extensions\AuthenticationExtensions.cs:line 43
   at Microsoft.Extensions.Options.OptionsFactory`1.Create(String name)
   at System.Lazy`1.ViaFactory(LazyThreadSafetyMode mode)
--- End of stack trace from previous location ---
   at System.Lazy`1.CreateValue()
   at Microsoft.Extensions.Options.OptionsCache`1.GetOrAdd[TArg](String name, Func`3 createOptions, TArg factoryArgument)
   at Microsoft.Extensions.Options.OptionsMonitor`1.Get(String name)
   at Microsoft.AspNetCore.Authentication.AuthenticationHandler`1.InitializeAsync(AuthenticationScheme scheme, HttpContext context)
   at Microsoft.AspNetCore.Authentication.AuthenticationHandlerProvider.GetHandlerAsync(HttpContext context, String authenticationScheme)
   at Microsoft.AspNetCore.Authentication.AuthenticationService.AuthenticateAsync(HttpContext context, String scheme)
   at Microsoft.AspNetCore.Authentication.AuthenticationMiddleware.Invoke(HttpContext context)
   at Microsoft.AspNetCore.RateLimiting.RateLimitingMiddleware.InvokeInternal(HttpContext context, EnableRateLimitingAttribute enableRateLimitingAttribute)
   at Swashbuckle.AspNetCore.SwaggerUI.SwaggerUIMiddleware.Invoke(HttpContext httpContext)
   at Swashbuckle.AspNetCore.Swagger.SwaggerMiddleware.Invoke(HttpContext httpContext, ISwaggerProvider swaggerProvider)
   at Serilog.AspNetCore.RequestLoggingMiddleware.Invoke(HttpContext httpContext)
   at SmartHorse.API.Middleware.CorrelationIdMiddleware.InvokeAsync(HttpContext context) in D:\Graduation Project\SmartHorse.Backend\src\SmartHorse.API\Middleware\CorrelationIdMiddleware.cs:line 31
   at SmartHorse.API.Middleware.ExceptionHandlingMiddleware.InvokeAsync(HttpContext context) in D:\Graduation Project\SmartHorse.Backend\src\SmartHorse.API\Middleware\ExceptionHandlingMiddleware.cs:line 37
2026-07-03 17:34:20.042 +03:00 [INF] Request finished HTTP/2 GET https://localhost:7080/favicon.ico - 500 null application/problem+json 33.381ms
2026-07-03 17:34:30.459 +03:00 [INF] Request starting HTTP/2 GET https://localhost:7080/ - null null
2026-07-03 17:34:30.464 +03:00 [DBG] No candidates found for the request path '/'
2026-07-03 17:34:30.466 +03:00 [DBG] Request did not match any endpoints
2026-07-03 17:34:30.468 +03:00 [DBG] The request path  does not match the path filter
2026-07-03 17:34:30.471 +03:00 [DBG] The request path / does not match a supported file type
2026-07-03 17:34:30.477 +03:00 [ERR] HTTP GET / responded 500 in 9.3864 ms
System.ArgumentException: No supported key formats were found. Check that the input represents the contents of a PEM-encoded key file, not the path to such a file. (Parameter 'input')
   at System.Security.Cryptography.PemKeyHelpers.ImportPem(ReadOnlySpan`1 input, FindImportActionFunc callback)
   at SmartHorse.API.Extensions.AuthenticationExtensions.<>c.<AddSmartHorseAuthentication>b__0_1(JwtBearerOptions jwtBearerOptions, IOptions`1 jwtSettingsOptions) in D:\Graduation Project\SmartHorse.Backend\src\SmartHorse.API\Extensions\AuthenticationExtensions.cs:line 43
   at Microsoft.Extensions.Options.OptionsFactory`1.Create(String name)
   at System.Lazy`1.ViaFactory(LazyThreadSafetyMode mode)
--- End of stack trace from previous location ---
   at System.Lazy`1.CreateValue()
   at Microsoft.Extensions.Options.OptionsCache`1.GetOrAdd[TArg](String name, Func`3 createOptions, TArg factoryArgument)
   at Microsoft.Extensions.Options.OptionsMonitor`1.Get(String name)
   at Microsoft.AspNetCore.Authentication.AuthenticationHandler`1.InitializeAsync(AuthenticationScheme scheme, HttpContext context)
   at Microsoft.AspNetCore.Authentication.AuthenticationHandlerProvider.GetHandlerAsync(HttpContext context, String authenticationScheme)
   at Microsoft.AspNetCore.Authentication.AuthenticationService.AuthenticateAsync(HttpContext context, String scheme)
   at Microsoft.AspNetCore.Authentication.AuthenticationMiddleware.Invoke(HttpContext context)
   at Microsoft.AspNetCore.RateLimiting.RateLimitingMiddleware.InvokeInternal(HttpContext context, EnableRateLimitingAttribute enableRateLimitingAttribute)
   at Swashbuckle.AspNetCore.SwaggerUI.SwaggerUIMiddleware.Invoke(HttpContext httpContext)
   at Swashbuckle.AspNetCore.Swagger.SwaggerMiddleware.Invoke(HttpContext httpContext, ISwaggerProvider swaggerProvider)
   at Serilog.AspNetCore.RequestLoggingMiddleware.Invoke(HttpContext httpContext)
2026-07-03 17:34:30.488 +03:00 [ERR] Unhandled exception processing GET /
System.ArgumentException: No supported key formats were found. Check that the input represents the contents of a PEM-encoded key file, not the path to such a file. (Parameter 'input')
   at System.Security.Cryptography.PemKeyHelpers.ImportPem(ReadOnlySpan`1 input, FindImportActionFunc callback)
   at SmartHorse.API.Extensions.AuthenticationExtensions.<>c.<AddSmartHorseAuthentication>b__0_1(JwtBearerOptions jwtBearerOptions, IOptions`1 jwtSettingsOptions) in D:\Graduation Project\SmartHorse.Backend\src\SmartHorse.API\Extensions\AuthenticationExtensions.cs:line 43
   at Microsoft.Extensions.Options.OptionsFactory`1.Create(String name)
   at System.Lazy`1.ViaFactory(LazyThreadSafetyMode mode)
--- End of stack trace from previous location ---
   at System.Lazy`1.CreateValue()
   at Microsoft.Extensions.Options.OptionsCache`1.GetOrAdd[TArg](String name, Func`3 createOptions, TArg factoryArgument)
   at Microsoft.Extensions.Options.OptionsMonitor`1.Get(String name)
   at Microsoft.AspNetCore.Authentication.AuthenticationHandler`1.InitializeAsync(AuthenticationScheme scheme, HttpContext context)
   at Microsoft.AspNetCore.Authentication.AuthenticationHandlerProvider.GetHandlerAsync(HttpContext context, String authenticationScheme)
   at Microsoft.AspNetCore.Authentication.AuthenticationService.AuthenticateAsync(HttpContext context, String scheme)
   at Microsoft.AspNetCore.Authentication.AuthenticationMiddleware.Invoke(HttpContext context)
   at Microsoft.AspNetCore.RateLimiting.RateLimitingMiddleware.InvokeInternal(HttpContext context, EnableRateLimitingAttribute enableRateLimitingAttribute)
   at Swashbuckle.AspNetCore.SwaggerUI.SwaggerUIMiddleware.Invoke(HttpContext httpContext)
   at Swashbuckle.AspNetCore.Swagger.SwaggerMiddleware.Invoke(HttpContext httpContext, ISwaggerProvider swaggerProvider)
   at Serilog.AspNetCore.RequestLoggingMiddleware.Invoke(HttpContext httpContext)
   at SmartHorse.API.Middleware.CorrelationIdMiddleware.InvokeAsync(HttpContext context) in D:\Graduation Project\SmartHorse.Backend\src\SmartHorse.API\Middleware\CorrelationIdMiddleware.cs:line 31
   at SmartHorse.API.Middleware.ExceptionHandlingMiddleware.InvokeAsync(HttpContext context) in D:\Graduation Project\SmartHorse.Backend\src\SmartHorse.API\Middleware\ExceptionHandlingMiddleware.cs:line 37
2026-07-03 17:34:30.497 +03:00 [INF] Request finished HTTP/2 GET https://localhost:7080/ - 500 null application/problem+json 38.7564ms
2026-07-03 17:34:30.578 +03:00 [INF] Request starting HTTP/2 GET https://localhost:7080/favicon.ico - null null
2026-07-03 17:34:30.583 +03:00 [DBG] No candidates found for the request path '/favicon.ico'
2026-07-03 17:34:30.584 +03:00 [DBG] Request did not match any endpoints
2026-07-03 17:34:30.585 +03:00 [DBG] The request path  does not match the path filter
2026-07-03 17:34:30.587 +03:00 [DBG] The request path /favicon.ico does not match an existing file
2026-07-03 17:34:30.589 +03:00 [ERR] HTTP GET /favicon.ico responded 500 in 3.7004 ms
System.ArgumentException: No supported key formats were found. Check that the input represents the contents of a PEM-encoded key file, not the path to such a file. (Parameter 'input')
   at System.Security.Cryptography.PemKeyHelpers.ImportPem(ReadOnlySpan`1 input, FindImportActionFunc callback)
   at SmartHorse.API.Extensions.AuthenticationExtensions.<>c.<AddSmartHorseAuthentication>b__0_1(JwtBearerOptions jwtBearerOptions, IOptions`1 jwtSettingsOptions) in D:\Graduation Project\SmartHorse.Backend\src\SmartHorse.API\Extensions\AuthenticationExtensions.cs:line 43
   at Microsoft.Extensions.Options.OptionsFactory`1.Create(String name)
   at System.Lazy`1.ViaFactory(LazyThreadSafetyMode mode)
--- End of stack trace from previous location ---
   at System.Lazy`1.CreateValue()
   at Microsoft.Extensions.Options.OptionsCache`1.GetOrAdd[TArg](String name, Func`3 createOptions, TArg factoryArgument)
   at Microsoft.Extensions.Options.OptionsMonitor`1.Get(String name)
   at Microsoft.AspNetCore.Authentication.AuthenticationHandler`1.InitializeAsync(AuthenticationScheme scheme, HttpContext context)
   at Microsoft.AspNetCore.Authentication.AuthenticationHandlerProvider.GetHandlerAsync(HttpContext context, String authenticationScheme)
   at Microsoft.AspNetCore.Authentication.AuthenticationService.AuthenticateAsync(HttpContext context, String scheme)
   at Microsoft.AspNetCore.Authentication.AuthenticationMiddleware.Invoke(HttpContext context)
   at Microsoft.AspNetCore.RateLimiting.RateLimitingMiddleware.InvokeInternal(HttpContext context, EnableRateLimitingAttribute enableRateLimitingAttribute)
   at Swashbuckle.AspNetCore.SwaggerUI.SwaggerUIMiddleware.Invoke(HttpContext httpContext)
   at Swashbuckle.AspNetCore.Swagger.SwaggerMiddleware.Invoke(HttpContext httpContext, ISwaggerProvider swaggerProvider)
   at Serilog.AspNetCore.RequestLoggingMiddleware.Invoke(HttpContext httpContext)
2026-07-03 17:34:30.599 +03:00 [ERR] Unhandled exception processing GET /favicon.ico
System.ArgumentException: No supported key formats were found. Check that the input represents the contents of a PEM-encoded key file, not the path to such a file. (Parameter 'input')
   at System.Security.Cryptography.PemKeyHelpers.ImportPem(ReadOnlySpan`1 input, FindImportActionFunc callback)
   at SmartHorse.API.Extensions.AuthenticationExtensions.<>c.<AddSmartHorseAuthentication>b__0_1(JwtBearerOptions jwtBearerOptions, IOptions`1 jwtSettingsOptions) in D:\Graduation Project\SmartHorse.Backend\src\SmartHorse.API\Extensions\AuthenticationExtensions.cs:line 43
   at Microsoft.Extensions.Options.OptionsFactory`1.Create(String name)
   at System.Lazy`1.ViaFactory(LazyThreadSafetyMode mode)
--- End of stack trace from previous location ---
   at System.Lazy`1.CreateValue()
   at Microsoft.Extensions.Options.OptionsCache`1.GetOrAdd[TArg](String name, Func`3 createOptions, TArg factoryArgument)
   at Microsoft.Extensions.Options.OptionsMonitor`1.Get(String name)
   at Microsoft.AspNetCore.Authentication.AuthenticationHandler`1.InitializeAsync(AuthenticationScheme scheme, HttpContext context)
   at Microsoft.AspNetCore.Authentication.AuthenticationHandlerProvider.GetHandlerAsync(HttpContext context, String authenticationScheme)
   at Microsoft.AspNetCore.Authentication.AuthenticationService.AuthenticateAsync(HttpContext context, String scheme)
   at Microsoft.AspNetCore.Authentication.AuthenticationMiddleware.Invoke(HttpContext context)
   at Microsoft.AspNetCore.RateLimiting.RateLimitingMiddleware.InvokeInternal(HttpContext context, EnableRateLimitingAttribute enableRateLimitingAttribute)
   at Swashbuckle.AspNetCore.SwaggerUI.SwaggerUIMiddleware.Invoke(HttpContext httpContext)
   at Swashbuckle.AspNetCore.Swagger.SwaggerMiddleware.Invoke(HttpContext httpContext, ISwaggerProvider swaggerProvider)
   at Serilog.AspNetCore.RequestLoggingMiddleware.Invoke(HttpContext httpContext)
   at SmartHorse.API.Middleware.CorrelationIdMiddleware.InvokeAsync(HttpContext context) in D:\Graduation Project\SmartHorse.Backend\src\SmartHorse.API\Middleware\CorrelationIdMiddleware.cs:line 31
   at SmartHorse.API.Middleware.ExceptionHandlingMiddleware.InvokeAsync(HttpContext context) in D:\Graduation Project\SmartHorse.Backend\src\SmartHorse.API\Middleware\ExceptionHandlingMiddleware.cs:line 37
2026-07-03 17:34:30.609 +03:00 [INF] Request finished HTTP/2 GET https://localhost:7080/favicon.ico - 500 null application/problem+json 30.9085ms
2026-07-03 17:35:11.185 +03:00 [DBG] Connection id "0HNMP1VRBLHQV" received FIN.
2026-07-03 17:35:11.188 +03:00 [DBG] Connection id "0HNMP1VRBLHQV" sending FIN because: "The Socket transport's send loop completed gracefully."
2026-07-03 17:35:11.192 +03:00 [DBG] Connection id "0HNMP1VRBLHQV" disconnecting.
2026-07-03 17:35:11.196 +03:00 [DBG] Connection id "0HNMP1VRBLHQV" stopped.
2026-07-03 17:35:55.792 +03:00 [INF] Request starting HTTP/2 GET https://localhost:7080/ - null null
2026-07-03 17:35:55.796 +03:00 [DBG] No candidates found for the request path '/'
2026-07-03 17:35:55.798 +03:00 [DBG] Request did not match any endpoints
2026-07-03 17:35:55.799 +03:00 [DBG] The request path  does not match the path filter
2026-07-03 17:35:55.800 +03:00 [DBG] The request path / does not match a supported file type
2026-07-03 17:35:55.802 +03:00 [ERR] HTTP GET / responded 500 in 3.5763 ms
System.ArgumentException: No supported key formats were found. Check that the input represents the contents of a PEM-encoded key file, not the path to such a file. (Parameter 'input')
   at System.Security.Cryptography.PemKeyHelpers.ImportPem(ReadOnlySpan`1 input, FindImportActionFunc callback)
   at SmartHorse.API.Extensions.AuthenticationExtensions.<>c.<AddSmartHorseAuthentication>b__0_1(JwtBearerOptions jwtBearerOptions, IOptions`1 jwtSettingsOptions) in D:\Graduation Project\SmartHorse.Backend\src\SmartHorse.API\Extensions\AuthenticationExtensions.cs:line 43
   at Microsoft.Extensions.Options.OptionsFactory`1.Create(String name)
   at System.Lazy`1.ViaFactory(LazyThreadSafetyMode mode)
--- End of stack trace from previous location ---
   at System.Lazy`1.CreateValue()
   at Microsoft.Extensions.Options.OptionsCache`1.GetOrAdd[TArg](String name, Func`3 createOptions, TArg factoryArgument)
   at Microsoft.Extensions.Options.OptionsMonitor`1.Get(String name)
   at Microsoft.AspNetCore.Authentication.AuthenticationHandler`1.InitializeAsync(AuthenticationScheme scheme, HttpContext context)
   at Microsoft.AspNetCore.Authentication.AuthenticationHandlerProvider.GetHandlerAsync(HttpContext context, String authenticationScheme)
   at Microsoft.AspNetCore.Authentication.AuthenticationService.AuthenticateAsync(HttpContext context, String scheme)
   at Microsoft.AspNetCore.Authentication.AuthenticationMiddleware.Invoke(HttpContext context)
   at Microsoft.AspNetCore.RateLimiting.RateLimitingMiddleware.InvokeInternal(HttpContext context, EnableRateLimitingAttribute enableRateLimitingAttribute)
   at Swashbuckle.AspNetCore.SwaggerUI.SwaggerUIMiddleware.Invoke(HttpContext httpContext)
   at Swashbuckle.AspNetCore.Swagger.SwaggerMiddleware.Invoke(HttpContext httpContext, ISwaggerProvider swaggerProvider)
   at Serilog.AspNetCore.RequestLoggingMiddleware.Invoke(HttpContext httpContext)
2026-07-03 17:35:55.813 +03:00 [ERR] Unhandled exception processing GET /
System.ArgumentException: No supported key formats were found. Check that the input represents the contents of a PEM-encoded key file, not the path to such a file. (Parameter 'input')
   at System.Security.Cryptography.PemKeyHelpers.ImportPem(ReadOnlySpan`1 input, FindImportActionFunc callback)
   at SmartHorse.API.Extensions.AuthenticationExtensions.<>c.<AddSmartHorseAuthentication>b__0_1(JwtBearerOptions jwtBearerOptions, IOptions`1 jwtSettingsOptions) in D:\Graduation Project\SmartHorse.Backend\src\SmartHorse.API\Extensions\AuthenticationExtensions.cs:line 43
   at Microsoft.Extensions.Options.OptionsFactory`1.Create(String name)
   at System.Lazy`1.ViaFactory(LazyThreadSafetyMode mode)
--- End of stack trace from previous location ---
   at System.Lazy`1.CreateValue()
   at Microsoft.Extensions.Options.OptionsCache`1.GetOrAdd[TArg](String name, Func`3 createOptions, TArg factoryArgument)
   at Microsoft.Extensions.Options.OptionsMonitor`1.Get(String name)
   at Microsoft.AspNetCore.Authentication.AuthenticationHandler`1.InitializeAsync(AuthenticationScheme scheme, HttpContext context)
   at Microsoft.AspNetCore.Authentication.AuthenticationHandlerProvider.GetHandlerAsync(HttpContext context, String authenticationScheme)
   at Microsoft.AspNetCore.Authentication.AuthenticationService.AuthenticateAsync(HttpContext context, String scheme)
   at Microsoft.AspNetCore.Authentication.AuthenticationMiddleware.Invoke(HttpContext context)
   at Microsoft.AspNetCore.RateLimiting.RateLimitingMiddleware.InvokeInternal(HttpContext context, EnableRateLimitingAttribute enableRateLimitingAttribute)
   at Swashbuckle.AspNetCore.SwaggerUI.SwaggerUIMiddleware.Invoke(HttpContext httpContext)
   at Swashbuckle.AspNetCore.Swagger.SwaggerMiddleware.Invoke(HttpContext httpContext, ISwaggerProvider swaggerProvider)
   at Serilog.AspNetCore.RequestLoggingMiddleware.Invoke(HttpContext httpContext)
   at SmartHorse.API.Middleware.CorrelationIdMiddleware.InvokeAsync(HttpContext context) in D:\Graduation Project\SmartHorse.Backend\src\SmartHorse.API\Middleware\CorrelationIdMiddleware.cs:line 31
   at SmartHorse.API.Middleware.ExceptionHandlingMiddleware.InvokeAsync(HttpContext context) in D:\Graduation Project\SmartHorse.Backend\src\SmartHorse.API\Middleware\ExceptionHandlingMiddleware.cs:line 37
2026-07-03 17:35:55.823 +03:00 [INF] Request finished HTTP/2 GET https://localhost:7080/ - 500 null application/problem+json 30.5582ms
2026-07-03 17:35:55.923 +03:00 [INF] Request starting HTTP/2 GET https://localhost:7080/favicon.ico - null null
2026-07-03 17:35:55.927 +03:00 [DBG] No candidates found for the request path '/favicon.ico'
2026-07-03 17:35:55.931 +03:00 [DBG] Request did not match any endpoints
2026-07-03 17:35:55.933 +03:00 [DBG] The request path  does not match the path filter
2026-07-03 17:35:55.935 +03:00 [DBG] The request path /favicon.ico does not match an existing file
2026-07-03 17:35:55.937 +03:00 [ERR] HTTP GET /favicon.ico responded 500 in 4.4280 ms
System.ArgumentException: No supported key formats were found. Check that the input represents the contents of a PEM-encoded key file, not the path to such a file. (Parameter 'input')
   at System.Security.Cryptography.PemKeyHelpers.ImportPem(ReadOnlySpan`1 input, FindImportActionFunc callback)
   at SmartHorse.API.Extensions.AuthenticationExtensions.<>c.<AddSmartHorseAuthentication>b__0_1(JwtBearerOptions jwtBearerOptions, IOptions`1 jwtSettingsOptions) in D:\Graduation Project\SmartHorse.Backend\src\SmartHorse.API\Extensions\AuthenticationExtensions.cs:line 43
   at Microsoft.Extensions.Options.OptionsFactory`1.Create(String name)
   at System.Lazy`1.ViaFactory(LazyThreadSafetyMode mode)
--- End of stack trace from previous location ---
   at System.Lazy`1.CreateValue()
   at Microsoft.Extensions.Options.OptionsCache`1.GetOrAdd[TArg](String name, Func`3 createOptions, TArg factoryArgument)
   at Microsoft.Extensions.Options.OptionsMonitor`1.Get(String name)
   at Microsoft.AspNetCore.Authentication.AuthenticationHandler`1.InitializeAsync(AuthenticationScheme scheme, HttpContext context)
   at Microsoft.AspNetCore.Authentication.AuthenticationHandlerProvider.GetHandlerAsync(HttpContext context, String authenticationScheme)
   at Microsoft.AspNetCore.Authentication.AuthenticationService.AuthenticateAsync(HttpContext context, String scheme)
   at Microsoft.AspNetCore.Authentication.AuthenticationMiddleware.Invoke(HttpContext context)
   at Microsoft.AspNetCore.RateLimiting.RateLimitingMiddleware.InvokeInternal(HttpContext context, EnableRateLimitingAttribute enableRateLimitingAttribute)
   at Swashbuckle.AspNetCore.SwaggerUI.SwaggerUIMiddleware.Invoke(HttpContext httpContext)
   at Swashbuckle.AspNetCore.Swagger.SwaggerMiddleware.Invoke(HttpContext httpContext, ISwaggerProvider swaggerProvider)
   at Serilog.AspNetCore.RequestLoggingMiddleware.Invoke(HttpContext httpContext)
2026-07-03 17:35:55.949 +03:00 [ERR] Unhandled exception processing GET /favicon.ico
System.ArgumentException: No supported key formats were found. Check that the input represents the contents of a PEM-encoded key file, not the path to such a file. (Parameter 'input')
   at System.Security.Cryptography.PemKeyHelpers.ImportPem(ReadOnlySpan`1 input, FindImportActionFunc callback)
   at SmartHorse.API.Extensions.AuthenticationExtensions.<>c.<AddSmartHorseAuthentication>b__0_1(JwtBearerOptions jwtBearerOptions, IOptions`1 jwtSettingsOptions) in D:\Graduation Project\SmartHorse.Backend\src\SmartHorse.API\Extensions\AuthenticationExtensions.cs:line 43
   at Microsoft.Extensions.Options.OptionsFactory`1.Create(String name)
   at System.Lazy`1.ViaFactory(LazyThreadSafetyMode mode)
--- End of stack trace from previous location ---
   at System.Lazy`1.CreateValue()
   at Microsoft.Extensions.Options.OptionsCache`1.GetOrAdd[TArg](String name, Func`3 createOptions, TArg factoryArgument)
   at Microsoft.Extensions.Options.OptionsMonitor`1.Get(String name)
   at Microsoft.AspNetCore.Authentication.AuthenticationHandler`1.InitializeAsync(AuthenticationScheme scheme, HttpContext context)
   at Microsoft.AspNetCore.Authentication.AuthenticationHandlerProvider.GetHandlerAsync(HttpContext context, String authenticationScheme)
   at Microsoft.AspNetCore.Authentication.AuthenticationService.AuthenticateAsync(HttpContext context, String scheme)
   at Microsoft.AspNetCore.Authentication.AuthenticationMiddleware.Invoke(HttpContext context)
   at Microsoft.AspNetCore.RateLimiting.RateLimitingMiddleware.InvokeInternal(HttpContext context, EnableRateLimitingAttribute enableRateLimitingAttribute)
   at Swashbuckle.AspNetCore.SwaggerUI.SwaggerUIMiddleware.Invoke(HttpContext httpContext)
   at Swashbuckle.AspNetCore.Swagger.SwaggerMiddleware.Invoke(HttpContext httpContext, ISwaggerProvider swaggerProvider)
   at Serilog.AspNetCore.RequestLoggingMiddleware.Invoke(HttpContext httpContext)
   at SmartHorse.API.Middleware.CorrelationIdMiddleware.InvokeAsync(HttpContext context) in D:\Graduation Project\SmartHorse.Backend\src\SmartHorse.API\Middleware\CorrelationIdMiddleware.cs:line 31
   at SmartHorse.API.Middleware.ExceptionHandlingMiddleware.InvokeAsync(HttpContext context) in D:\Graduation Project\SmartHorse.Backend\src\SmartHorse.API\Middleware\ExceptionHandlingMiddleware.cs:line 37
2026-07-03 17:35:55.961 +03:00 [INF] Request finished HTTP/2 GET https://localhost:7080/favicon.ico - 500 null application/problem+json 38.0347ms
2026-07-03 17:36:20.351 +03:00 [DBG] Connection id "0HNMP1VRBLHQU" disconnecting.
2026-07-03 17:36:20.355 +03:00 [DBG] Connection id "0HNMP1VRBLHQU" stopped.
2026-07-03 17:36:20.358 +03:00 [DBG] Connection id "0HNMP1VRBLHQU" sending FIN because: "The Socket transport's send loop completed gracefully."
2026-07-03 17:37:16.219 +03:00 [INF] Application is shutting down...
2026-07-03 17:37:16.221 +03:00 [DBG] Hosting stopping
2026-07-03 17:37:16.232 +03:00 [DBG] Connection id "0HNMP1VRBLHR4" is closing.
2026-07-03 17:37:16.233 +03:00 [DBG] Connection id "0HNMP1VRBLHR4" is closed. The last processed stream ID was 11.
2026-07-03 17:37:16.236 +03:00 [DBG] Connection id "0HNMP1VRBLHR4" received FIN.
2026-07-03 17:37:16.239 +03:00 [DBG] Connection id "0HNMP1VRBLHR4" sending FIN because: "The Socket transport's send loop completed gracefully."
2026-07-03 17:37:16.239 +03:00 [DBG] The connection queue processing loop for 0HNMP1VRBLHR4 completed.
2026-07-03 17:37:16.244 +03:00 [DBG] Connection id "0HNMP1VRBLHR4" stopped.
2026-07-03 17:37:16.248 +03:00 [DBG] Hosting stopped
2026-07-03 17:37:53.000 +03:00 [DBG] An 'IServiceProvider' was created for internal use by Entity Framework.
2026-07-03 17:37:53.408 +03:00 [DBG] The index {'UserId'} was not created on entity type 'AuditLog' as the properties are already covered by the index {'UserId', 'CreatedAtUtc'}.
2026-07-03 17:37:53.412 +03:00 [DBG] The index {'RoleId'} was not created on entity type 'RolePermission' as the properties are already covered by the index {'RoleId', 'PermissionId'}.
2026-07-03 17:37:53.413 +03:00 [DBG] The index {'UserId'} was not created on entity type 'UserPermissionOverride' as the properties are already covered by the index {'UserId', 'PermissionId'}.
2026-07-03 17:37:53.415 +03:00 [DBG] The index {'UserId'} was not created on entity type 'UserRole' as the properties are already covered by the index {'UserId', 'RoleId'}.
2026-07-03 17:37:53.659 +03:00 [DBG] Entity Framework Core 8.0.8 initialized 'ApplicationDbContext' using provider 'Microsoft.EntityFrameworkCore.SqlServer:8.0.8' with options: MigrationsAssembly=SmartHorse.Infrastructure, Version=1.0.0.0, Culture=neutral, PublicKeyToken=null 
2026-07-03 17:37:53.669 +03:00 [DBG] Creating DbConnection.
2026-07-03 17:37:53.707 +03:00 [DBG] Created DbConnection. (35ms).
2026-07-03 17:37:53.713 +03:00 [DBG] Migrating using database 'SmartHorseDb' on server 'localhost\SQLEXPRESS01'.
2026-07-03 17:37:53.727 +03:00 [DBG] Opening connection to database 'SmartHorseDb' on server 'localhost\SQLEXPRESS01'.
2026-07-03 17:37:54.159 +03:00 [DBG] Opened connection to database 'SmartHorseDb' on server 'localhost\SQLEXPRESS01'.
2026-07-03 17:37:54.170 +03:00 [DBG] Creating DbCommand for 'ExecuteNonQuery'.
2026-07-03 17:37:54.178 +03:00 [DBG] Created DbCommand for 'ExecuteNonQuery' (6ms).
2026-07-03 17:37:54.181 +03:00 [DBG] Initialized DbCommand for 'ExecuteNonQuery' (13ms).
2026-07-03 17:37:54.189 +03:00 [DBG] Executing DbCommand [Parameters=[], CommandType='"Text"', CommandTimeout='30']
SELECT 1
2026-07-03 17:37:54.226 +03:00 [INF] Executed DbCommand (36ms) [Parameters=[], CommandType='"Text"', CommandTimeout='30']
SELECT 1
2026-07-03 17:37:54.232 +03:00 [DBG] Closing connection to database 'SmartHorseDb' on server 'localhost\SQLEXPRESS01'.
2026-07-03 17:37:54.242 +03:00 [DBG] Closed connection to database 'SmartHorseDb' on server 'localhost\SQLEXPRESS01' (6ms).
2026-07-03 17:37:54.248 +03:00 [DBG] Creating DbCommand for 'ExecuteScalar'.
2026-07-03 17:37:54.250 +03:00 [DBG] Created DbCommand for 'ExecuteScalar' (1ms).
2026-07-03 17:37:54.251 +03:00 [DBG] Initialized DbCommand for 'ExecuteScalar' (2ms).
2026-07-03 17:37:54.253 +03:00 [DBG] Opening connection to database 'SmartHorseDb' on server 'localhost\SQLEXPRESS01'.
2026-07-03 17:37:54.255 +03:00 [DBG] Opened connection to database 'SmartHorseDb' on server 'localhost\SQLEXPRESS01'.
2026-07-03 17:37:54.257 +03:00 [DBG] Executing DbCommand [Parameters=[], CommandType='"Text"', CommandTimeout='30']
SELECT OBJECT_ID(N'[__EFMigrationsHistory]');
2026-07-03 17:37:54.283 +03:00 [INF] Executed DbCommand (26ms) [Parameters=[], CommandType='"Text"', CommandTimeout='30']
SELECT OBJECT_ID(N'[__EFMigrationsHistory]');
2026-07-03 17:37:54.286 +03:00 [DBG] Closing connection to database 'SmartHorseDb' on server 'localhost\SQLEXPRESS01'.
2026-07-03 17:37:54.287 +03:00 [DBG] Closed connection to database 'SmartHorseDb' on server 'localhost\SQLEXPRESS01' (1ms).
2026-07-03 17:37:54.291 +03:00 [DBG] Opening connection to database 'SmartHorseDb' on server 'localhost\SQLEXPRESS01'.
2026-07-03 17:37:54.293 +03:00 [DBG] Opened connection to database 'SmartHorseDb' on server 'localhost\SQLEXPRESS01'.
2026-07-03 17:37:54.295 +03:00 [DBG] Creating DbCommand for 'ExecuteNonQuery'.
2026-07-03 17:37:54.296 +03:00 [DBG] Created DbCommand for 'ExecuteNonQuery' (1ms).
2026-07-03 17:37:54.298 +03:00 [DBG] Initialized DbCommand for 'ExecuteNonQuery' (3ms).
2026-07-03 17:37:54.300 +03:00 [DBG] Executing DbCommand [Parameters=[], CommandType='"Text"', CommandTimeout='30']
SELECT 1
2026-07-03 17:37:54.303 +03:00 [INF] Executed DbCommand (3ms) [Parameters=[], CommandType='"Text"', CommandTimeout='30']
SELECT 1
2026-07-03 17:37:54.306 +03:00 [DBG] Closing connection to database 'SmartHorseDb' on server 'localhost\SQLEXPRESS01'.
2026-07-03 17:37:54.308 +03:00 [DBG] Closed connection to database 'SmartHorseDb' on server 'localhost\SQLEXPRESS01' (1ms).
2026-07-03 17:37:54.310 +03:00 [DBG] Creating DbCommand for 'ExecuteScalar'.
2026-07-03 17:37:54.311 +03:00 [DBG] Created DbCommand for 'ExecuteScalar' (1ms).
2026-07-03 17:37:54.313 +03:00 [DBG] Initialized DbCommand for 'ExecuteScalar' (2ms).
2026-07-03 17:37:54.314 +03:00 [DBG] Opening connection to database 'SmartHorseDb' on server 'localhost\SQLEXPRESS01'.
2026-07-03 17:37:54.316 +03:00 [DBG] Opened connection to database 'SmartHorseDb' on server 'localhost\SQLEXPRESS01'.
2026-07-03 17:37:54.318 +03:00 [DBG] Executing DbCommand [Parameters=[], CommandType='"Text"', CommandTimeout='30']
SELECT OBJECT_ID(N'[__EFMigrationsHistory]');
2026-07-03 17:37:54.321 +03:00 [INF] Executed DbCommand (3ms) [Parameters=[], CommandType='"Text"', CommandTimeout='30']
SELECT OBJECT_ID(N'[__EFMigrationsHistory]');
2026-07-03 17:37:54.323 +03:00 [DBG] Closing connection to database 'SmartHorseDb' on server 'localhost\SQLEXPRESS01'.
2026-07-03 17:37:54.325 +03:00 [DBG] Closed connection to database 'SmartHorseDb' on server 'localhost\SQLEXPRESS01' (1ms).
2026-07-03 17:37:54.339 +03:00 [DBG] Opening connection to database 'SmartHorseDb' on server 'localhost\SQLEXPRESS01'.
2026-07-03 17:37:54.340 +03:00 [DBG] Opened connection to database 'SmartHorseDb' on server 'localhost\SQLEXPRESS01'.
2026-07-03 17:37:54.343 +03:00 [DBG] Creating DbCommand for 'ExecuteReader'.
2026-07-03 17:37:54.344 +03:00 [DBG] Created DbCommand for 'ExecuteReader' (1ms).
2026-07-03 17:37:54.346 +03:00 [DBG] Initialized DbCommand for 'ExecuteReader' (3ms).
2026-07-03 17:37:54.348 +03:00 [DBG] Executing DbCommand [Parameters=[], CommandType='"Text"', CommandTimeout='30']
SELECT [MigrationId], [ProductVersion]
FROM [__EFMigrationsHistory]
ORDER BY [MigrationId];
2026-07-03 17:37:54.366 +03:00 [INF] Executed DbCommand (17ms) [Parameters=[], CommandType='"Text"', CommandTimeout='30']
SELECT [MigrationId], [ProductVersion]
FROM [__EFMigrationsHistory]
ORDER BY [MigrationId];
2026-07-03 17:37:54.385 +03:00 [DBG] Closing data reader to 'SmartHorseDb' on server 'localhost\SQLEXPRESS01'.
2026-07-03 17:37:54.390 +03:00 [DBG] A data reader for 'SmartHorseDb' on server 'localhost\SQLEXPRESS01' is being disposed after spending 16ms reading results.
2026-07-03 17:37:54.395 +03:00 [DBG] Closing connection to database 'SmartHorseDb' on server 'localhost\SQLEXPRESS01'.
2026-07-03 17:37:54.398 +03:00 [DBG] Closed connection to database 'SmartHorseDb' on server 'localhost\SQLEXPRESS01' (3ms).
2026-07-03 17:37:54.419 +03:00 [INF] No migrations were applied. The database is already up to date.
2026-07-03 17:37:54.458 +03:00 [DBG] Compiling query expression: 
'DbSet<Role>()'
2026-07-03 17:37:54.607 +03:00 [DBG] Generated query execution expression: 
'queryContext => new SingleQueryingEnumerable<Role>(
    (RelationalQueryContext)queryContext, 
    RelationalCommandCache.QueryExpression(
        Projection Mapping:
            EmptyProjectionMember -> Dictionary<IProperty, int> { [Property: Role.Id (int) Required PK AfterSave:Throw ValueGenerated.OnAdd, 0], [Property: Role.Name (string) Required Index MaxLength(50), 1] }
        SELECT r.Id, r.Name
        FROM Roles AS r), 
    null, 
    Func<QueryContext, DbDataReader, ResultContext, SingleQueryResultCoordinator, Role>, 
    SmartHorse.Infrastructure.Persistence.ApplicationDbContext, 
    False, 
    False, 
    True
)'
2026-07-03 17:37:54.629 +03:00 [DBG] Opening connection to database 'SmartHorseDb' on server 'localhost\SQLEXPRESS01'.
2026-07-03 17:37:54.631 +03:00 [DBG] Opened connection to database 'SmartHorseDb' on server 'localhost\SQLEXPRESS01'.
2026-07-03 17:37:54.633 +03:00 [DBG] Creating DbCommand for 'ExecuteReader'.
2026-07-03 17:37:54.635 +03:00 [DBG] Created DbCommand for 'ExecuteReader' (1ms).
2026-07-03 17:37:54.636 +03:00 [DBG] Initialized DbCommand for 'ExecuteReader' (3ms).
2026-07-03 17:37:54.638 +03:00 [DBG] Executing DbCommand [Parameters=[], CommandType='"Text"', CommandTimeout='30']
SELECT [r].[Id], [r].[Name]
FROM [Roles] AS [r]
2026-07-03 17:37:54.645 +03:00 [INF] Executed DbCommand (6ms) [Parameters=[], CommandType='"Text"', CommandTimeout='30']
SELECT [r].[Id], [r].[Name]
FROM [Roles] AS [r]
2026-07-03 17:37:54.678 +03:00 [DBG] Context 'ApplicationDbContext' started tracking 'Role' entity. Consider using 'DbContextOptionsBuilder.EnableSensitiveDataLogging' to see key values.
2026-07-03 17:37:54.694 +03:00 [DBG] Context 'ApplicationDbContext' started tracking 'Role' entity. Consider using 'DbContextOptionsBuilder.EnableSensitiveDataLogging' to see key values.
2026-07-03 17:37:54.696 +03:00 [DBG] Context 'ApplicationDbContext' started tracking 'Role' entity. Consider using 'DbContextOptionsBuilder.EnableSensitiveDataLogging' to see key values.
2026-07-03 17:37:54.697 +03:00 [DBG] Context 'ApplicationDbContext' started tracking 'Role' entity. Consider using 'DbContextOptionsBuilder.EnableSensitiveDataLogging' to see key values.
2026-07-03 17:37:54.699 +03:00 [DBG] Context 'ApplicationDbContext' started tracking 'Role' entity. Consider using 'DbContextOptionsBuilder.EnableSensitiveDataLogging' to see key values.
2026-07-03 17:37:54.700 +03:00 [DBG] Context 'ApplicationDbContext' started tracking 'Role' entity. Consider using 'DbContextOptionsBuilder.EnableSensitiveDataLogging' to see key values.
2026-07-03 17:37:54.702 +03:00 [DBG] Closing data reader to 'SmartHorseDb' on server 'localhost\SQLEXPRESS01'.
2026-07-03 17:37:54.704 +03:00 [DBG] A data reader for 'SmartHorseDb' on server 'localhost\SQLEXPRESS01' is being disposed after spending 55ms reading results.
2026-07-03 17:37:54.706 +03:00 [DBG] Closing connection to database 'SmartHorseDb' on server 'localhost\SQLEXPRESS01'.
2026-07-03 17:37:54.708 +03:00 [DBG] Closed connection to database 'SmartHorseDb' on server 'localhost\SQLEXPRESS01' (1ms).
2026-07-03 17:37:54.713 +03:00 [DBG] DetectChanges starting for 'ApplicationDbContext'.
2026-07-03 17:37:54.730 +03:00 [DBG] DetectChanges completed for 'ApplicationDbContext'.
2026-07-03 17:37:54.734 +03:00 [DBG] SaveChanges starting for 'ApplicationDbContext'.
2026-07-03 17:37:54.736 +03:00 [DBG] DetectChanges starting for 'ApplicationDbContext'.
2026-07-03 17:37:54.738 +03:00 [DBG] DetectChanges completed for 'ApplicationDbContext'.
2026-07-03 17:37:54.745 +03:00 [DBG] SaveChanges completed for 'ApplicationDbContext' with 0 entities written to the database.
2026-07-03 17:37:54.749 +03:00 [DBG] Compiling query expression: 
'DbSet<Permission>()'
2026-07-03 17:37:54.754 +03:00 [DBG] Generated query execution expression: 
'queryContext => new SingleQueryingEnumerable<Permission>(
    (RelationalQueryContext)queryContext, 
    RelationalCommandCache.QueryExpression(
        Projection Mapping:
            EmptyProjectionMember -> Dictionary<IProperty, int> { [Property: Permission.Id (int) Required PK AfterSave:Throw ValueGenerated.OnAdd, 0], [Property: Permission.Description (string) Required MaxLength(500), 1], [Property: Permission.Key (string) Required Index MaxLength(100), 2] }
        SELECT p.Id, p.Description, p.Key
        FROM Permissions AS p), 
    null, 
    Func<QueryContext, DbDataReader, ResultContext, SingleQueryResultCoordinator, Permission>, 
    SmartHorse.Infrastructure.Persistence.ApplicationDbContext, 
    False, 
    False, 
    True
)'
2026-07-03 17:37:54.757 +03:00 [DBG] Opening connection to database 'SmartHorseDb' on server 'localhost\SQLEXPRESS01'.
2026-07-03 17:37:54.760 +03:00 [DBG] Opened connection to database 'SmartHorseDb' on server 'localhost\SQLEXPRESS01'.
2026-07-03 17:37:54.764 +03:00 [DBG] Creating DbCommand for 'ExecuteReader'.
2026-07-03 17:37:54.766 +03:00 [DBG] Created DbCommand for 'ExecuteReader' (2ms).
2026-07-03 17:37:54.768 +03:00 [DBG] Initialized DbCommand for 'ExecuteReader' (4ms).
2026-07-03 17:37:54.769 +03:00 [DBG] Executing DbCommand [Parameters=[], CommandType='"Text"', CommandTimeout='30']
SELECT [p].[Id], [p].[Description], [p].[Key]
FROM [Permissions] AS [p]
2026-07-03 17:37:54.786 +03:00 [INF] Executed DbCommand (16ms) [Parameters=[], CommandType='"Text"', CommandTimeout='30']
SELECT [p].[Id], [p].[Description], [p].[Key]
FROM [Permissions] AS [p]
2026-07-03 17:37:54.797 +03:00 [DBG] Context 'ApplicationDbContext' started tracking 'Permission' entity. Consider using 'DbContextOptionsBuilder.EnableSensitiveDataLogging' to see key values.
2026-07-03 17:37:54.806 +03:00 [DBG] Context 'ApplicationDbContext' started tracking 'Permission' entity. Consider using 'DbContextOptionsBuilder.EnableSensitiveDataLogging' to see key values.
2026-07-03 17:37:54.808 +03:00 [DBG] Context 'ApplicationDbContext' started tracking 'Permission' entity. Consider using 'DbContextOptionsBuilder.EnableSensitiveDataLogging' to see key values.
2026-07-03 17:37:54.810 +03:00 [DBG] Context 'ApplicationDbContext' started tracking 'Permission' entity. Consider using 'DbContextOptionsBuilder.EnableSensitiveDataLogging' to see key values.
2026-07-03 17:37:54.812 +03:00 [DBG] Context 'ApplicationDbContext' started tracking 'Permission' entity. Consider using 'DbContextOptionsBuilder.EnableSensitiveDataLogging' to see key values.
2026-07-03 17:37:54.813 +03:00 [DBG] Context 'ApplicationDbContext' started tracking 'Permission' entity. Consider using 'DbContextOptionsBuilder.EnableSensitiveDataLogging' to see key values.
2026-07-03 17:37:54.816 +03:00 [DBG] Closing data reader to 'SmartHorseDb' on server 'localhost\SQLEXPRESS01'.
2026-07-03 17:37:54.817 +03:00 [DBG] A data reader for 'SmartHorseDb' on server 'localhost\SQLEXPRESS01' is being disposed after spending 28ms reading results.
2026-07-03 17:37:54.819 +03:00 [DBG] Closing connection to database 'SmartHorseDb' on server 'localhost\SQLEXPRESS01'.
2026-07-03 17:37:54.820 +03:00 [DBG] Closed connection to database 'SmartHorseDb' on server 'localhost\SQLEXPRESS01' (1ms).
2026-07-03 17:37:54.822 +03:00 [DBG] DetectChanges starting for 'ApplicationDbContext'.
2026-07-03 17:37:54.827 +03:00 [DBG] DetectChanges completed for 'ApplicationDbContext'.
2026-07-03 17:37:54.828 +03:00 [DBG] SaveChanges starting for 'ApplicationDbContext'.
2026-07-03 17:37:54.829 +03:00 [DBG] DetectChanges starting for 'ApplicationDbContext'.
2026-07-03 17:37:54.830 +03:00 [DBG] DetectChanges completed for 'ApplicationDbContext'.
2026-07-03 17:37:54.832 +03:00 [DBG] SaveChanges completed for 'ApplicationDbContext' with 0 entities written to the database.
2026-07-03 17:37:54.845 +03:00 [DBG] Compiling query expression: 
'DbSet<RolePermission>()
    .Where(rp => rp.RoleId == __adminRole_Id_0)
    .Select(rp => rp.PermissionId)'
2026-07-03 17:37:54.903 +03:00 [DBG] Generated query execution expression: 
'queryContext => new SingleQueryingEnumerable<int>(
    (RelationalQueryContext)queryContext, 
    RelationalCommandCache.QueryExpression(
        Projection Mapping:
            EmptyProjectionMember -> 0
        SELECT r.PermissionId
        FROM RolePermissions AS r
        WHERE r.RoleId == @__adminRole_Id_0), 
    null, 
    Func<QueryContext, DbDataReader, ResultContext, SingleQueryResultCoordinator, int>, 
    SmartHorse.Infrastructure.Persistence.ApplicationDbContext, 
    False, 
    False, 
    True
)'
2026-07-03 17:37:54.916 +03:00 [DBG] Opening connection to database 'SmartHorseDb' on server 'localhost\SQLEXPRESS01'.
2026-07-03 17:37:54.919 +03:00 [DBG] Opened connection to database 'SmartHorseDb' on server 'localhost\SQLEXPRESS01'.
2026-07-03 17:37:54.922 +03:00 [DBG] Creating DbCommand for 'ExecuteReader'.
2026-07-03 17:37:54.924 +03:00 [DBG] Created DbCommand for 'ExecuteReader' (1ms).
2026-07-03 17:37:54.929 +03:00 [DBG] Initialized DbCommand for 'ExecuteReader' (7ms).
2026-07-03 17:37:54.935 +03:00 [DBG] Executing DbCommand [Parameters=[@__adminRole_Id_0='?' (DbType = Int32)], CommandType='"Text"', CommandTimeout='30']
SELECT [r].[PermissionId]
FROM [RolePermissions] AS [r]
WHERE [r].[RoleId] = @__adminRole_Id_0
2026-07-03 17:37:54.971 +03:00 [INF] Executed DbCommand (40ms) [Parameters=[@__adminRole_Id_0='?' (DbType = Int32)], CommandType='"Text"', CommandTimeout='30']
SELECT [r].[PermissionId]
FROM [RolePermissions] AS [r]
WHERE [r].[RoleId] = @__adminRole_Id_0
2026-07-03 17:37:54.976 +03:00 [DBG] Closing data reader to 'SmartHorseDb' on server 'localhost\SQLEXPRESS01'.
2026-07-03 17:37:54.979 +03:00 [DBG] A data reader for 'SmartHorseDb' on server 'localhost\SQLEXPRESS01' is being disposed after spending 4ms reading results.
2026-07-03 17:37:54.980 +03:00 [DBG] Closing connection to database 'SmartHorseDb' on server 'localhost\SQLEXPRESS01'.
2026-07-03 17:37:54.982 +03:00 [DBG] Closed connection to database 'SmartHorseDb' on server 'localhost\SQLEXPRESS01' (1ms).
2026-07-03 17:37:54.984 +03:00 [DBG] DetectChanges starting for 'ApplicationDbContext'.
2026-07-03 17:37:54.985 +03:00 [DBG] DetectChanges completed for 'ApplicationDbContext'.
2026-07-03 17:37:54.987 +03:00 [DBG] SaveChanges starting for 'ApplicationDbContext'.
2026-07-03 17:37:54.988 +03:00 [DBG] DetectChanges starting for 'ApplicationDbContext'.
2026-07-03 17:37:54.989 +03:00 [DBG] DetectChanges completed for 'ApplicationDbContext'.
2026-07-03 17:37:54.990 +03:00 [DBG] SaveChanges completed for 'ApplicationDbContext' with 0 entities written to the database.
2026-07-03 17:37:54.995 +03:00 [WRN] Seed:AdminEmail / Seed:AdminPassword not configured — skipping Administrator seed. Set these via environment variables or user secrets before first run.
2026-07-03 17:37:54.996 +03:00 [DBG] DetectChanges starting for 'ApplicationDbContext'.
2026-07-03 17:37:54.998 +03:00 [DBG] DetectChanges completed for 'ApplicationDbContext'.
2026-07-03 17:37:54.999 +03:00 [DBG] SaveChanges starting for 'ApplicationDbContext'.
2026-07-03 17:37:55.000 +03:00 [DBG] DetectChanges starting for 'ApplicationDbContext'.
2026-07-03 17:37:55.001 +03:00 [DBG] DetectChanges completed for 'ApplicationDbContext'.
2026-07-03 17:37:55.002 +03:00 [DBG] SaveChanges completed for 'ApplicationDbContext' with 0 entities written to the database.
2026-07-03 17:37:55.005 +03:00 [DBG] 'ApplicationDbContext' disposed.
2026-07-03 17:37:55.008 +03:00 [DBG] Disposing connection to database 'SmartHorseDb' on server 'localhost\SQLEXPRESS01'.
2026-07-03 17:37:55.011 +03:00 [DBG] Disposed connection to database '' on server '' (3ms).
2026-07-03 17:37:55.063 +03:00 [DBG] Registered model binder providers, in the following order: ["Asp.Versioning.ApiVersionModelBinderProvider","Microsoft.AspNetCore.Mvc.ModelBinding.Binders.BinderTypeModelBinderProvider","Microsoft.AspNetCore.Mvc.ModelBinding.Binders.ServicesModelBinderProvider","Microsoft.AspNetCore.Mvc.ModelBinding.Binders.BodyModelBinderProvider","Microsoft.AspNetCore.Mvc.ModelBinding.Binders.HeaderModelBinderProvider","Microsoft.AspNetCore.Mvc.ModelBinding.Binders.FloatingPointTypeModelBinderProvider","Microsoft.AspNetCore.Mvc.ModelBinding.Binders.EnumTypeModelBinderProvider","Microsoft.AspNetCore.Mvc.ModelBinding.Binders.DateTimeModelBinderProvider","Microsoft.AspNetCore.Mvc.ModelBinding.Binders.SimpleTypeModelBinderProvider","Microsoft.AspNetCore.Mvc.ModelBinding.Binders.TryParseModelBinderProvider","Microsoft.AspNetCore.Mvc.ModelBinding.Binders.CancellationTokenModelBinderProvider","Microsoft.AspNetCore.Mvc.ModelBinding.Binders.ByteArrayModelBinderProvider","Microsoft.AspNetCore.Mvc.ModelBinding.Binders.FormFileModelBinderProvider","Microsoft.AspNetCore.Mvc.ModelBinding.Binders.FormCollectionModelBinderProvider","Microsoft.AspNetCore.Mvc.ModelBinding.Binders.KeyValuePairModelBinderProvider","Microsoft.AspNetCore.Mvc.ModelBinding.Binders.DictionaryModelBinderProvider","Microsoft.AspNetCore.Mvc.ModelBinding.Binders.ArrayModelBinderProvider","Microsoft.AspNetCore.Mvc.ModelBinding.Binders.CollectionModelBinderProvider","Microsoft.AspNetCore.Mvc.ModelBinding.Binders.ComplexObjectModelBinderProvider"]
2026-07-03 17:37:55.155 +03:00 [DBG] Hosting starting
2026-07-03 17:37:55.173 +03:00 [INF] User profile is available. Using 'C:\Users\hp\AppData\Local\ASP.NET\DataProtection-Keys' as key repository and Windows DPAPI to encrypt keys at rest.
2026-07-03 17:37:55.185 +03:00 [DBG] Reading data from file 'C:\Users\hp\AppData\Local\ASP.NET\DataProtection-Keys\key-a5154c86-3fed-4f46-bc83-c0f5d1c7ea14.xml'.
2026-07-03 17:37:55.192 +03:00 [DBG] Found key {a5154c86-3fed-4f46-bc83-c0f5d1c7ea14}.
2026-07-03 17:37:55.204 +03:00 [DBG] Considering key {a5154c86-3fed-4f46-bc83-c0f5d1c7ea14} with expiration date 2026-10-01 14:32:09Z as default key.
2026-07-03 17:37:55.208 +03:00 [DBG] Forwarded activator type request from Microsoft.AspNetCore.DataProtection.XmlEncryption.DpapiXmlDecryptor, Microsoft.AspNetCore.DataProtection, Version=8.0.0.0, Culture=neutral, PublicKeyToken=adb9793829ddae60 to Microsoft.AspNetCore.DataProtection.XmlEncryption.DpapiXmlDecryptor, Microsoft.AspNetCore.DataProtection, Culture=neutral, PublicKeyToken=adb9793829ddae60
2026-07-03 17:37:55.211 +03:00 [DBG] Decrypting secret element using Windows DPAPI.
2026-07-03 17:37:55.213 +03:00 [DBG] Forwarded activator type request from Microsoft.AspNetCore.DataProtection.AuthenticatedEncryption.ConfigurationModel.AuthenticatedEncryptorDescriptorDeserializer, Microsoft.AspNetCore.DataProtection, Version=8.0.0.0, Culture=neutral, PublicKeyToken=adb9793829ddae60 to Microsoft.AspNetCore.DataProtection.AuthenticatedEncryption.ConfigurationModel.AuthenticatedEncryptorDescriptorDeserializer, Microsoft.AspNetCore.DataProtection, Culture=neutral, PublicKeyToken=adb9793829ddae60
2026-07-03 17:37:55.215 +03:00 [DBG] Opening CNG algorithm 'AES' from provider 'null' with chaining mode CBC.
2026-07-03 17:37:55.217 +03:00 [DBG] Opening CNG algorithm 'SHA256' from provider 'null' with HMAC.
2026-07-03 17:37:55.220 +03:00 [DBG] Using key {a5154c86-3fed-4f46-bc83-c0f5d1c7ea14} as the default key.
2026-07-03 17:37:55.221 +03:00 [DBG] Key ring with default key {a5154c86-3fed-4f46-bc83-c0f5d1c7ea14} was loaded during application startup.
2026-07-03 17:37:55.236 +03:00 [WRN] The WebRootPath was not found: D:\Graduation Project\SmartHorse.Backend\src\SmartHorse.API\wwwroot. Static files may be unavailable.
2026-07-03 17:37:55.359 +03:00 [INF] Now listening on: https://localhost:7080
2026-07-03 17:37:55.362 +03:00 [INF] Now listening on: http://localhost:5080
2026-07-03 17:37:55.363 +03:00 [DBG] Loaded hosting startup assembly SmartHorse.API
2026-07-03 17:37:55.364 +03:00 [INF] Application started. Press Ctrl+C to shut down.
2026-07-03 17:37:55.365 +03:00 [INF] Hosting environment: Development
2026-07-03 17:37:55.367 +03:00 [INF] Content root path: D:\Graduation Project\SmartHorse.Backend\src\SmartHorse.API
2026-07-03 17:37:55.368 +03:00 [DBG] Hosting started
2026-07-03 17:38:07.774 +03:00 [DBG] Connection id "0HNMP22PEOOK6" accepted.
2026-07-03 17:38:07.777 +03:00 [DBG] Connection id "0HNMP22PEOOK6" started.
2026-07-03 17:38:07.778 +03:00 [DBG] Connection id "0HNMP22PEOOK7" accepted.
2026-07-03 17:38:07.781 +03:00 [DBG] Connection id "0HNMP22PEOOK7" started.
2026-07-03 17:38:07.823 +03:00 [DBG] Connection id "0HNMP22PEOOK6" received FIN.
2026-07-03 17:38:07.840 +03:00 [DBG] Connection 0HNMP22PEOOK6 established using the following protocol: "Tls13"
2026-07-03 17:38:07.840 +03:00 [DBG] Connection 0HNMP22PEOOK7 established using the following protocol: "Tls13"
2026-07-03 17:38:07.862 +03:00 [DBG] Connection id "0HNMP22PEOOK6" is closed. The last processed stream ID was 0.
2026-07-03 17:38:07.866 +03:00 [DBG] Connection id "0HNMP22PEOOK6" sending FIN because: "The Socket transport's send loop completed gracefully."
2026-07-03 17:38:07.872 +03:00 [DBG] The connection queue processing loop for 0HNMP22PEOOK6 completed.
2026-07-03 17:38:07.878 +03:00 [DBG] Connection id "0HNMP22PEOOK6" stopped.
2026-07-03 17:38:07.917 +03:00 [INF] Request starting HTTP/2 GET https://localhost:7080/ - null null
2026-07-03 17:38:07.930 +03:00 [DBG] Wildcard detected, all requests with hosts will be allowed.
2026-07-03 17:38:08.047 +03:00 [DBG] No candidates found for the request path '/'
2026-07-03 17:38:08.051 +03:00 [DBG] Request did not match any endpoints
2026-07-03 17:38:08.106 +03:00 [DBG] The request path  does not match the path filter
2026-07-03 17:38:08.139 +03:00 [DBG] The request path / does not match a supported file type
2026-07-03 17:38:08.193 +03:00 [ERR] HTTP GET / responded 500 in 128.2209 ms
System.ArgumentException: No supported key formats were found. Check that the input represents the contents of a PEM-encoded key file, not the path to such a file. (Parameter 'input')
   at System.Security.Cryptography.PemKeyHelpers.ImportPem(ReadOnlySpan`1 input, FindImportActionFunc callback)
   at SmartHorse.API.Extensions.AuthenticationExtensions.<>c.<AddSmartHorseAuthentication>b__0_1(JwtBearerOptions jwtBearerOptions, IOptions`1 jwtSettingsOptions) in D:\Graduation Project\SmartHorse.Backend\src\SmartHorse.API\Extensions\AuthenticationExtensions.cs:line 43
   at Microsoft.Extensions.Options.OptionsFactory`1.Create(String name)
   at System.Lazy`1.ViaFactory(LazyThreadSafetyMode mode)
   at System.Lazy`1.ExecutionAndPublication(LazyHelper executionAndPublication, Boolean useDefaultConstructor)
   at System.Lazy`1.CreateValue()
   at Microsoft.Extensions.Options.OptionsCache`1.GetOrAdd[TArg](String name, Func`3 createOptions, TArg factoryArgument)
   at Microsoft.Extensions.Options.OptionsMonitor`1.Get(String name)
   at Microsoft.AspNetCore.Authentication.AuthenticationHandler`1.InitializeAsync(AuthenticationScheme scheme, HttpContext context)
   at Microsoft.AspNetCore.Authentication.AuthenticationHandlerProvider.GetHandlerAsync(HttpContext context, String authenticationScheme)
   at Microsoft.AspNetCore.Authentication.AuthenticationService.AuthenticateAsync(HttpContext context, String scheme)
   at Microsoft.AspNetCore.Authentication.AuthenticationMiddleware.Invoke(HttpContext context)
   at Microsoft.AspNetCore.RateLimiting.RateLimitingMiddleware.InvokeInternal(HttpContext context, EnableRateLimitingAttribute enableRateLimitingAttribute)
   at Swashbuckle.AspNetCore.SwaggerUI.SwaggerUIMiddleware.Invoke(HttpContext httpContext)
   at Swashbuckle.AspNetCore.Swagger.SwaggerMiddleware.Invoke(HttpContext httpContext, ISwaggerProvider swaggerProvider)
   at Serilog.AspNetCore.RequestLoggingMiddleware.Invoke(HttpContext httpContext)
2026-07-03 17:38:08.219 +03:00 [ERR] Unhandled exception processing GET /
System.ArgumentException: No supported key formats were found. Check that the input represents the contents of a PEM-encoded key file, not the path to such a file. (Parameter 'input')
   at System.Security.Cryptography.PemKeyHelpers.ImportPem(ReadOnlySpan`1 input, FindImportActionFunc callback)
   at SmartHorse.API.Extensions.AuthenticationExtensions.<>c.<AddSmartHorseAuthentication>b__0_1(JwtBearerOptions jwtBearerOptions, IOptions`1 jwtSettingsOptions) in D:\Graduation Project\SmartHorse.Backend\src\SmartHorse.API\Extensions\AuthenticationExtensions.cs:line 43
   at Microsoft.Extensions.Options.OptionsFactory`1.Create(String name)
   at System.Lazy`1.ViaFactory(LazyThreadSafetyMode mode)
   at System.Lazy`1.ExecutionAndPublication(LazyHelper executionAndPublication, Boolean useDefaultConstructor)
   at System.Lazy`1.CreateValue()
   at Microsoft.Extensions.Options.OptionsCache`1.GetOrAdd[TArg](String name, Func`3 createOptions, TArg factoryArgument)
   at Microsoft.Extensions.Options.OptionsMonitor`1.Get(String name)
   at Microsoft.AspNetCore.Authentication.AuthenticationHandler`1.InitializeAsync(AuthenticationScheme scheme, HttpContext context)
   at Microsoft.AspNetCore.Authentication.AuthenticationHandlerProvider.GetHandlerAsync(HttpContext context, String authenticationScheme)
   at Microsoft.AspNetCore.Authentication.AuthenticationService.AuthenticateAsync(HttpContext context, String scheme)
   at Microsoft.AspNetCore.Authentication.AuthenticationMiddleware.Invoke(HttpContext context)
   at Microsoft.AspNetCore.RateLimiting.RateLimitingMiddleware.InvokeInternal(HttpContext context, EnableRateLimitingAttribute enableRateLimitingAttribute)
   at Swashbuckle.AspNetCore.SwaggerUI.SwaggerUIMiddleware.Invoke(HttpContext httpContext)
   at Swashbuckle.AspNetCore.Swagger.SwaggerMiddleware.Invoke(HttpContext httpContext, ISwaggerProvider swaggerProvider)
   at Serilog.AspNetCore.RequestLoggingMiddleware.Invoke(HttpContext httpContext)
   at SmartHorse.API.Middleware.CorrelationIdMiddleware.InvokeAsync(HttpContext context) in D:\Graduation Project\SmartHorse.Backend\src\SmartHorse.API\Middleware\CorrelationIdMiddleware.cs:line 31
   at SmartHorse.API.Middleware.ExceptionHandlingMiddleware.InvokeAsync(HttpContext context) in D:\Graduation Project\SmartHorse.Backend\src\SmartHorse.API\Middleware\ExceptionHandlingMiddleware.cs:line 37
2026-07-03 17:38:08.293 +03:00 [INF] Request finished HTTP/2 GET https://localhost:7080/ - 500 null application/problem+json 378.8637ms
2026-07-03 17:38:08.357 +03:00 [INF] Request starting HTTP/2 GET https://localhost:7080/favicon.ico - null null
2026-07-03 17:38:08.364 +03:00 [DBG] No candidates found for the request path '/favicon.ico'
2026-07-03 17:38:08.367 +03:00 [DBG] Request did not match any endpoints
2026-07-03 17:38:08.370 +03:00 [DBG] The request path  does not match the path filter
2026-07-03 17:38:08.373 +03:00 [DBG] The request path /favicon.ico does not match an existing file
2026-07-03 17:38:08.378 +03:00 [ERR] HTTP GET /favicon.ico responded 500 in 8.7283 ms
System.ArgumentException: No supported key formats were found. Check that the input represents the contents of a PEM-encoded key file, not the path to such a file. (Parameter 'input')
   at System.Security.Cryptography.PemKeyHelpers.ImportPem(ReadOnlySpan`1 input, FindImportActionFunc callback)
   at SmartHorse.API.Extensions.AuthenticationExtensions.<>c.<AddSmartHorseAuthentication>b__0_1(JwtBearerOptions jwtBearerOptions, IOptions`1 jwtSettingsOptions) in D:\Graduation Project\SmartHorse.Backend\src\SmartHorse.API\Extensions\AuthenticationExtensions.cs:line 43
   at Microsoft.Extensions.Options.OptionsFactory`1.Create(String name)
   at System.Lazy`1.ViaFactory(LazyThreadSafetyMode mode)
--- End of stack trace from previous location ---
   at System.Lazy`1.CreateValue()
   at Microsoft.Extensions.Options.OptionsCache`1.GetOrAdd[TArg](String name, Func`3 createOptions, TArg factoryArgument)
   at Microsoft.Extensions.Options.OptionsMonitor`1.Get(String name)
   at Microsoft.AspNetCore.Authentication.AuthenticationHandler`1.InitializeAsync(AuthenticationScheme scheme, HttpContext context)
   at Microsoft.AspNetCore.Authentication.AuthenticationHandlerProvider.GetHandlerAsync(HttpContext context, String authenticationScheme)
   at Microsoft.AspNetCore.Authentication.AuthenticationService.AuthenticateAsync(HttpContext context, String scheme)
   at Microsoft.AspNetCore.Authentication.AuthenticationMiddleware.Invoke(HttpContext context)
   at Microsoft.AspNetCore.RateLimiting.RateLimitingMiddleware.InvokeInternal(HttpContext context, EnableRateLimitingAttribute enableRateLimitingAttribute)
   at Swashbuckle.AspNetCore.SwaggerUI.SwaggerUIMiddleware.Invoke(HttpContext httpContext)
   at Swashbuckle.AspNetCore.Swagger.SwaggerMiddleware.Invoke(HttpContext httpContext, ISwaggerProvider swaggerProvider)
   at Serilog.AspNetCore.RequestLoggingMiddleware.Invoke(HttpContext httpContext)
2026-07-03 17:38:08.391 +03:00 [ERR] Unhandled exception processing GET /favicon.ico
System.ArgumentException: No supported key formats were found. Check that the input represents the contents of a PEM-encoded key file, not the path to such a file. (Parameter 'input')
   at System.Security.Cryptography.PemKeyHelpers.ImportPem(ReadOnlySpan`1 input, FindImportActionFunc callback)
   at SmartHorse.API.Extensions.AuthenticationExtensions.<>c.<AddSmartHorseAuthentication>b__0_1(JwtBearerOptions jwtBearerOptions, IOptions`1 jwtSettingsOptions) in D:\Graduation Project\SmartHorse.Backend\src\SmartHorse.API\Extensions\AuthenticationExtensions.cs:line 43
   at Microsoft.Extensions.Options.OptionsFactory`1.Create(String name)
   at System.Lazy`1.ViaFactory(LazyThreadSafetyMode mode)
--- End of stack trace from previous location ---
   at System.Lazy`1.CreateValue()
   at Microsoft.Extensions.Options.OptionsCache`1.GetOrAdd[TArg](String name, Func`3 createOptions, TArg factoryArgument)
   at Microsoft.Extensions.Options.OptionsMonitor`1.Get(String name)
   at Microsoft.AspNetCore.Authentication.AuthenticationHandler`1.InitializeAsync(AuthenticationScheme scheme, HttpContext context)
   at Microsoft.AspNetCore.Authentication.AuthenticationHandlerProvider.GetHandlerAsync(HttpContext context, String authenticationScheme)
   at Microsoft.AspNetCore.Authentication.AuthenticationService.AuthenticateAsync(HttpContext context, String scheme)
   at Microsoft.AspNetCore.Authentication.AuthenticationMiddleware.Invoke(HttpContext context)
   at Microsoft.AspNetCore.RateLimiting.RateLimitingMiddleware.InvokeInternal(HttpContext context, EnableRateLimitingAttribute enableRateLimitingAttribute)
   at Swashbuckle.AspNetCore.SwaggerUI.SwaggerUIMiddleware.Invoke(HttpContext httpContext)
   at Swashbuckle.AspNetCore.Swagger.SwaggerMiddleware.Invoke(HttpContext httpContext, ISwaggerProvider swaggerProvider)
   at Serilog.AspNetCore.RequestLoggingMiddleware.Invoke(HttpContext httpContext)
   at SmartHorse.API.Middleware.CorrelationIdMiddleware.InvokeAsync(HttpContext context) in D:\Graduation Project\SmartHorse.Backend\src\SmartHorse.API\Middleware\CorrelationIdMiddleware.cs:line 31
   at SmartHorse.API.Middleware.ExceptionHandlingMiddleware.InvokeAsync(HttpContext context) in D:\Graduation Project\SmartHorse.Backend\src\SmartHorse.API\Middleware\ExceptionHandlingMiddleware.cs:line 37
2026-07-03 17:38:08.406 +03:00 [INF] Request finished HTTP/2 GET https://localhost:7080/favicon.ico - 500 null application/problem+json 48.5513ms
2026-07-03 17:40:10.869 +03:00 [INF] Application is shutting down...
2026-07-03 17:40:10.873 +03:00 [DBG] Hosting stopping
2026-07-03 17:40:10.889 +03:00 [DBG] Connection id "0HNMP22PEOOK7" is closing.
2026-07-03 17:40:10.891 +03:00 [DBG] Connection id "0HNMP22PEOOK7" is closed. The last processed stream ID was 3.
2026-07-03 17:40:10.895 +03:00 [DBG] Connection id "0HNMP22PEOOK7" received FIN.
2026-07-03 17:40:10.897 +03:00 [DBG] Connection id "0HNMP22PEOOK7" sending FIN because: "The Socket transport's send loop completed gracefully."
2026-07-03 17:40:10.909 +03:00 [DBG] The connection queue processing loop for 0HNMP22PEOOK7 completed.
2026-07-03 17:40:10.911 +03:00 [DBG] Connection id "0HNMP22PEOOK7" stopped.
2026-07-03 17:40:10.915 +03:00 [DBG] Hosting stopped
2026-07-03 18:01:30.913 +03:00 [DBG] An 'IServiceProvider' was created for internal use by Entity Framework.
2026-07-03 18:01:31.535 +03:00 [DBG] The index {'UserId'} was not created on entity type 'AuditLog' as the properties are already covered by the index {'UserId', 'CreatedAtUtc'}.
2026-07-03 18:01:31.539 +03:00 [DBG] The index {'RoleId'} was not created on entity type 'RolePermission' as the properties are already covered by the index {'RoleId', 'PermissionId'}.
2026-07-03 18:01:31.541 +03:00 [DBG] The index {'UserId'} was not created on entity type 'UserPermissionOverride' as the properties are already covered by the index {'UserId', 'PermissionId'}.
2026-07-03 18:01:31.543 +03:00 [DBG] The index {'UserId'} was not created on entity type 'UserRole' as the properties are already covered by the index {'UserId', 'RoleId'}.
2026-07-03 18:01:31.797 +03:00 [DBG] Entity Framework Core 8.0.8 initialized 'ApplicationDbContext' using provider 'Microsoft.EntityFrameworkCore.SqlServer:8.0.8' with options: MigrationsAssembly=SmartHorse.Infrastructure, Version=1.0.0.0, Culture=neutral, PublicKeyToken=null 
2026-07-03 18:01:31.809 +03:00 [DBG] Creating DbConnection.
2026-07-03 18:01:31.845 +03:00 [DBG] Created DbConnection. (31ms).
2026-07-03 18:01:31.852 +03:00 [DBG] Migrating using database 'SmartHorseDb' on server 'localhost\SQLEXPRESS01'.
2026-07-03 18:01:31.865 +03:00 [DBG] Opening connection to database 'SmartHorseDb' on server 'localhost\SQLEXPRESS01'.
2026-07-03 18:01:32.384 +03:00 [DBG] Opened connection to database 'SmartHorseDb' on server 'localhost\SQLEXPRESS01'.
2026-07-03 18:01:32.397 +03:00 [DBG] Creating DbCommand for 'ExecuteNonQuery'.
2026-07-03 18:01:32.407 +03:00 [DBG] Created DbCommand for 'ExecuteNonQuery' (7ms).
2026-07-03 18:01:32.411 +03:00 [DBG] Initialized DbCommand for 'ExecuteNonQuery' (16ms).
2026-07-03 18:01:32.419 +03:00 [DBG] Executing DbCommand [Parameters=[], CommandType='"Text"', CommandTimeout='30']
SELECT 1
2026-07-03 18:01:32.461 +03:00 [INF] Executed DbCommand (40ms) [Parameters=[], CommandType='"Text"', CommandTimeout='30']
SELECT 1
2026-07-03 18:01:32.469 +03:00 [DBG] Closing connection to database 'SmartHorseDb' on server 'localhost\SQLEXPRESS01'.
2026-07-03 18:01:32.479 +03:00 [DBG] Closed connection to database 'SmartHorseDb' on server 'localhost\SQLEXPRESS01' (6ms).
2026-07-03 18:01:32.486 +03:00 [DBG] Creating DbCommand for 'ExecuteScalar'.
2026-07-03 18:01:32.487 +03:00 [DBG] Created DbCommand for 'ExecuteScalar' (1ms).
2026-07-03 18:01:32.489 +03:00 [DBG] Initialized DbCommand for 'ExecuteScalar' (3ms).
2026-07-03 18:01:32.491 +03:00 [DBG] Opening connection to database 'SmartHorseDb' on server 'localhost\SQLEXPRESS01'.
2026-07-03 18:01:32.494 +03:00 [DBG] Opened connection to database 'SmartHorseDb' on server 'localhost\SQLEXPRESS01'.
2026-07-03 18:01:32.497 +03:00 [DBG] Executing DbCommand [Parameters=[], CommandType='"Text"', CommandTimeout='30']
SELECT OBJECT_ID(N'[__EFMigrationsHistory]');
2026-07-03 18:01:32.525 +03:00 [INF] Executed DbCommand (28ms) [Parameters=[], CommandType='"Text"', CommandTimeout='30']
SELECT OBJECT_ID(N'[__EFMigrationsHistory]');
2026-07-03 18:01:32.528 +03:00 [DBG] Closing connection to database 'SmartHorseDb' on server 'localhost\SQLEXPRESS01'.
2026-07-03 18:01:32.530 +03:00 [DBG] Closed connection to database 'SmartHorseDb' on server 'localhost\SQLEXPRESS01' (2ms).
2026-07-03 18:01:32.534 +03:00 [DBG] Opening connection to database 'SmartHorseDb' on server 'localhost\SQLEXPRESS01'.
2026-07-03 18:01:32.536 +03:00 [DBG] Opened connection to database 'SmartHorseDb' on server 'localhost\SQLEXPRESS01'.
2026-07-03 18:01:32.538 +03:00 [DBG] Creating DbCommand for 'ExecuteNonQuery'.
2026-07-03 18:01:32.539 +03:00 [DBG] Created DbCommand for 'ExecuteNonQuery' (1ms).
2026-07-03 18:01:32.541 +03:00 [DBG] Initialized DbCommand for 'ExecuteNonQuery' (3ms).
2026-07-03 18:01:32.544 +03:00 [DBG] Executing DbCommand [Parameters=[], CommandType='"Text"', CommandTimeout='30']
SELECT 1
2026-07-03 18:01:32.549 +03:00 [INF] Executed DbCommand (5ms) [Parameters=[], CommandType='"Text"', CommandTimeout='30']
SELECT 1
2026-07-03 18:01:32.553 +03:00 [DBG] Closing connection to database 'SmartHorseDb' on server 'localhost\SQLEXPRESS01'.
2026-07-03 18:01:32.556 +03:00 [DBG] Closed connection to database 'SmartHorseDb' on server 'localhost\SQLEXPRESS01' (2ms).
2026-07-03 18:01:32.559 +03:00 [DBG] Creating DbCommand for 'ExecuteScalar'.
2026-07-03 18:01:32.561 +03:00 [DBG] Created DbCommand for 'ExecuteScalar' (2ms).
2026-07-03 18:01:32.563 +03:00 [DBG] Initialized DbCommand for 'ExecuteScalar' (3ms).
2026-07-03 18:01:32.564 +03:00 [DBG] Opening connection to database 'SmartHorseDb' on server 'localhost\SQLEXPRESS01'.
2026-07-03 18:01:32.566 +03:00 [DBG] Opened connection to database 'SmartHorseDb' on server 'localhost\SQLEXPRESS01'.
2026-07-03 18:01:32.568 +03:00 [DBG] Executing DbCommand [Parameters=[], CommandType='"Text"', CommandTimeout='30']
SELECT OBJECT_ID(N'[__EFMigrationsHistory]');
2026-07-03 18:01:32.572 +03:00 [INF] Executed DbCommand (4ms) [Parameters=[], CommandType='"Text"', CommandTimeout='30']
SELECT OBJECT_ID(N'[__EFMigrationsHistory]');
2026-07-03 18:01:32.575 +03:00 [DBG] Closing connection to database 'SmartHorseDb' on server 'localhost\SQLEXPRESS01'.
2026-07-03 18:01:32.578 +03:00 [DBG] Closed connection to database 'SmartHorseDb' on server 'localhost\SQLEXPRESS01' (2ms).
2026-07-03 18:01:32.594 +03:00 [DBG] Opening connection to database 'SmartHorseDb' on server 'localhost\SQLEXPRESS01'.
2026-07-03 18:01:32.597 +03:00 [DBG] Opened connection to database 'SmartHorseDb' on server 'localhost\SQLEXPRESS01'.
2026-07-03 18:01:32.598 +03:00 [DBG] Creating DbCommand for 'ExecuteReader'.
2026-07-03 18:01:32.600 +03:00 [DBG] Created DbCommand for 'ExecuteReader' (1ms).
2026-07-03 18:01:32.602 +03:00 [DBG] Initialized DbCommand for 'ExecuteReader' (3ms).
2026-07-03 18:01:32.604 +03:00 [DBG] Executing DbCommand [Parameters=[], CommandType='"Text"', CommandTimeout='30']
SELECT [MigrationId], [ProductVersion]
FROM [__EFMigrationsHistory]
ORDER BY [MigrationId];
2026-07-03 18:01:32.618 +03:00 [INF] Executed DbCommand (14ms) [Parameters=[], CommandType='"Text"', CommandTimeout='30']
SELECT [MigrationId], [ProductVersion]
FROM [__EFMigrationsHistory]
ORDER BY [MigrationId];
2026-07-03 18:01:32.629 +03:00 [DBG] Closing data reader to 'SmartHorseDb' on server 'localhost\SQLEXPRESS01'.
2026-07-03 18:01:32.632 +03:00 [DBG] A data reader for 'SmartHorseDb' on server 'localhost\SQLEXPRESS01' is being disposed after spending 9ms reading results.
2026-07-03 18:01:32.634 +03:00 [DBG] Closing connection to database 'SmartHorseDb' on server 'localhost\SQLEXPRESS01'.
2026-07-03 18:01:32.636 +03:00 [DBG] Closed connection to database 'SmartHorseDb' on server 'localhost\SQLEXPRESS01' (1ms).
2026-07-03 18:01:32.649 +03:00 [INF] No migrations were applied. The database is already up to date.
2026-07-03 18:01:32.686 +03:00 [DBG] Compiling query expression: 
'DbSet<Role>()'
2026-07-03 18:01:32.834 +03:00 [DBG] Generated query execution expression: 
'queryContext => new SingleQueryingEnumerable<Role>(
    (RelationalQueryContext)queryContext, 
    RelationalCommandCache.QueryExpression(
        Projection Mapping:
            EmptyProjectionMember -> Dictionary<IProperty, int> { [Property: Role.Id (int) Required PK AfterSave:Throw ValueGenerated.OnAdd, 0], [Property: Role.Name (string) Required Index MaxLength(50), 1] }
        SELECT r.Id, r.Name
        FROM Roles AS r), 
    null, 
    Func<QueryContext, DbDataReader, ResultContext, SingleQueryResultCoordinator, Role>, 
    SmartHorse.Infrastructure.Persistence.ApplicationDbContext, 
    False, 
    False, 
    True
)'
2026-07-03 18:01:32.859 +03:00 [DBG] Opening connection to database 'SmartHorseDb' on server 'localhost\SQLEXPRESS01'.
2026-07-03 18:01:32.862 +03:00 [DBG] Opened connection to database 'SmartHorseDb' on server 'localhost\SQLEXPRESS01'.
2026-07-03 18:01:32.864 +03:00 [DBG] Creating DbCommand for 'ExecuteReader'.
2026-07-03 18:01:32.865 +03:00 [DBG] Created DbCommand for 'ExecuteReader' (1ms).
2026-07-03 18:01:32.867 +03:00 [DBG] Initialized DbCommand for 'ExecuteReader' (2ms).
2026-07-03 18:01:32.868 +03:00 [DBG] Executing DbCommand [Parameters=[], CommandType='"Text"', CommandTimeout='30']
SELECT [r].[Id], [r].[Name]
FROM [Roles] AS [r]
2026-07-03 18:01:32.886 +03:00 [INF] Executed DbCommand (18ms) [Parameters=[], CommandType='"Text"', CommandTimeout='30']
SELECT [r].[Id], [r].[Name]
FROM [Roles] AS [r]
2026-07-03 18:01:32.921 +03:00 [DBG] Context 'ApplicationDbContext' started tracking 'Role' entity. Consider using 'DbContextOptionsBuilder.EnableSensitiveDataLogging' to see key values.
2026-07-03 18:01:32.939 +03:00 [DBG] Context 'ApplicationDbContext' started tracking 'Role' entity. Consider using 'DbContextOptionsBuilder.EnableSensitiveDataLogging' to see key values.
2026-07-03 18:01:32.942 +03:00 [DBG] Context 'ApplicationDbContext' started tracking 'Role' entity. Consider using 'DbContextOptionsBuilder.EnableSensitiveDataLogging' to see key values.
2026-07-03 18:01:32.944 +03:00 [DBG] Context 'ApplicationDbContext' started tracking 'Role' entity. Consider using 'DbContextOptionsBuilder.EnableSensitiveDataLogging' to see key values.
2026-07-03 18:01:32.946 +03:00 [DBG] Context 'ApplicationDbContext' started tracking 'Role' entity. Consider using 'DbContextOptionsBuilder.EnableSensitiveDataLogging' to see key values.
2026-07-03 18:01:32.947 +03:00 [DBG] Context 'ApplicationDbContext' started tracking 'Role' entity. Consider using 'DbContextOptionsBuilder.EnableSensitiveDataLogging' to see key values.
2026-07-03 18:01:32.949 +03:00 [DBG] Closing data reader to 'SmartHorseDb' on server 'localhost\SQLEXPRESS01'.
2026-07-03 18:01:32.951 +03:00 [DBG] A data reader for 'SmartHorseDb' on server 'localhost\SQLEXPRESS01' is being disposed after spending 60ms reading results.
2026-07-03 18:01:32.953 +03:00 [DBG] Closing connection to database 'SmartHorseDb' on server 'localhost\SQLEXPRESS01'.
2026-07-03 18:01:32.955 +03:00 [DBG] Closed connection to database 'SmartHorseDb' on server 'localhost\SQLEXPRESS01' (1ms).
2026-07-03 18:01:32.961 +03:00 [DBG] DetectChanges starting for 'ApplicationDbContext'.
2026-07-03 18:01:32.977 +03:00 [DBG] DetectChanges completed for 'ApplicationDbContext'.
2026-07-03 18:01:32.982 +03:00 [DBG] SaveChanges starting for 'ApplicationDbContext'.
2026-07-03 18:01:32.983 +03:00 [DBG] DetectChanges starting for 'ApplicationDbContext'.
2026-07-03 18:01:32.986 +03:00 [DBG] DetectChanges completed for 'ApplicationDbContext'.
2026-07-03 18:01:32.993 +03:00 [DBG] SaveChanges completed for 'ApplicationDbContext' with 0 entities written to the database.
2026-07-03 18:01:32.998 +03:00 [DBG] Compiling query expression: 
'DbSet<Permission>()'
2026-07-03 18:01:33.003 +03:00 [DBG] Generated query execution expression: 
'queryContext => new SingleQueryingEnumerable<Permission>(
    (RelationalQueryContext)queryContext, 
    RelationalCommandCache.QueryExpression(
        Projection Mapping:
            EmptyProjectionMember -> Dictionary<IProperty, int> { [Property: Permission.Id (int) Required PK AfterSave:Throw ValueGenerated.OnAdd, 0], [Property: Permission.Description (string) Required MaxLength(500), 1], [Property: Permission.Key (string) Required Index MaxLength(100), 2] }
        SELECT p.Id, p.Description, p.Key
        FROM Permissions AS p), 
    null, 
    Func<QueryContext, DbDataReader, ResultContext, SingleQueryResultCoordinator, Permission>, 
    SmartHorse.Infrastructure.Persistence.ApplicationDbContext, 
    False, 
    False, 
    True
)'
2026-07-03 18:01:33.006 +03:00 [DBG] Opening connection to database 'SmartHorseDb' on server 'localhost\SQLEXPRESS01'.
2026-07-03 18:01:33.008 +03:00 [DBG] Opened connection to database 'SmartHorseDb' on server 'localhost\SQLEXPRESS01'.
2026-07-03 18:01:33.010 +03:00 [DBG] Creating DbCommand for 'ExecuteReader'.
2026-07-03 18:01:33.012 +03:00 [DBG] Created DbCommand for 'ExecuteReader' (1ms).
2026-07-03 18:01:33.013 +03:00 [DBG] Initialized DbCommand for 'ExecuteReader' (2ms).
2026-07-03 18:01:33.015 +03:00 [DBG] Executing DbCommand [Parameters=[], CommandType='"Text"', CommandTimeout='30']
SELECT [p].[Id], [p].[Description], [p].[Key]
FROM [Permissions] AS [p]
2026-07-03 18:01:33.030 +03:00 [INF] Executed DbCommand (16ms) [Parameters=[], CommandType='"Text"', CommandTimeout='30']
SELECT [p].[Id], [p].[Description], [p].[Key]
FROM [Permissions] AS [p]
2026-07-03 18:01:33.048 +03:00 [DBG] Context 'ApplicationDbContext' started tracking 'Permission' entity. Consider using 'DbContextOptionsBuilder.EnableSensitiveDataLogging' to see key values.
2026-07-03 18:01:33.059 +03:00 [DBG] Context 'ApplicationDbContext' started tracking 'Permission' entity. Consider using 'DbContextOptionsBuilder.EnableSensitiveDataLogging' to see key values.
2026-07-03 18:01:33.062 +03:00 [DBG] Context 'ApplicationDbContext' started tracking 'Permission' entity. Consider using 'DbContextOptionsBuilder.EnableSensitiveDataLogging' to see key values.
2026-07-03 18:01:33.065 +03:00 [DBG] Context 'ApplicationDbContext' started tracking 'Permission' entity. Consider using 'DbContextOptionsBuilder.EnableSensitiveDataLogging' to see key values.
2026-07-03 18:01:33.068 +03:00 [DBG] Context 'ApplicationDbContext' started tracking 'Permission' entity. Consider using 'DbContextOptionsBuilder.EnableSensitiveDataLogging' to see key values.
2026-07-03 18:01:33.071 +03:00 [DBG] Context 'ApplicationDbContext' started tracking 'Permission' entity. Consider using 'DbContextOptionsBuilder.EnableSensitiveDataLogging' to see key values.
2026-07-03 18:01:33.074 +03:00 [DBG] Closing data reader to 'SmartHorseDb' on server 'localhost\SQLEXPRESS01'.
2026-07-03 18:01:33.077 +03:00 [DBG] A data reader for 'SmartHorseDb' on server 'localhost\SQLEXPRESS01' is being disposed after spending 41ms reading results.
2026-07-03 18:01:33.081 +03:00 [DBG] Closing connection to database 'SmartHorseDb' on server 'localhost\SQLEXPRESS01'.
2026-07-03 18:01:33.084 +03:00 [DBG] Closed connection to database 'SmartHorseDb' on server 'localhost\SQLEXPRESS01' (3ms).
2026-07-03 18:01:33.087 +03:00 [DBG] DetectChanges starting for 'ApplicationDbContext'.
2026-07-03 18:01:33.095 +03:00 [DBG] DetectChanges completed for 'ApplicationDbContext'.
2026-07-03 18:01:33.097 +03:00 [DBG] SaveChanges starting for 'ApplicationDbContext'.
2026-07-03 18:01:33.099 +03:00 [DBG] DetectChanges starting for 'ApplicationDbContext'.
2026-07-03 18:01:33.102 +03:00 [DBG] DetectChanges completed for 'ApplicationDbContext'.
2026-07-03 18:01:33.104 +03:00 [DBG] SaveChanges completed for 'ApplicationDbContext' with 0 entities written to the database.
2026-07-03 18:01:33.128 +03:00 [DBG] Compiling query expression: 
'DbSet<RolePermission>()
    .Where(rp => rp.RoleId == __adminRole_Id_0)
    .Select(rp => rp.PermissionId)'
2026-07-03 18:01:33.227 +03:00 [DBG] Generated query execution expression: 
'queryContext => new SingleQueryingEnumerable<int>(
    (RelationalQueryContext)queryContext, 
    RelationalCommandCache.QueryExpression(
        Projection Mapping:
            EmptyProjectionMember -> 0
        SELECT r.PermissionId
        FROM RolePermissions AS r
        WHERE r.RoleId == @__adminRole_Id_0), 
    null, 
    Func<QueryContext, DbDataReader, ResultContext, SingleQueryResultCoordinator, int>, 
    SmartHorse.Infrastructure.Persistence.ApplicationDbContext, 
    False, 
    False, 
    True
)'
2026-07-03 18:01:33.239 +03:00 [DBG] Opening connection to database 'SmartHorseDb' on server 'localhost\SQLEXPRESS01'.
2026-07-03 18:01:33.241 +03:00 [DBG] Opened connection to database 'SmartHorseDb' on server 'localhost\SQLEXPRESS01'.
2026-07-03 18:01:33.243 +03:00 [DBG] Creating DbCommand for 'ExecuteReader'.
2026-07-03 18:01:33.245 +03:00 [DBG] Created DbCommand for 'ExecuteReader' (1ms).
2026-07-03 18:01:33.249 +03:00 [DBG] Initialized DbCommand for 'ExecuteReader' (5ms).
2026-07-03 18:01:33.253 +03:00 [DBG] Executing DbCommand [Parameters=[@__adminRole_Id_0='?' (DbType = Int32)], CommandType='"Text"', CommandTimeout='30']
SELECT [r].[PermissionId]
FROM [RolePermissions] AS [r]
WHERE [r].[RoleId] = @__adminRole_Id_0
2026-07-03 18:01:33.315 +03:00 [INF] Executed DbCommand (64ms) [Parameters=[@__adminRole_Id_0='?' (DbType = Int32)], CommandType='"Text"', CommandTimeout='30']
SELECT [r].[PermissionId]
FROM [RolePermissions] AS [r]
WHERE [r].[RoleId] = @__adminRole_Id_0
2026-07-03 18:01:33.319 +03:00 [DBG] Closing data reader to 'SmartHorseDb' on server 'localhost\SQLEXPRESS01'.
2026-07-03 18:01:33.321 +03:00 [DBG] A data reader for 'SmartHorseDb' on server 'localhost\SQLEXPRESS01' is being disposed after spending 3ms reading results.
2026-07-03 18:01:33.323 +03:00 [DBG] Closing connection to database 'SmartHorseDb' on server 'localhost\SQLEXPRESS01'.
2026-07-03 18:01:33.326 +03:00 [DBG] Closed connection to database 'SmartHorseDb' on server 'localhost\SQLEXPRESS01' (2ms).
2026-07-03 18:01:33.328 +03:00 [DBG] DetectChanges starting for 'ApplicationDbContext'.
2026-07-03 18:01:33.330 +03:00 [DBG] DetectChanges completed for 'ApplicationDbContext'.
2026-07-03 18:01:33.331 +03:00 [DBG] SaveChanges starting for 'ApplicationDbContext'.
2026-07-03 18:01:33.332 +03:00 [DBG] DetectChanges starting for 'ApplicationDbContext'.
2026-07-03 18:01:33.334 +03:00 [DBG] DetectChanges completed for 'ApplicationDbContext'.
2026-07-03 18:01:33.335 +03:00 [DBG] SaveChanges completed for 'ApplicationDbContext' with 0 entities written to the database.
2026-07-03 18:01:33.341 +03:00 [WRN] Seed:AdminEmail / Seed:AdminPassword not configured — skipping Administrator seed. Set these via environment variables or user secrets before first run.
2026-07-03 18:01:33.343 +03:00 [DBG] DetectChanges starting for 'ApplicationDbContext'.
2026-07-03 18:01:33.344 +03:00 [DBG] DetectChanges completed for 'ApplicationDbContext'.
2026-07-03 18:01:33.346 +03:00 [DBG] SaveChanges starting for 'ApplicationDbContext'.
2026-07-03 18:01:33.347 +03:00 [DBG] DetectChanges starting for 'ApplicationDbContext'.
2026-07-03 18:01:33.349 +03:00 [DBG] DetectChanges completed for 'ApplicationDbContext'.
2026-07-03 18:01:33.351 +03:00 [DBG] SaveChanges completed for 'ApplicationDbContext' with 0 entities written to the database.
2026-07-03 18:01:33.354 +03:00 [DBG] 'ApplicationDbContext' disposed.
2026-07-03 18:01:33.357 +03:00 [DBG] Disposing connection to database 'SmartHorseDb' on server 'localhost\SQLEXPRESS01'.
2026-07-03 18:01:33.361 +03:00 [DBG] Disposed connection to database '' on server '' (3ms).
2026-07-03 18:01:33.414 +03:00 [DBG] Registered model binder providers, in the following order: ["Asp.Versioning.ApiVersionModelBinderProvider","Microsoft.AspNetCore.Mvc.ModelBinding.Binders.BinderTypeModelBinderProvider","Microsoft.AspNetCore.Mvc.ModelBinding.Binders.ServicesModelBinderProvider","Microsoft.AspNetCore.Mvc.ModelBinding.Binders.BodyModelBinderProvider","Microsoft.AspNetCore.Mvc.ModelBinding.Binders.HeaderModelBinderProvider","Microsoft.AspNetCore.Mvc.ModelBinding.Binders.FloatingPointTypeModelBinderProvider","Microsoft.AspNetCore.Mvc.ModelBinding.Binders.EnumTypeModelBinderProvider","Microsoft.AspNetCore.Mvc.ModelBinding.Binders.DateTimeModelBinderProvider","Microsoft.AspNetCore.Mvc.ModelBinding.Binders.SimpleTypeModelBinderProvider","Microsoft.AspNetCore.Mvc.ModelBinding.Binders.TryParseModelBinderProvider","Microsoft.AspNetCore.Mvc.ModelBinding.Binders.CancellationTokenModelBinderProvider","Microsoft.AspNetCore.Mvc.ModelBinding.Binders.ByteArrayModelBinderProvider","Microsoft.AspNetCore.Mvc.ModelBinding.Binders.FormFileModelBinderProvider","Microsoft.AspNetCore.Mvc.ModelBinding.Binders.FormCollectionModelBinderProvider","Microsoft.AspNetCore.Mvc.ModelBinding.Binders.KeyValuePairModelBinderProvider","Microsoft.AspNetCore.Mvc.ModelBinding.Binders.DictionaryModelBinderProvider","Microsoft.AspNetCore.Mvc.ModelBinding.Binders.ArrayModelBinderProvider","Microsoft.AspNetCore.Mvc.ModelBinding.Binders.CollectionModelBinderProvider","Microsoft.AspNetCore.Mvc.ModelBinding.Binders.ComplexObjectModelBinderProvider"]
2026-07-03 18:01:33.520 +03:00 [DBG] Hosting starting
2026-07-03 18:01:33.533 +03:00 [INF] User profile is available. Using 'C:\Users\hp\AppData\Local\ASP.NET\DataProtection-Keys' as key repository and Windows DPAPI to encrypt keys at rest.
2026-07-03 18:01:33.544 +03:00 [DBG] Reading data from file 'C:\Users\hp\AppData\Local\ASP.NET\DataProtection-Keys\key-a5154c86-3fed-4f46-bc83-c0f5d1c7ea14.xml'.
2026-07-03 18:01:33.551 +03:00 [DBG] Found key {a5154c86-3fed-4f46-bc83-c0f5d1c7ea14}.
2026-07-03 18:01:33.565 +03:00 [DBG] Considering key {a5154c86-3fed-4f46-bc83-c0f5d1c7ea14} with expiration date 2026-10-01 14:32:09Z as default key.
2026-07-03 18:01:33.570 +03:00 [DBG] Forwarded activator type request from Microsoft.AspNetCore.DataProtection.XmlEncryption.DpapiXmlDecryptor, Microsoft.AspNetCore.DataProtection, Version=8.0.0.0, Culture=neutral, PublicKeyToken=adb9793829ddae60 to Microsoft.AspNetCore.DataProtection.XmlEncryption.DpapiXmlDecryptor, Microsoft.AspNetCore.DataProtection, Culture=neutral, PublicKeyToken=adb9793829ddae60
2026-07-03 18:01:33.572 +03:00 [DBG] Decrypting secret element using Windows DPAPI.
2026-07-03 18:01:33.574 +03:00 [DBG] Forwarded activator type request from Microsoft.AspNetCore.DataProtection.AuthenticatedEncryption.ConfigurationModel.AuthenticatedEncryptorDescriptorDeserializer, Microsoft.AspNetCore.DataProtection, Version=8.0.0.0, Culture=neutral, PublicKeyToken=adb9793829ddae60 to Microsoft.AspNetCore.DataProtection.AuthenticatedEncryption.ConfigurationModel.AuthenticatedEncryptorDescriptorDeserializer, Microsoft.AspNetCore.DataProtection, Culture=neutral, PublicKeyToken=adb9793829ddae60
2026-07-03 18:01:33.579 +03:00 [DBG] Opening CNG algorithm 'AES' from provider 'null' with chaining mode CBC.
2026-07-03 18:01:33.583 +03:00 [DBG] Opening CNG algorithm 'SHA256' from provider 'null' with HMAC.
2026-07-03 18:01:33.587 +03:00 [DBG] Using key {a5154c86-3fed-4f46-bc83-c0f5d1c7ea14} as the default key.
2026-07-03 18:01:33.590 +03:00 [DBG] Key ring with default key {a5154c86-3fed-4f46-bc83-c0f5d1c7ea14} was loaded during application startup.
2026-07-03 18:01:33.613 +03:00 [WRN] The WebRootPath was not found: D:\Graduation Project\SmartHorse.Backend\src\SmartHorse.API\wwwroot. Static files may be unavailable.
2026-07-03 18:01:33.757 +03:00 [INF] Now listening on: https://localhost:7080
2026-07-03 18:01:33.760 +03:00 [INF] Now listening on: http://localhost:5080
2026-07-03 18:01:33.762 +03:00 [DBG] Loaded hosting startup assembly SmartHorse.API
2026-07-03 18:01:33.763 +03:00 [INF] Application started. Press Ctrl+C to shut down.
2026-07-03 18:01:33.765 +03:00 [INF] Hosting environment: Development
2026-07-03 18:01:33.767 +03:00 [INF] Content root path: D:\Graduation Project\SmartHorse.Backend\src\SmartHorse.API
2026-07-03 18:01:33.769 +03:00 [DBG] Hosting started
2026-07-03 18:01:49.534 +03:00 [DBG] Connection id "0HNMP2G15NNA4" accepted.
2026-07-03 18:01:49.538 +03:00 [DBG] Connection id "0HNMP2G15NNA4" started.
2026-07-03 18:01:49.621 +03:00 [DBG] Connection 0HNMP2G15NNA4 established using the following protocol: "Tls13"
2026-07-03 18:01:49.755 +03:00 [INF] Request starting HTTP/2 GET https://localhost:7080/ - null null
2026-07-03 18:01:49.768 +03:00 [DBG] Wildcard detected, all requests with hosts will be allowed.
2026-07-03 18:01:49.872 +03:00 [DBG] No candidates found for the request path '/'
2026-07-03 18:01:49.877 +03:00 [DBG] Request did not match any endpoints
2026-07-03 18:01:49.968 +03:00 [DBG] The request path  does not match the path filter
2026-07-03 18:01:50.011 +03:00 [DBG] The request path / does not match a supported file type
2026-07-03 18:01:50.108 +03:00 [DBG] AuthenticationScheme: Bearer was not authenticated.
2026-07-03 18:01:50.120 +03:00 [INF] HTTP GET / responded 404 in 226.4382 ms
2026-07-03 18:01:50.130 +03:00 [INF] Request finished HTTP/2 GET https://localhost:7080/ - 404 0 null 378.7802ms
2026-07-03 18:01:50.142 +03:00 [INF] Request reached the end of the middleware pipeline without being handled by application code. Request path: GET https://localhost:7080/, Response status code: 404
2026-07-03 18:01:51.733 +03:00 [INF] Request starting HTTP/2 GET https://localhost:7080/ - null null
2026-07-03 18:01:51.739 +03:00 [DBG] No candidates found for the request path '/'
2026-07-03 18:01:51.742 +03:00 [DBG] Request did not match any endpoints
2026-07-03 18:01:51.745 +03:00 [DBG] The request path  does not match the path filter
2026-07-03 18:01:51.748 +03:00 [DBG] The request path / does not match a supported file type
2026-07-03 18:01:51.754 +03:00 [DBG] AuthenticationScheme: Bearer was not authenticated.
2026-07-03 18:01:51.756 +03:00 [INF] HTTP GET / responded 404 in 12.6032 ms
2026-07-03 18:01:51.761 +03:00 [INF] Request finished HTTP/2 GET https://localhost:7080/ - 404 0 null 27.884ms
2026-07-03 18:01:51.767 +03:00 [INF] Request reached the end of the middleware pipeline without being handled by application code. Request path: GET https://localhost:7080/, Response status code: 404
2026-07-03 18:01:53.168 +03:00 [INF] Request starting HTTP/2 GET https://localhost:7080/ - null null
2026-07-03 18:01:53.173 +03:00 [DBG] No candidates found for the request path '/'
2026-07-03 18:01:53.175 +03:00 [DBG] Request did not match any endpoints
2026-07-03 18:01:53.178 +03:00 [DBG] The request path  does not match the path filter
2026-07-03 18:01:53.181 +03:00 [DBG] The request path / does not match a supported file type
2026-07-03 18:01:53.186 +03:00 [DBG] AuthenticationScheme: Bearer was not authenticated.
2026-07-03 18:01:53.189 +03:00 [INF] HTTP GET / responded 404 in 12.2164 ms
2026-07-03 18:01:53.194 +03:00 [INF] Request finished HTTP/2 GET https://localhost:7080/ - 404 0 null 26.2626ms
2026-07-03 18:01:53.201 +03:00 [INF] Request reached the end of the middleware pipeline without being handled by application code. Request path: GET https://localhost:7080/, Response status code: 404
2026-07-03 18:02:13.852 +03:00 [DBG] Connection id "0HNMP2G15NNA5" accepted.
2026-07-03 18:02:13.854 +03:00 [DBG] Connection id "0HNMP2G15NNA5" started.
2026-07-03 18:02:13.867 +03:00 [INF] Request starting HTTP/1.1 GET http://localhost:5080/ - null null
2026-07-03 18:02:13.872 +03:00 [DBG] No candidates found for the request path '/'
2026-07-03 18:02:13.872 +03:00 [DBG] Connection id "0HNMP2G15NNA6" accepted.
2026-07-03 18:02:13.874 +03:00 [DBG] Request did not match any endpoints
2026-07-03 18:02:13.876 +03:00 [DBG] Connection id "0HNMP2G15NNA6" started.
2026-07-03 18:02:13.878 +03:00 [DBG] The request path  does not match the path filter
2026-07-03 18:02:13.882 +03:00 [DBG] Https port '7080' discovered from server endpoints.
2026-07-03 18:02:13.887 +03:00 [DBG] Redirecting to 'https://localhost:7080/'.
2026-07-03 18:02:13.891 +03:00 [INF] HTTP GET / responded 307 in 12.9013 ms
2026-07-03 18:02:13.901 +03:00 [DBG] Connection id "0HNMP2G15NNA5" completed keep alive response.
2026-07-03 18:02:13.904 +03:00 [INF] Request finished HTTP/1.1 GET http://localhost:5080/ - 307 0 null 36.9123ms
2026-07-03 18:02:13.906 +03:00 [INF] Request starting HTTP/2 GET https://localhost:7080/ - null null
2026-07-03 18:02:13.915 +03:00 [DBG] No candidates found for the request path '/'
2026-07-03 18:02:13.917 +03:00 [DBG] Request did not match any endpoints
2026-07-03 18:02:13.919 +03:00 [DBG] The request path  does not match the path filter
2026-07-03 18:02:13.922 +03:00 [DBG] The request path / does not match a supported file type
2026-07-03 18:02:13.925 +03:00 [DBG] AuthenticationScheme: Bearer was not authenticated.
2026-07-03 18:02:13.927 +03:00 [INF] HTTP GET / responded 404 in 8.2328 ms
2026-07-03 18:02:13.931 +03:00 [INF] Request finished HTTP/2 GET https://localhost:7080/ - 404 0 null 25.2045ms
2026-07-03 18:02:13.938 +03:00 [INF] Request reached the end of the middleware pipeline without being handled by application code. Request path: GET https://localhost:7080/, Response status code: 404
2026-07-03 18:02:15.955 +03:00 [INF] Request starting HTTP/2 GET https://localhost:7080/ - null null
2026-07-03 18:02:15.960 +03:00 [DBG] No candidates found for the request path '/'
2026-07-03 18:02:15.962 +03:00 [DBG] Request did not match any endpoints
2026-07-03 18:02:15.964 +03:00 [DBG] The request path  does not match the path filter
2026-07-03 18:02:15.966 +03:00 [DBG] The request path / does not match a supported file type
2026-07-03 18:02:15.968 +03:00 [DBG] AuthenticationScheme: Bearer was not authenticated.
2026-07-03 18:02:15.970 +03:00 [INF] HTTP GET / responded 404 in 6.2931 ms
2026-07-03 18:02:15.973 +03:00 [INF] Request finished HTTP/2 GET https://localhost:7080/ - 404 0 null 17.9155ms
2026-07-03 18:02:15.978 +03:00 [INF] Request reached the end of the middleware pipeline without being handled by application code. Request path: GET https://localhost:7080/, Response status code: 404
2026-07-03 18:04:00.947 +03:00 [DBG] Connection id "0HNMP2G15NNA6" received FIN.
2026-07-03 18:04:00.948 +03:00 [DBG] Connection id "0HNMP2G15NNA5" received FIN.
2026-07-03 18:04:00.974 +03:00 [DBG] Connection id "0HNMP2G15NNA4" received FIN.
2026-07-03 18:04:01.017 +03:00 [DBG] Connection id "0HNMP2G15NNA6" sending FIN because: "The Socket transport's send loop completed gracefully."
2026-07-03 18:04:01.019 +03:00 [DBG] Connection id "0HNMP2G15NNA5" disconnecting.
2026-07-03 18:04:01.023 +03:00 [DBG] The connection queue processing loop for 0HNMP2G15NNA4 completed.
2026-07-03 18:04:01.023 +03:00 [DBG] Connection id "0HNMP2G15NNA4" is closed. The last processed stream ID was 9.
2026-07-03 18:04:01.024 +03:00 [DBG] Connection id "0HNMP2G15NNA6" disconnecting.
2026-07-03 18:04:01.025 +03:00 [DBG] Connection id "0HNMP2G15NNA5" sending FIN because: "The Socket transport's send loop completed gracefully."
2026-07-03 18:04:01.030 +03:00 [DBG] Connection id "0HNMP2G15NNA4" sending FIN because: "The Socket transport's send loop completed gracefully."
2026-07-03 18:04:01.034 +03:00 [DBG] Connection id "0HNMP2G15NNA6" stopped.
2026-07-03 18:04:01.037 +03:00 [DBG] Connection id "0HNMP2G15NNA5" stopped.
2026-07-03 18:04:01.042 +03:00 [DBG] Connection id "0HNMP2G15NNA4" stopped.
2026-07-03 18:05:09.384 +03:00 [DBG] Connection id "0HNMP2G15NNA7" accepted.
2026-07-03 18:05:09.386 +03:00 [DBG] Connection id "0HNMP2G15NNA7" started.
2026-07-03 18:05:09.395 +03:00 [DBG] Connection 0HNMP2G15NNA7 established using the following protocol: "Tls13"
2026-07-03 18:05:09.399 +03:00 [INF] Request starting HTTP/2 GET https://localhost:7080/swagger - null null
2026-07-03 18:05:09.406 +03:00 [DBG] No candidates found for the request path '/swagger'
2026-07-03 18:05:09.408 +03:00 [DBG] Request did not match any endpoints
2026-07-03 18:05:09.411 +03:00 [INF] HTTP GET /swagger responded 301 in 0.6020 ms
2026-07-03 18:05:09.414 +03:00 [INF] Request finished HTTP/2 GET https://localhost:7080/swagger - 301 0 null 14.9279ms
2026-07-03 18:05:09.419 +03:00 [INF] Request starting HTTP/2 GET https://localhost:7080/swagger/index.html - null null
2026-07-03 18:05:09.426 +03:00 [DBG] No candidates found for the request path '/swagger/index.html'
2026-07-03 18:05:09.428 +03:00 [DBG] Request did not match any endpoints
2026-07-03 18:05:09.534 +03:00 [INF] HTTP GET /swagger/index.html responded 200 in 102.9537 ms
2026-07-03 18:05:09.538 +03:00 [INF] Request finished HTTP/2 GET https://localhost:7080/swagger/index.html - 200 null text/html;charset=utf-8 118.7619ms
2026-07-03 18:05:09.547 +03:00 [INF] Request starting HTTP/2 GET https://localhost:7080/swagger/swagger-ui.css - null null
2026-07-03 18:05:09.547 +03:00 [INF] Request starting HTTP/2 GET https://localhost:7080/swagger/index.css - null null
2026-07-03 18:05:09.548 +03:00 [INF] Request starting HTTP/2 GET https://localhost:7080/swagger/swagger-ui-bundle.js - null null
2026-07-03 18:05:09.548 +03:00 [INF] Request starting HTTP/2 GET https://localhost:7080/swagger/swagger-ui-standalone-preset.js - null null
2026-07-03 18:05:09.549 +03:00 [INF] Request starting HTTP/2 GET https://localhost:7080/swagger/index.js - null null
2026-07-03 18:05:09.554 +03:00 [DBG] No candidates found for the request path '/swagger/swagger-ui.css'
2026-07-03 18:05:09.559 +03:00 [DBG] No candidates found for the request path '/swagger/index.css'
2026-07-03 18:05:09.564 +03:00 [DBG] No candidates found for the request path '/swagger/swagger-ui-bundle.js'
2026-07-03 18:05:09.569 +03:00 [DBG] No candidates found for the request path '/swagger/swagger-ui-standalone-preset.js'
2026-07-03 18:05:09.574 +03:00 [DBG] No candidates found for the request path '/swagger/index.js'
2026-07-03 18:05:09.576 +03:00 [DBG] Request did not match any endpoints
2026-07-03 18:05:09.578 +03:00 [DBG] Request did not match any endpoints
2026-07-03 18:05:09.581 +03:00 [DBG] Request did not match any endpoints
2026-07-03 18:05:09.583 +03:00 [DBG] Request did not match any endpoints
2026-07-03 18:05:09.584 +03:00 [DBG] Request did not match any endpoints
2026-07-03 18:05:09.595 +03:00 [INF] HTTP GET /swagger/index.js responded 200 in 1.1367 ms
2026-07-03 18:05:09.598 +03:00 [INF] Sending file. Request path: '/index.css'. Physical path: 'N/A'
2026-07-03 18:05:09.600 +03:00 [INF] Request finished HTTP/2 GET https://localhost:7080/swagger/index.js - 200 null application/javascript;charset=utf-8 50.7307ms
2026-07-03 18:05:09.603 +03:00 [INF] HTTP GET /swagger/index.css responded 200 in 14.5653 ms
2026-07-03 18:05:09.614 +03:00 [INF] Request finished HTTP/2 GET https://localhost:7080/swagger/index.css - 200 202 text/css 66.4002ms
2026-07-03 18:05:09.630 +03:00 [INF] Sending file. Request path: '/swagger-ui-standalone-preset.js'. Physical path: 'N/A'
2026-07-03 18:05:09.630 +03:00 [INF] Sending file. Request path: '/swagger-ui.css'. Physical path: 'N/A'
2026-07-03 18:05:09.635 +03:00 [INF] HTTP GET /swagger/swagger-ui-standalone-preset.js responded 200 in 43.1271 ms
2026-07-03 18:05:09.637 +03:00 [INF] HTTP GET /swagger/swagger-ui.css responded 200 in 50.8764 ms
2026-07-03 18:05:09.642 +03:00 [INF] Request finished HTTP/2 GET https://localhost:7080/swagger/swagger-ui-standalone-preset.js - 200 230293 text/javascript 94.4947ms
2026-07-03 18:05:09.645 +03:00 [INF] Request finished HTTP/2 GET https://localhost:7080/swagger/swagger-ui.css - 200 152034 text/css 97.4096ms
2026-07-03 18:05:09.663 +03:00 [INF] Sending file. Request path: '/swagger-ui-bundle.js'. Physical path: 'N/A'
2026-07-03 18:05:09.666 +03:00 [INF] HTTP GET /swagger/swagger-ui-bundle.js responded 200 in 75.0390 ms
2026-07-03 18:05:09.670 +03:00 [INF] Request finished HTTP/2 GET https://localhost:7080/swagger/swagger-ui-bundle.js - 200 1452753 text/javascript 122.3594ms
2026-07-03 18:05:09.875 +03:00 [INF] Request starting HTTP/2 GET https://localhost:7080/swagger/v1/swagger.json - null null
2026-07-03 18:05:09.880 +03:00 [DBG] No candidates found for the request path '/swagger/v1/swagger.json'
2026-07-03 18:05:09.882 +03:00 [DBG] Request did not match any endpoints
2026-07-03 18:05:09.905 +03:00 [INF] Request starting HTTP/2 GET https://localhost:7080/swagger/favicon-32x32.png - null null
2026-07-03 18:05:09.910 +03:00 [DBG] No candidates found for the request path '/swagger/favicon-32x32.png'
2026-07-03 18:05:09.912 +03:00 [DBG] Request did not match any endpoints
2026-07-03 18:05:09.914 +03:00 [INF] Sending file. Request path: '/favicon-32x32.png'. Physical path: 'N/A'
2026-07-03 18:05:09.916 +03:00 [INF] HTTP GET /swagger/favicon-32x32.png responded 200 in 2.5572 ms
2026-07-03 18:05:09.919 +03:00 [INF] Request finished HTTP/2 GET https://localhost:7080/swagger/favicon-32x32.png - 200 628 image/png 13.9803ms
2026-07-03 18:05:10.289 +03:00 [INF] HTTP GET /swagger/v1/swagger.json responded 200 in 405.0586 ms
2026-07-03 18:05:10.294 +03:00 [INF] Request finished HTTP/2 GET https://localhost:7080/swagger/v1/swagger.json - 200 null application/json;charset=utf-8 418.6744ms
2026-07-03 18:05:32.567 +03:00 [INF] Request starting HTTP/2 GET https://localhost:7080/swagger/index.html - null null
2026-07-03 18:05:32.572 +03:00 [DBG] No candidates found for the request path '/swagger/index.html'
2026-07-03 18:05:32.574 +03:00 [DBG] Request did not match any endpoints
2026-07-03 18:05:32.576 +03:00 [INF] HTTP GET /swagger/index.html responded 200 in 0.5107 ms
2026-07-03 18:05:32.580 +03:00 [INF] Request finished HTTP/2 GET https://localhost:7080/swagger/index.html - 200 null text/html;charset=utf-8 13.0211ms
2026-07-03 18:05:32.593 +03:00 [INF] Request starting HTTP/2 GET https://localhost:7080/swagger/index.js - null null
2026-07-03 18:05:32.599 +03:00 [DBG] No candidates found for the request path '/swagger/index.js'
2026-07-03 18:05:32.602 +03:00 [DBG] Request did not match any endpoints
2026-07-03 18:05:32.605 +03:00 [INF] HTTP GET /swagger/index.js responded 200 in 0.5306 ms
2026-07-03 18:05:32.610 +03:00 [INF] Request finished HTTP/2 GET https://localhost:7080/swagger/index.js - 200 null application/javascript;charset=utf-8 16.9819ms
2026-07-03 18:05:32.827 +03:00 [INF] Request starting HTTP/2 GET https://localhost:7080/swagger/v1/swagger.json - null null
2026-07-03 18:05:32.831 +03:00 [DBG] No candidates found for the request path '/swagger/v1/swagger.json'
2026-07-03 18:05:32.832 +03:00 [DBG] Request did not match any endpoints
2026-07-03 18:05:32.871 +03:00 [INF] HTTP GET /swagger/v1/swagger.json responded 200 in 37.1378 ms
2026-07-03 18:05:32.875 +03:00 [INF] Request finished HTTP/2 GET https://localhost:7080/swagger/v1/swagger.json - 200 null application/json;charset=utf-8 48.1379ms
2026-07-03 18:05:59.647 +03:00 [INF] Request starting HTTP/2 GET https://localhost:7080/ - null null
2026-07-03 18:05:59.652 +03:00 [DBG] No candidates found for the request path '/'
2026-07-03 18:05:59.654 +03:00 [DBG] Request did not match any endpoints
2026-07-03 18:05:59.656 +03:00 [DBG] The request path  does not match the path filter
2026-07-03 18:05:59.658 +03:00 [DBG] The request path / does not match a supported file type
2026-07-03 18:05:59.661 +03:00 [DBG] AuthenticationScheme: Bearer was not authenticated.
2026-07-03 18:05:59.663 +03:00 [INF] HTTP GET / responded 404 in 7.1413 ms
2026-07-03 18:05:59.667 +03:00 [INF] Request finished HTTP/2 GET https://localhost:7080/ - 404 0 null 19.6306ms
2026-07-03 18:05:59.674 +03:00 [INF] Request reached the end of the middleware pipeline without being handled by application code. Request path: GET https://localhost:7080/, Response status code: 404
2026-07-03 18:06:01.633 +03:00 [INF] Request starting HTTP/2 GET https://localhost:7080/ - null null
2026-07-03 18:06:01.639 +03:00 [DBG] No candidates found for the request path '/'
2026-07-03 18:06:01.642 +03:00 [DBG] Request did not match any endpoints
2026-07-03 18:06:01.644 +03:00 [DBG] The request path  does not match the path filter
2026-07-03 18:06:01.646 +03:00 [DBG] The request path / does not match a supported file type
2026-07-03 18:06:01.649 +03:00 [DBG] AuthenticationScheme: Bearer was not authenticated.
2026-07-03 18:06:01.652 +03:00 [INF] HTTP GET / responded 404 in 7.4970 ms
2026-07-03 18:06:01.656 +03:00 [INF] Request finished HTTP/2 GET https://localhost:7080/ - 404 0 null 22.4401ms
2026-07-03 18:06:01.662 +03:00 [INF] Request reached the end of the middleware pipeline without being handled by application code. Request path: GET https://localhost:7080/, Response status code: 404
2026-07-03 18:06:02.798 +03:00 [INF] Request starting HTTP/2 GET https://localhost:7080/ - null null
2026-07-03 18:06:02.806 +03:00 [DBG] No candidates found for the request path '/'
2026-07-03 18:06:02.809 +03:00 [DBG] Request did not match any endpoints
2026-07-03 18:06:02.811 +03:00 [DBG] The request path  does not match the path filter
2026-07-03 18:06:02.813 +03:00 [DBG] The request path / does not match a supported file type
2026-07-03 18:06:02.815 +03:00 [DBG] AuthenticationScheme: Bearer was not authenticated.
2026-07-03 18:06:02.817 +03:00 [INF] HTTP GET / responded 404 in 5.7269 ms
2026-07-03 18:06:02.820 +03:00 [INF] Request finished HTTP/2 GET https://localhost:7080/ - 404 0 null 21.8001ms
2026-07-03 18:06:02.827 +03:00 [INF] Request reached the end of the middleware pipeline without being handled by application code. Request path: GET https://localhost:7080/, Response status code: 404
2026-07-03 18:08:03.139 +03:00 [DBG] Connection id "0HNMP2G15NNA7" received FIN.
2026-07-03 18:08:03.141 +03:00 [DBG] Connection id "0HNMP2G15NNA7" is closed. The last processed stream ID was 29.
2026-07-03 18:08:03.142 +03:00 [DBG] The connection queue processing loop for 0HNMP2G15NNA7 completed.
2026-07-03 18:08:03.143 +03:00 [DBG] Connection id "0HNMP2G15NNA7" sending FIN because: "The Socket transport's send loop completed gracefully."
2026-07-03 18:08:03.149 +03:00 [DBG] Connection id "0HNMP2G15NNA7" stopped.
2026-07-03 18:08:48.452 +03:00 [DBG] Connection id "0HNMP2G15NNA8" accepted.
2026-07-03 18:08:48.454 +03:00 [DBG] Connection id "0HNMP2G15NNA8" started.
2026-07-03 18:08:48.466 +03:00 [DBG] Connection 0HNMP2G15NNA8 established using the following protocol: "Tls13"
2026-07-03 18:08:48.469 +03:00 [INF] Request starting HTTP/2 GET https://localhost:7080/ - null null
2026-07-03 18:08:48.473 +03:00 [DBG] No candidates found for the request path '/'
2026-07-03 18:08:48.474 +03:00 [DBG] Request did not match any endpoints
2026-07-03 18:08:48.476 +03:00 [DBG] The request path  does not match the path filter
2026-07-03 18:08:48.477 +03:00 [DBG] The request path / does not match a supported file type
2026-07-03 18:08:48.478 +03:00 [DBG] AuthenticationScheme: Bearer was not authenticated.
2026-07-03 18:08:48.480 +03:00 [INF] HTTP GET / responded 404 in 4.3187 ms
2026-07-03 18:08:48.482 +03:00 [INF] Request finished HTTP/2 GET https://localhost:7080/ - 404 0 null 13.1885ms
2026-07-03 18:08:48.487 +03:00 [INF] Request reached the end of the middleware pipeline without being handled by application code. Request path: GET https://localhost:7080/, Response status code: 404
2026-07-03 18:10:59.966 +03:00 [DBG] Connection id "0HNMP2G15NNA8" is closing.
2026-07-03 18:10:59.970 +03:00 [DBG] Connection id "0HNMP2G15NNA8" is closed. The last processed stream ID was 1.
2026-07-03 18:10:59.975 +03:00 [DBG] Connection id "0HNMP2G15NNA8" received FIN.
2026-07-03 18:10:59.976 +03:00 [DBG] The connection queue processing loop for 0HNMP2G15NNA8 completed.
2026-07-03 18:10:59.978 +03:00 [DBG] Connection id "0HNMP2G15NNA8" sending FIN because: "The Socket transport's send loop completed gracefully."
2026-07-03 18:10:59.996 +03:00 [DBG] Connection id "0HNMP2G15NNA8" stopped.
2026-07-03 18:13:42.064 +03:00 [DBG] Connection id "0HNMP2G15NNA9" accepted.
2026-07-03 18:13:42.066 +03:00 [DBG] Connection id "0HNMP2G15NNA9" started.
2026-07-03 18:13:42.073 +03:00 [DBG] Connection 0HNMP2G15NNA9 established using the following protocol: "Tls13"
2026-07-03 18:13:42.078 +03:00 [INF] Request starting HTTP/2 POST https://localhost:7080/api/v1/auth/register - application/json 158
2026-07-03 18:13:42.105 +03:00 [DBG] 1 candidate(s) found for the request path '/api/v1/auth/register'
2026-07-03 18:13:42.109 +03:00 [DBG] Endpoint 'SmartHorse.API.Controllers.AuthController.Register (SmartHorse.API)' with route pattern 'api/v1/auth/register' is valid for the request path '/api/v1/auth/register'
2026-07-03 18:13:42.121 +03:00 [DBG] Request matched endpoint 'SmartHorse.API.Controllers.AuthController.Register (SmartHorse.API)'
2026-07-03 18:13:42.125 +03:00 [DBG] Static files was skipped as the request already matched an endpoint.
2026-07-03 18:13:42.128 +03:00 [DBG] The request has an origin header: 'https://localhost:7080'.
2026-07-03 18:13:42.131 +03:00 [INF] CORS policy execution failed.
2026-07-03 18:13:42.132 +03:00 [INF] Request origin https://localhost:7080 does not have permission to access the resource.
2026-07-03 18:13:42.139 +03:00 [DBG] Static files was skipped as the request already matched an endpoint.
2026-07-03 18:13:42.141 +03:00 [DBG] AuthenticationScheme: Bearer was not authenticated.
2026-07-03 18:13:42.147 +03:00 [INF] Executing endpoint 'SmartHorse.API.Controllers.AuthController.Register (SmartHorse.API)'
2026-07-03 18:13:42.203 +03:00 [INF] Route matched with {action = "Register", controller = "Auth"}. Executing controller action with signature System.Threading.Tasks.Task`1[Microsoft.AspNetCore.Mvc.ActionResult`1[SmartHorse.Application.Auth.DTOs.AuthResponseDto]] Register(SmartHorse.Application.Auth.Commands.Register.RegisterCommand, System.Threading.CancellationToken) on controller SmartHorse.API.Controllers.AuthController (SmartHorse.API).
2026-07-03 18:13:42.210 +03:00 [DBG] Execution plan of authorization filters (in the following order): ["None"]
2026-07-03 18:13:42.215 +03:00 [DBG] Execution plan of resource filters (in the following order): ["None"]
2026-07-03 18:13:42.219 +03:00 [DBG] Execution plan of action filters (in the following order): ["Microsoft.AspNetCore.Mvc.ModelBinding.UnsupportedContentTypeFilter (Order: -3000)","Microsoft.AspNetCore.Mvc.Infrastructure.ModelStateInvalidFilter (Order: -2000)","Asp.Versioning.ReportApiVersionsAttribute (Order: 0)"]
2026-07-03 18:13:42.224 +03:00 [DBG] Execution plan of exception filters (in the following order): ["None"]
2026-07-03 18:13:42.227 +03:00 [DBG] Execution plan of result filters (in the following order): ["Microsoft.AspNetCore.Mvc.Infrastructure.ClientErrorResultFilter (Order: -2000)","SmartHorse.API.Common.ApiResponseWrapperFilter","Asp.Versioning.ReportApiVersionsAttribute (Order: 0)","Microsoft.AspNetCore.Mvc.ProducesAttribute (Order: 0)"]
2026-07-03 18:13:42.237 +03:00 [DBG] Executing controller factory for controller SmartHorse.API.Controllers.AuthController (SmartHorse.API)
2026-07-03 18:13:42.241 +03:00 [DBG] Executed controller factory for controller SmartHorse.API.Controllers.AuthController (SmartHorse.API)
2026-07-03 18:13:42.254 +03:00 [DBG] Attempting to bind parameter 'command' of type 'SmartHorse.Application.Auth.Commands.Register.RegisterCommand' ...
2026-07-03 18:13:42.261 +03:00 [DBG] Attempting to bind parameter 'command' of type 'SmartHorse.Application.Auth.Commands.Register.RegisterCommand' using the name '' in request data ...
2026-07-03 18:13:42.266 +03:00 [DBG] Selected input formatter 'Microsoft.AspNetCore.Mvc.Formatters.SystemTextJsonInputFormatter' for content type 'application/json'.
2026-07-03 18:13:42.288 +03:00 [DBG] Connection id "0HNMP2G15NNA9", Request id "0HNMP2G15NNA9:00000001": started reading request body.
2026-07-03 18:13:42.292 +03:00 [DBG] Connection id "0HNMP2G15NNA9", Request id "0HNMP2G15NNA9:00000001": done reading request body.
2026-07-03 18:13:42.304 +03:00 [DBG] JSON input formatter succeeded, deserializing to type 'SmartHorse.Application.Auth.Commands.Register.RegisterCommand'
2026-07-03 18:13:42.308 +03:00 [DBG] Done attempting to bind parameter 'command' of type 'SmartHorse.Application.Auth.Commands.Register.RegisterCommand'.
2026-07-03 18:13:42.313 +03:00 [DBG] Done attempting to bind parameter 'command' of type 'SmartHorse.Application.Auth.Commands.Register.RegisterCommand'.
2026-07-03 18:13:42.316 +03:00 [DBG] Attempting to validate the bound parameter 'command' of type 'SmartHorse.Application.Auth.Commands.Register.RegisterCommand' ...
2026-07-03 18:13:42.338 +03:00 [DBG] Done attempting to validate the bound parameter 'command' of type 'SmartHorse.Application.Auth.Commands.Register.RegisterCommand'.
2026-07-03 18:13:42.344 +03:00 [DBG] Attempting to bind parameter 'cancellationToken' of type 'System.Threading.CancellationToken' ...
2026-07-03 18:13:42.348 +03:00 [DBG] Done attempting to bind parameter 'cancellationToken' of type 'System.Threading.CancellationToken'.
2026-07-03 18:13:42.352 +03:00 [DBG] Attempting to validate the bound parameter 'cancellationToken' of type 'System.Threading.CancellationToken' ...
2026-07-03 18:13:42.355 +03:00 [DBG] Done attempting to validate the bound parameter 'cancellationToken' of type 'System.Threading.CancellationToken'.
2026-07-03 18:13:42.473 +03:00 [INF] Executed action SmartHorse.API.Controllers.AuthController.Register (SmartHorse.API) in 232.1075ms
2026-07-03 18:13:42.479 +03:00 [INF] Executed endpoint 'SmartHorse.API.Controllers.AuthController.Register (SmartHorse.API)'
2026-07-03 18:13:42.484 +03:00 [ERR] HTTP POST /api/v1/auth/register responded 500 in 358.4829 ms
SmartHorse.Domain.Exceptions.ValidationException: One or more validation errors occurred.
   at SmartHorse.Application.Common.Behaviors.ValidationBehavior`2.Handle(TRequest request, RequestHandlerDelegate`1 next, CancellationToken cancellationToken) in D:\Graduation Project\SmartHorse.Backend\src\SmartHorse.Application\Common\Behaviors\ValidationBehavior.cs:line 51
   at SmartHorse.API.Controllers.AuthController.Register(RegisterCommand command, CancellationToken cancellationToken) in D:\Graduation Project\SmartHorse.Backend\src\SmartHorse.API\Controllers\AuthController.cs:line 53
   at lambda_method109(Closure, Object)
   at Microsoft.AspNetCore.Mvc.Infrastructure.ActionMethodExecutor.AwaitableObjectResultExecutor.Execute(ActionContext actionContext, IActionResultTypeMapper mapper, ObjectMethodExecutor executor, Object controller, Object[] arguments)
   at Microsoft.AspNetCore.Mvc.Infrastructure.ControllerActionInvoker.<InvokeActionMethodAsync>g__Awaited|12_0(ControllerActionInvoker invoker, ValueTask`1 actionResultValueTask)
   at Microsoft.AspNetCore.Mvc.Infrastructure.ControllerActionInvoker.<InvokeNextActionFilterAsync>g__Awaited|10_0(ControllerActionInvoker invoker, Task lastTask, State next, Scope scope, Object state, Boolean isCompleted)
   at Microsoft.AspNetCore.Mvc.Infrastructure.ControllerActionInvoker.Rethrow(ActionExecutedContextSealed context)
   at Microsoft.AspNetCore.Mvc.Infrastructure.ControllerActionInvoker.Next(State& next, Scope& scope, Object& state, Boolean& isCompleted)
   at Microsoft.AspNetCore.Mvc.Infrastructure.ControllerActionInvoker.InvokeInnerFilterAsync()
--- End of stack trace from previous location ---
   at Microsoft.AspNetCore.Mvc.Infrastructure.ResourceInvoker.<InvokeFilterPipelineAsync>g__Awaited|20_0(ResourceInvoker invoker, Task lastTask, State next, Scope scope, Object state, Boolean isCompleted)
   at Microsoft.AspNetCore.Mvc.Infrastructure.ResourceInvoker.<InvokeAsync>g__Logged|17_1(ResourceInvoker invoker)
   at Microsoft.AspNetCore.Mvc.Infrastructure.ResourceInvoker.<InvokeAsync>g__Logged|17_1(ResourceInvoker invoker)
   at Microsoft.AspNetCore.Routing.EndpointMiddleware.<Invoke>g__AwaitRequestTask|7_0(Endpoint endpoint, Task requestTask, ILogger logger)
   at Microsoft.AspNetCore.Authorization.AuthorizationMiddleware.Invoke(HttpContext context)
   at Microsoft.AspNetCore.Authentication.AuthenticationMiddleware.Invoke(HttpContext context)
   at Microsoft.AspNetCore.RateLimiting.RateLimitingMiddleware.InvokeInternal(HttpContext context, EnableRateLimitingAttribute enableRateLimitingAttribute)
   at Swashbuckle.AspNetCore.SwaggerUI.SwaggerUIMiddleware.Invoke(HttpContext httpContext)
   at Swashbuckle.AspNetCore.Swagger.SwaggerMiddleware.Invoke(HttpContext httpContext, ISwaggerProvider swaggerProvider)
   at Serilog.AspNetCore.RequestLoggingMiddleware.Invoke(HttpContext httpContext)
2026-07-03 18:13:42.532 +03:00 [WRN] ValidationException handled for POST /api/v1/auth/register: One or more validation errors occurred.
2026-07-03 18:13:42.587 +03:00 [INF] Request finished HTTP/2 POST https://localhost:7080/api/v1/auth/register - 400 null application/problem+json 508.8649ms
2026-07-03 18:13:51.321 +03:00 [INF] Request starting HTTP/2 POST https://localhost:7080/api/v1/auth/register - application/json 158
2026-07-03 18:13:51.328 +03:00 [DBG] 1 candidate(s) found for the request path '/api/v1/auth/register'
2026-07-03 18:13:51.330 +03:00 [DBG] Endpoint 'SmartHorse.API.Controllers.AuthController.Register (SmartHorse.API)' with route pattern 'api/v1/auth/register' is valid for the request path '/api/v1/auth/register'
2026-07-03 18:13:51.337 +03:00 [DBG] Request matched endpoint 'SmartHorse.API.Controllers.AuthController.Register (SmartHorse.API)'
2026-07-03 18:13:51.342 +03:00 [DBG] Static files was skipped as the request already matched an endpoint.
2026-07-03 18:13:51.344 +03:00 [DBG] The request has an origin header: 'https://localhost:7080'.
2026-07-03 18:13:51.346 +03:00 [INF] CORS policy execution failed.
2026-07-03 18:13:51.348 +03:00 [INF] Request origin https://localhost:7080 does not have permission to access the resource.
2026-07-03 18:13:51.350 +03:00 [DBG] Static files was skipped as the request already matched an endpoint.
2026-07-03 18:13:51.352 +03:00 [DBG] AuthenticationScheme: Bearer was not authenticated.
2026-07-03 18:13:51.355 +03:00 [INF] Executing endpoint 'SmartHorse.API.Controllers.AuthController.Register (SmartHorse.API)'
2026-07-03 18:13:51.357 +03:00 [INF] Route matched with {action = "Register", controller = "Auth"}. Executing controller action with signature System.Threading.Tasks.Task`1[Microsoft.AspNetCore.Mvc.ActionResult`1[SmartHorse.Application.Auth.DTOs.AuthResponseDto]] Register(SmartHorse.Application.Auth.Commands.Register.RegisterCommand, System.Threading.CancellationToken) on controller SmartHorse.API.Controllers.AuthController (SmartHorse.API).
2026-07-03 18:13:51.361 +03:00 [DBG] Execution plan of authorization filters (in the following order): ["None"]
2026-07-03 18:13:51.363 +03:00 [DBG] Execution plan of resource filters (in the following order): ["None"]
2026-07-03 18:13:51.366 +03:00 [DBG] Execution plan of action filters (in the following order): ["Microsoft.AspNetCore.Mvc.ModelBinding.UnsupportedContentTypeFilter (Order: -3000)","Microsoft.AspNetCore.Mvc.Infrastructure.ModelStateInvalidFilter (Order: -2000)","Asp.Versioning.ReportApiVersionsAttribute (Order: 0)"]
2026-07-03 18:13:51.371 +03:00 [DBG] Execution plan of exception filters (in the following order): ["None"]
2026-07-03 18:13:51.373 +03:00 [DBG] Execution plan of result filters (in the following order): ["Microsoft.AspNetCore.Mvc.Infrastructure.ClientErrorResultFilter (Order: -2000)","SmartHorse.API.Common.ApiResponseWrapperFilter","Asp.Versioning.ReportApiVersionsAttribute (Order: 0)","Microsoft.AspNetCore.Mvc.ProducesAttribute (Order: 0)"]
2026-07-03 18:13:51.377 +03:00 [DBG] Executing controller factory for controller SmartHorse.API.Controllers.AuthController (SmartHorse.API)
2026-07-03 18:13:51.380 +03:00 [DBG] Executed controller factory for controller SmartHorse.API.Controllers.AuthController (SmartHorse.API)
2026-07-03 18:13:51.384 +03:00 [DBG] Attempting to bind parameter 'command' of type 'SmartHorse.Application.Auth.Commands.Register.RegisterCommand' ...
2026-07-03 18:13:51.386 +03:00 [DBG] Attempting to bind parameter 'command' of type 'SmartHorse.Application.Auth.Commands.Register.RegisterCommand' using the name '' in request data ...
2026-07-03 18:13:51.388 +03:00 [DBG] Selected input formatter 'Microsoft.AspNetCore.Mvc.Formatters.SystemTextJsonInputFormatter' for content type 'application/json'.
2026-07-03 18:13:51.391 +03:00 [DBG] Connection id "0HNMP2G15NNA9", Request id "0HNMP2G15NNA9:00000003": started reading request body.
2026-07-03 18:13:51.392 +03:00 [DBG] Connection id "0HNMP2G15NNA9", Request id "0HNMP2G15NNA9:00000003": done reading request body.
2026-07-03 18:13:51.394 +03:00 [DBG] JSON input formatter succeeded, deserializing to type 'SmartHorse.Application.Auth.Commands.Register.RegisterCommand'
2026-07-03 18:13:51.397 +03:00 [DBG] Done attempting to bind parameter 'command' of type 'SmartHorse.Application.Auth.Commands.Register.RegisterCommand'.
2026-07-03 18:13:51.401 +03:00 [DBG] Done attempting to bind parameter 'command' of type 'SmartHorse.Application.Auth.Commands.Register.RegisterCommand'.
2026-07-03 18:13:51.404 +03:00 [DBG] Attempting to validate the bound parameter 'command' of type 'SmartHorse.Application.Auth.Commands.Register.RegisterCommand' ...
2026-07-03 18:13:51.408 +03:00 [DBG] Done attempting to validate the bound parameter 'command' of type 'SmartHorse.Application.Auth.Commands.Register.RegisterCommand'.
2026-07-03 18:13:51.412 +03:00 [DBG] Attempting to bind parameter 'cancellationToken' of type 'System.Threading.CancellationToken' ...
2026-07-03 18:13:51.416 +03:00 [DBG] Done attempting to bind parameter 'cancellationToken' of type 'System.Threading.CancellationToken'.
2026-07-03 18:13:51.420 +03:00 [DBG] Attempting to validate the bound parameter 'cancellationToken' of type 'System.Threading.CancellationToken' ...
2026-07-03 18:13:51.423 +03:00 [DBG] Done attempting to validate the bound parameter 'cancellationToken' of type 'System.Threading.CancellationToken'.
2026-07-03 18:13:51.431 +03:00 [INF] Executed action SmartHorse.API.Controllers.AuthController.Register (SmartHorse.API) in 53.5894ms
2026-07-03 18:13:51.435 +03:00 [INF] Executed endpoint 'SmartHorse.API.Controllers.AuthController.Register (SmartHorse.API)'
2026-07-03 18:13:51.439 +03:00 [ERR] HTTP POST /api/v1/auth/register responded 500 in 96.7418 ms
SmartHorse.Domain.Exceptions.ValidationException: One or more validation errors occurred.
   at SmartHorse.Application.Common.Behaviors.ValidationBehavior`2.Handle(TRequest request, RequestHandlerDelegate`1 next, CancellationToken cancellationToken) in D:\Graduation Project\SmartHorse.Backend\src\SmartHorse.Application\Common\Behaviors\ValidationBehavior.cs:line 51
   at SmartHorse.API.Controllers.AuthController.Register(RegisterCommand command, CancellationToken cancellationToken) in D:\Graduation Project\SmartHorse.Backend\src\SmartHorse.API\Controllers\AuthController.cs:line 53
   at lambda_method109(Closure, Object)
   at Microsoft.AspNetCore.Mvc.Infrastructure.ActionMethodExecutor.AwaitableObjectResultExecutor.Execute(ActionContext actionContext, IActionResultTypeMapper mapper, ObjectMethodExecutor executor, Object controller, Object[] arguments)
   at Microsoft.AspNetCore.Mvc.Infrastructure.ControllerActionInvoker.<InvokeActionMethodAsync>g__Awaited|12_0(ControllerActionInvoker invoker, ValueTask`1 actionResultValueTask)
   at Microsoft.AspNetCore.Mvc.Infrastructure.ControllerActionInvoker.<InvokeNextActionFilterAsync>g__Awaited|10_0(ControllerActionInvoker invoker, Task lastTask, State next, Scope scope, Object state, Boolean isCompleted)
   at Microsoft.AspNetCore.Mvc.Infrastructure.ControllerActionInvoker.Rethrow(ActionExecutedContextSealed context)
   at Microsoft.AspNetCore.Mvc.Infrastructure.ControllerActionInvoker.Next(State& next, Scope& scope, Object& state, Boolean& isCompleted)
   at Microsoft.AspNetCore.Mvc.Infrastructure.ControllerActionInvoker.InvokeInnerFilterAsync()
--- End of stack trace from previous location ---
   at Microsoft.AspNetCore.Mvc.Infrastructure.ResourceInvoker.<InvokeFilterPipelineAsync>g__Awaited|20_0(ResourceInvoker invoker, Task lastTask, State next, Scope scope, Object state, Boolean isCompleted)
   at Microsoft.AspNetCore.Mvc.Infrastructure.ResourceInvoker.<InvokeAsync>g__Logged|17_1(ResourceInvoker invoker)
   at Microsoft.AspNetCore.Mvc.Infrastructure.ResourceInvoker.<InvokeAsync>g__Logged|17_1(ResourceInvoker invoker)
   at Microsoft.AspNetCore.Routing.EndpointMiddleware.<Invoke>g__AwaitRequestTask|7_0(Endpoint endpoint, Task requestTask, ILogger logger)
   at Microsoft.AspNetCore.Authorization.AuthorizationMiddleware.Invoke(HttpContext context)
   at Microsoft.AspNetCore.Authentication.AuthenticationMiddleware.Invoke(HttpContext context)
   at Microsoft.AspNetCore.RateLimiting.RateLimitingMiddleware.InvokeInternal(HttpContext context, EnableRateLimitingAttribute enableRateLimitingAttribute)
   at Swashbuckle.AspNetCore.SwaggerUI.SwaggerUIMiddleware.Invoke(HttpContext httpContext)
   at Swashbuckle.AspNetCore.Swagger.SwaggerMiddleware.Invoke(HttpContext httpContext, ISwaggerProvider swaggerProvider)
   at Serilog.AspNetCore.RequestLoggingMiddleware.Invoke(HttpContext httpContext)
2026-07-03 18:13:51.459 +03:00 [WRN] ValidationException handled for POST /api/v1/auth/register: One or more validation errors occurred.
2026-07-03 18:13:51.464 +03:00 [INF] Request finished HTTP/2 POST https://localhost:7080/api/v1/auth/register - 400 null application/problem+json 142.5739ms
2026-07-03 18:13:53.874 +03:00 [INF] Request starting HTTP/2 POST https://localhost:7080/api/v1/auth/register - application/json 158
2026-07-03 18:13:53.878 +03:00 [DBG] 1 candidate(s) found for the request path '/api/v1/auth/register'
2026-07-03 18:13:53.879 +03:00 [DBG] Endpoint 'SmartHorse.API.Controllers.AuthController.Register (SmartHorse.API)' with route pattern 'api/v1/auth/register' is valid for the request path '/api/v1/auth/register'
2026-07-03 18:13:53.882 +03:00 [DBG] Request matched endpoint 'SmartHorse.API.Controllers.AuthController.Register (SmartHorse.API)'
2026-07-03 18:13:53.883 +03:00 [DBG] Static files was skipped as the request already matched an endpoint.
2026-07-03 18:13:53.885 +03:00 [DBG] The request has an origin header: 'https://localhost:7080'.
2026-07-03 18:13:53.887 +03:00 [INF] CORS policy execution failed.
2026-07-03 18:13:53.888 +03:00 [INF] Request origin https://localhost:7080 does not have permission to access the resource.
2026-07-03 18:13:53.890 +03:00 [DBG] Static files was skipped as the request already matched an endpoint.
2026-07-03 18:13:53.892 +03:00 [DBG] AuthenticationScheme: Bearer was not authenticated.
2026-07-03 18:13:53.893 +03:00 [INF] Executing endpoint 'SmartHorse.API.Controllers.AuthController.Register (SmartHorse.API)'
2026-07-03 18:13:53.895 +03:00 [INF] Route matched with {action = "Register", controller = "Auth"}. Executing controller action with signature System.Threading.Tasks.Task`1[Microsoft.AspNetCore.Mvc.ActionResult`1[SmartHorse.Application.Auth.DTOs.AuthResponseDto]] Register(SmartHorse.Application.Auth.Commands.Register.RegisterCommand, System.Threading.CancellationToken) on controller SmartHorse.API.Controllers.AuthController (SmartHorse.API).
2026-07-03 18:13:53.899 +03:00 [DBG] Execution plan of authorization filters (in the following order): ["None"]
2026-07-03 18:13:53.902 +03:00 [DBG] Execution plan of resource filters (in the following order): ["None"]
2026-07-03 18:13:53.905 +03:00 [DBG] Execution plan of action filters (in the following order): ["Microsoft.AspNetCore.Mvc.ModelBinding.UnsupportedContentTypeFilter (Order: -3000)","Microsoft.AspNetCore.Mvc.Infrastructure.ModelStateInvalidFilter (Order: -2000)","Asp.Versioning.ReportApiVersionsAttribute (Order: 0)"]
2026-07-03 18:13:53.908 +03:00 [DBG] Execution plan of exception filters (in the following order): ["None"]
2026-07-03 18:13:53.911 +03:00 [DBG] Execution plan of result filters (in the following order): ["Microsoft.AspNetCore.Mvc.Infrastructure.ClientErrorResultFilter (Order: -2000)","SmartHorse.API.Common.ApiResponseWrapperFilter","Asp.Versioning.ReportApiVersionsAttribute (Order: 0)","Microsoft.AspNetCore.Mvc.ProducesAttribute (Order: 0)"]
2026-07-03 18:13:53.916 +03:00 [DBG] Executing controller factory for controller SmartHorse.API.Controllers.AuthController (SmartHorse.API)
2026-07-03 18:13:53.920 +03:00 [DBG] Executed controller factory for controller SmartHorse.API.Controllers.AuthController (SmartHorse.API)
2026-07-03 18:13:53.923 +03:00 [DBG] Attempting to bind parameter 'command' of type 'SmartHorse.Application.Auth.Commands.Register.RegisterCommand' ...
2026-07-03 18:13:53.925 +03:00 [DBG] Attempting to bind parameter 'command' of type 'SmartHorse.Application.Auth.Commands.Register.RegisterCommand' using the name '' in request data ...
2026-07-03 18:13:53.929 +03:00 [DBG] Selected input formatter 'Microsoft.AspNetCore.Mvc.Formatters.SystemTextJsonInputFormatter' for content type 'application/json'.
2026-07-03 18:13:53.932 +03:00 [DBG] Connection id "0HNMP2G15NNA9", Request id "0HNMP2G15NNA9:00000005": started reading request body.
2026-07-03 18:13:53.934 +03:00 [DBG] Connection id "0HNMP2G15NNA9", Request id "0HNMP2G15NNA9:00000005": done reading request body.
2026-07-03 18:13:53.937 +03:00 [DBG] JSON input formatter succeeded, deserializing to type 'SmartHorse.Application.Auth.Commands.Register.RegisterCommand'
2026-07-03 18:13:53.939 +03:00 [DBG] Done attempting to bind parameter 'command' of type 'SmartHorse.Application.Auth.Commands.Register.RegisterCommand'.
2026-07-03 18:13:53.941 +03:00 [DBG] Done attempting to bind parameter 'command' of type 'SmartHorse.Application.Auth.Commands.Register.RegisterCommand'.
2026-07-03 18:13:53.944 +03:00 [DBG] Attempting to validate the bound parameter 'command' of type 'SmartHorse.Application.Auth.Commands.Register.RegisterCommand' ...
2026-07-03 18:13:53.947 +03:00 [DBG] Done attempting to validate the bound parameter 'command' of type 'SmartHorse.Application.Auth.Commands.Register.RegisterCommand'.
2026-07-03 18:13:53.951 +03:00 [DBG] Attempting to bind parameter 'cancellationToken' of type 'System.Threading.CancellationToken' ...
2026-07-03 18:13:53.956 +03:00 [DBG] Done attempting to bind parameter 'cancellationToken' of type 'System.Threading.CancellationToken'.
2026-07-03 18:13:53.959 +03:00 [DBG] Attempting to validate the bound parameter 'cancellationToken' of type 'System.Threading.CancellationToken' ...
2026-07-03 18:13:53.964 +03:00 [DBG] Done attempting to validate the bound parameter 'cancellationToken' of type 'System.Threading.CancellationToken'.
2026-07-03 18:13:53.972 +03:00 [INF] Executed action SmartHorse.API.Controllers.AuthController.Register (SmartHorse.API) in 56.3291ms
2026-07-03 18:13:53.975 +03:00 [INF] Executed endpoint 'SmartHorse.API.Controllers.AuthController.Register (SmartHorse.API)'
2026-07-03 18:13:53.978 +03:00 [ERR] HTTP POST /api/v1/auth/register responded 500 in 94.5567 ms
SmartHorse.Domain.Exceptions.ValidationException: One or more validation errors occurred.
   at SmartHorse.Application.Common.Behaviors.ValidationBehavior`2.Handle(TRequest request, RequestHandlerDelegate`1 next, CancellationToken cancellationToken) in D:\Graduation Project\SmartHorse.Backend\src\SmartHorse.Application\Common\Behaviors\ValidationBehavior.cs:line 51
   at SmartHorse.API.Controllers.AuthController.Register(RegisterCommand command, CancellationToken cancellationToken) in D:\Graduation Project\SmartHorse.Backend\src\SmartHorse.API\Controllers\AuthController.cs:line 53
   at lambda_method109(Closure, Object)
   at Microsoft.AspNetCore.Mvc.Infrastructure.ActionMethodExecutor.AwaitableObjectResultExecutor.Execute(ActionContext actionContext, IActionResultTypeMapper mapper, ObjectMethodExecutor executor, Object controller, Object[] arguments)
   at Microsoft.AspNetCore.Mvc.Infrastructure.ControllerActionInvoker.<InvokeActionMethodAsync>g__Awaited|12_0(ControllerActionInvoker invoker, ValueTask`1 actionResultValueTask)
   at Microsoft.AspNetCore.Mvc.Infrastructure.ControllerActionInvoker.<InvokeNextActionFilterAsync>g__Awaited|10_0(ControllerActionInvoker invoker, Task lastTask, State next, Scope scope, Object state, Boolean isCompleted)
   at Microsoft.AspNetCore.Mvc.Infrastructure.ControllerActionInvoker.Rethrow(ActionExecutedContextSealed context)
   at Microsoft.AspNetCore.Mvc.Infrastructure.ControllerActionInvoker.Next(State& next, Scope& scope, Object& state, Boolean& isCompleted)
   at Microsoft.AspNetCore.Mvc.Infrastructure.ControllerActionInvoker.InvokeInnerFilterAsync()
--- End of stack trace from previous location ---
   at Microsoft.AspNetCore.Mvc.Infrastructure.ResourceInvoker.<InvokeFilterPipelineAsync>g__Awaited|20_0(ResourceInvoker invoker, Task lastTask, State next, Scope scope, Object state, Boolean isCompleted)
   at Microsoft.AspNetCore.Mvc.Infrastructure.ResourceInvoker.<InvokeAsync>g__Logged|17_1(ResourceInvoker invoker)
   at Microsoft.AspNetCore.Mvc.Infrastructure.ResourceInvoker.<InvokeAsync>g__Logged|17_1(ResourceInvoker invoker)
   at Microsoft.AspNetCore.Routing.EndpointMiddleware.<Invoke>g__AwaitRequestTask|7_0(Endpoint endpoint, Task requestTask, ILogger logger)
   at Microsoft.AspNetCore.Authorization.AuthorizationMiddleware.Invoke(HttpContext context)
   at Microsoft.AspNetCore.Authentication.AuthenticationMiddleware.Invoke(HttpContext context)
   at Microsoft.AspNetCore.RateLimiting.RateLimitingMiddleware.InvokeInternal(HttpContext context, EnableRateLimitingAttribute enableRateLimitingAttribute)
   at Swashbuckle.AspNetCore.SwaggerUI.SwaggerUIMiddleware.Invoke(HttpContext httpContext)
   at Swashbuckle.AspNetCore.Swagger.SwaggerMiddleware.Invoke(HttpContext httpContext, ISwaggerProvider swaggerProvider)
   at Serilog.AspNetCore.RequestLoggingMiddleware.Invoke(HttpContext httpContext)
2026-07-03 18:13:53.995 +03:00 [WRN] ValidationException handled for POST /api/v1/auth/register: One or more validation errors occurred.
2026-07-03 18:13:53.998 +03:00 [INF] Request finished HTTP/2 POST https://localhost:7080/api/v1/auth/register - 400 null application/problem+json 124.2004ms
2026-07-03 18:14:04.629 +03:00 [INF] Request starting HTTP/2 GET https://localhost:7080/ - null null
2026-07-03 18:14:04.636 +03:00 [DBG] No candidates found for the request path '/'
2026-07-03 18:14:04.639 +03:00 [DBG] Request did not match any endpoints
2026-07-03 18:14:04.642 +03:00 [DBG] The request path  does not match the path filter
2026-07-03 18:14:04.644 +03:00 [DBG] The request path / does not match a supported file type
2026-07-03 18:14:04.646 +03:00 [DBG] AuthenticationScheme: Bearer was not authenticated.
2026-07-03 18:14:04.648 +03:00 [INF] HTTP GET / responded 404 in 6.5004 ms
2026-07-03 18:14:04.651 +03:00 [INF] Request finished HTTP/2 GET https://localhost:7080/ - 404 0 null 22.5457ms
2026-07-03 18:14:04.661 +03:00 [INF] Request reached the end of the middleware pipeline without being handled by application code. Request path: GET https://localhost:7080/, Response status code: 404
2026-07-03 18:14:05.742 +03:00 [INF] Request starting HTTP/2 GET https://localhost:7080/ - null null
2026-07-03 18:14:05.749 +03:00 [DBG] No candidates found for the request path '/'
2026-07-03 18:14:05.752 +03:00 [DBG] Request did not match any endpoints
2026-07-03 18:14:05.754 +03:00 [DBG] The request path  does not match the path filter
2026-07-03 18:14:05.756 +03:00 [DBG] The request path / does not match a supported file type
2026-07-03 18:14:05.759 +03:00 [DBG] AuthenticationScheme: Bearer was not authenticated.
2026-07-03 18:14:05.761 +03:00 [INF] HTTP GET / responded 404 in 6.6899 ms
2026-07-03 18:14:05.764 +03:00 [INF] Request finished HTTP/2 GET https://localhost:7080/ - 404 0 null 21.4043ms
2026-07-03 18:14:05.769 +03:00 [INF] Request reached the end of the middleware pipeline without being handled by application code. Request path: GET https://localhost:7080/, Response status code: 404
2026-07-03 18:14:49.300 +03:00 [DBG] Connection id "0HNMP2G15NNAA" accepted.
2026-07-03 18:14:49.302 +03:00 [DBG] Connection id "0HNMP2G15NNAA" started.
2026-07-03 18:14:49.362 +03:00 [DBG] Connection 0HNMP2G15NNAA established using the following protocol: "Tls13"
2026-07-03 18:14:49.365 +03:00 [INF] Request starting HTTP/2 GET https://localhost:7080/ - null null
2026-07-03 18:14:49.370 +03:00 [DBG] No candidates found for the request path '/'
2026-07-03 18:14:49.372 +03:00 [DBG] Request did not match any endpoints
2026-07-03 18:14:49.373 +03:00 [DBG] The request path  does not match the path filter
2026-07-03 18:14:49.375 +03:00 [DBG] The request path / does not match a supported file type
2026-07-03 18:14:49.377 +03:00 [DBG] AuthenticationScheme: Bearer was not authenticated.
2026-07-03 18:14:49.379 +03:00 [INF] HTTP GET / responded 404 in 5.7436 ms
2026-07-03 18:14:49.382 +03:00 [INF] Request finished HTTP/2 GET https://localhost:7080/ - 404 0 null 17.1132ms
2026-07-03 18:14:49.389 +03:00 [INF] Request reached the end of the middleware pipeline without being handled by application code. Request path: GET https://localhost:7080/, Response status code: 404
2026-07-03 18:14:51.076 +03:00 [INF] Request starting HTTP/2 GET https://localhost:7080/ - null null
2026-07-03 18:14:51.080 +03:00 [DBG] No candidates found for the request path '/'
2026-07-03 18:14:51.082 +03:00 [DBG] Request did not match any endpoints
2026-07-03 18:14:51.083 +03:00 [DBG] The request path  does not match the path filter
2026-07-03 18:14:51.085 +03:00 [DBG] The request path / does not match a supported file type
2026-07-03 18:14:51.087 +03:00 [DBG] AuthenticationScheme: Bearer was not authenticated.
2026-07-03 18:14:51.089 +03:00 [INF] HTTP GET / responded 404 in 5.9120 ms
2026-07-03 18:14:51.093 +03:00 [INF] Request finished HTTP/2 GET https://localhost:7080/ - 404 0 null 16.665ms
2026-07-03 18:14:51.097 +03:00 [INF] Request reached the end of the middleware pipeline without being handled by application code. Request path: GET https://localhost:7080/, Response status code: 404
2026-07-03 18:14:51.763 +03:00 [INF] Request starting HTTP/2 GET https://localhost:7080/ - null null
2026-07-03 18:14:51.767 +03:00 [DBG] No candidates found for the request path '/'
2026-07-03 18:14:51.769 +03:00 [DBG] Request did not match any endpoints
2026-07-03 18:14:51.770 +03:00 [DBG] The request path  does not match the path filter
2026-07-03 18:14:51.772 +03:00 [DBG] The request path / does not match a supported file type
2026-07-03 18:14:51.774 +03:00 [DBG] AuthenticationScheme: Bearer was not authenticated.
2026-07-03 18:14:51.776 +03:00 [INF] HTTP GET / responded 404 in 5.8050 ms
2026-07-03 18:14:51.779 +03:00 [INF] Request finished HTTP/2 GET https://localhost:7080/ - 404 0 null 15.9668ms
2026-07-03 18:14:51.785 +03:00 [INF] Request reached the end of the middleware pipeline without being handled by application code. Request path: GET https://localhost:7080/, Response status code: 404
2026-07-03 18:14:52.073 +03:00 [INF] Request starting HTTP/2 GET https://localhost:7080/ - null null
2026-07-03 18:14:52.079 +03:00 [DBG] No candidates found for the request path '/'
2026-07-03 18:14:52.081 +03:00 [DBG] Request did not match any endpoints
2026-07-03 18:14:52.083 +03:00 [DBG] The request path  does not match the path filter
2026-07-03 18:14:52.084 +03:00 [DBG] The request path / does not match a supported file type
2026-07-03 18:14:52.087 +03:00 [DBG] AuthenticationScheme: Bearer was not authenticated.
2026-07-03 18:14:52.089 +03:00 [INF] HTTP GET / responded 404 in 6.6934 ms
2026-07-03 18:14:52.093 +03:00 [INF] Request finished HTTP/2 GET https://localhost:7080/ - 404 0 null 20.5474ms
2026-07-03 18:14:52.099 +03:00 [INF] Request reached the end of the middleware pipeline without being handled by application code. Request path: GET https://localhost:7080/, Response status code: 404
2026-07-03 18:14:52.372 +03:00 [INF] Request starting HTTP/2 GET https://localhost:7080/ - null null
2026-07-03 18:14:52.380 +03:00 [DBG] No candidates found for the request path '/'
2026-07-03 18:14:52.382 +03:00 [DBG] Request did not match any endpoints
2026-07-03 18:14:52.385 +03:00 [DBG] The request path  does not match the path filter
2026-07-03 18:14:52.387 +03:00 [DBG] The request path / does not match a supported file type
2026-07-03 18:14:52.391 +03:00 [DBG] AuthenticationScheme: Bearer was not authenticated.
2026-07-03 18:14:52.394 +03:00 [INF] HTTP GET / responded 404 in 8.6417 ms
2026-07-03 18:14:52.398 +03:00 [INF] Request finished HTTP/2 GET https://localhost:7080/ - 404 0 null 26.3767ms
2026-07-03 18:14:52.404 +03:00 [INF] Request reached the end of the middleware pipeline without being handled by application code. Request path: GET https://localhost:7080/, Response status code: 404
2026-07-03 18:14:52.725 +03:00 [INF] Request starting HTTP/2 GET https://localhost:7080/ - null null
2026-07-03 18:14:52.729 +03:00 [DBG] No candidates found for the request path '/'
2026-07-03 18:14:52.730 +03:00 [DBG] Request did not match any endpoints
2026-07-03 18:14:52.731 +03:00 [DBG] The request path  does not match the path filter
2026-07-03 18:14:52.733 +03:00 [DBG] The request path / does not match a supported file type
2026-07-03 18:14:52.735 +03:00 [DBG] AuthenticationScheme: Bearer was not authenticated.
2026-07-03 18:14:52.737 +03:00 [INF] HTTP GET / responded 404 in 5.6377 ms
2026-07-03 18:14:52.741 +03:00 [INF] Request finished HTTP/2 GET https://localhost:7080/ - 404 0 null 16.1477ms
2026-07-03 18:14:52.746 +03:00 [INF] Request reached the end of the middleware pipeline without being handled by application code. Request path: GET https://localhost:7080/, Response status code: 404
2026-07-03 18:15:04.918 +03:00 [INF] Request starting HTTP/2 GET https://localhost:7080/ - null null
2026-07-03 18:15:04.925 +03:00 [DBG] No candidates found for the request path '/'
2026-07-03 18:15:04.928 +03:00 [DBG] Request did not match any endpoints
2026-07-03 18:15:04.930 +03:00 [DBG] The request path  does not match the path filter
2026-07-03 18:15:04.932 +03:00 [DBG] The request path / does not match a supported file type
2026-07-03 18:15:04.934 +03:00 [DBG] AuthenticationScheme: Bearer was not authenticated.
2026-07-03 18:15:04.936 +03:00 [INF] HTTP GET / responded 404 in 6.2501 ms
2026-07-03 18:15:04.939 +03:00 [INF] Request finished HTTP/2 GET https://localhost:7080/ - 404 0 null 20.721ms
2026-07-03 18:15:04.944 +03:00 [INF] Request reached the end of the middleware pipeline without being handled by application code. Request path: GET https://localhost:7080/, Response status code: 404
2026-07-03 18:15:05.135 +03:00 [INF] Request starting HTTP/2 GET https://localhost:7080/ - null null
2026-07-03 18:15:05.142 +03:00 [DBG] No candidates found for the request path '/'
2026-07-03 18:15:05.144 +03:00 [DBG] Request did not match any endpoints
2026-07-03 18:15:05.146 +03:00 [DBG] The request path  does not match the path filter
2026-07-03 18:15:05.148 +03:00 [DBG] The request path / does not match a supported file type
2026-07-03 18:15:05.150 +03:00 [DBG] AuthenticationScheme: Bearer was not authenticated.
2026-07-03 18:15:05.152 +03:00 [INF] HTTP GET / responded 404 in 6.1789 ms
2026-07-03 18:15:05.155 +03:00 [INF] Request finished HTTP/2 GET https://localhost:7080/ - 404 0 null 20.1776ms
2026-07-03 18:15:05.161 +03:00 [INF] Request reached the end of the middleware pipeline without being handled by application code. Request path: GET https://localhost:7080/, Response status code: 404
2026-07-03 18:15:20.946 +03:00 [DBG] Connection id "0HNMP2G15NNAB" accepted.
2026-07-03 18:15:20.947 +03:00 [DBG] Connection id "0HNMP2G15NNAB" started.
2026-07-03 18:15:20.955 +03:00 [INF] Request starting HTTP/1.1 GET http://localhost:5080/ - null null
2026-07-03 18:15:20.960 +03:00 [DBG] No candidates found for the request path '/'
2026-07-03 18:15:20.961 +03:00 [DBG] Connection id "0HNMP2G15NNAC" accepted.
2026-07-03 18:15:20.961 +03:00 [DBG] Request did not match any endpoints
2026-07-03 18:15:20.963 +03:00 [DBG] Connection id "0HNMP2G15NNAC" started.
2026-07-03 18:15:20.964 +03:00 [DBG] The request path  does not match the path filter
2026-07-03 18:15:20.968 +03:00 [DBG] Redirecting to 'https://localhost:7080/'.
2026-07-03 18:15:20.970 +03:00 [INF] HTTP GET / responded 307 in 5.9723 ms
2026-07-03 18:15:20.973 +03:00 [DBG] Connection id "0HNMP2G15NNAB" completed keep alive response.
2026-07-03 18:15:20.975 +03:00 [INF] Request finished HTTP/1.1 GET http://localhost:5080/ - 307 0 null 20.5633ms
2026-07-03 18:15:20.979 +03:00 [INF] Request starting HTTP/2 GET https://localhost:7080/ - null null
2026-07-03 18:15:20.984 +03:00 [DBG] No candidates found for the request path '/'
2026-07-03 18:15:20.986 +03:00 [DBG] Request did not match any endpoints
2026-07-03 18:15:20.989 +03:00 [DBG] The request path  does not match the path filter
2026-07-03 18:15:20.991 +03:00 [DBG] The request path / does not match a supported file type
2026-07-03 18:15:20.994 +03:00 [DBG] AuthenticationScheme: Bearer was not authenticated.
2026-07-03 18:15:20.996 +03:00 [INF] HTTP GET / responded 404 in 7.6524 ms
2026-07-03 18:15:21.001 +03:00 [INF] Request finished HTTP/2 GET https://localhost:7080/ - 404 0 null 22.2946ms
2026-07-03 18:15:21.008 +03:00 [INF] Request reached the end of the middleware pipeline without being handled by application code. Request path: GET https://localhost:7080/, Response status code: 404
2026-07-03 18:17:01.550 +03:00 [DBG] Connection id "0HNMP2G15NNAC" received FIN.
2026-07-03 18:17:01.557 +03:00 [DBG] Connection id "0HNMP2G15NNAC" disconnecting.
2026-07-03 18:17:01.562 +03:00 [DBG] Connection id "0HNMP2G15NNAC" sending FIN because: "The Socket transport's send loop completed gracefully."
2026-07-03 18:17:01.572 +03:00 [DBG] Connection id "0HNMP2G15NNAC" stopped.
2026-07-03 18:17:04.164 +03:00 [DBG] Connection id "0HNMP2G15NNAA" is closing.
2026-07-03 18:17:04.169 +03:00 [DBG] Connection id "0HNMP2G15NNAA" is closed. The last processed stream ID was 11.
2026-07-03 18:17:04.178 +03:00 [DBG] Connection id "0HNMP2G15NNAA" received FIN.
2026-07-03 18:17:04.179 +03:00 [DBG] The connection queue processing loop for 0HNMP2G15NNAA completed.
2026-07-03 18:17:04.185 +03:00 [DBG] Connection id "0HNMP2G15NNAA" sending FIN because: "The Socket transport's send loop completed gracefully."
2026-07-03 18:17:04.200 +03:00 [DBG] Connection id "0HNMP2G15NNAA" stopped.
2026-07-03 18:17:32.177 +03:00 [DBG] Connection id "0HNMP2G15NNA9" is closing.
2026-07-03 18:17:32.179 +03:00 [DBG] Connection id "0HNMP2G15NNAB" disconnecting.
2026-07-03 18:17:32.183 +03:00 [DBG] Connection id "0HNMP2G15NNA9" is closed. The last processed stream ID was 15.
2026-07-03 18:17:32.188 +03:00 [DBG] Connection id "0HNMP2G15NNAB" stopped.
2026-07-03 18:17:32.197 +03:00 [DBG] The connection queue processing loop for 0HNMP2G15NNA9 completed.
2026-07-03 18:17:32.198 +03:00 [DBG] Connection id "0HNMP2G15NNA9" received FIN.
2026-07-03 18:17:32.201 +03:00 [DBG] Connection id "0HNMP2G15NNAB" sending FIN because: "The Socket transport's send loop completed gracefully."
2026-07-03 18:17:32.207 +03:00 [DBG] Connection id "0HNMP2G15NNA9" stopped.
2026-07-03 18:17:32.224 +03:00 [DBG] Connection id "0HNMP2G15NNA9" sending FIN because: "The Socket transport's send loop completed gracefully."
